!Sample_title,!Sample_geo_accession,!Sample_status,!Sample_submission_date,!Sample_last_update_date,!Sample_type,!Sample_channel_count,!Sample_source_name_ch1,!Sample_organism_ch1,tissue,biopsy,age,Sex,fibrosis stage,nafld activity score,pls-nafld-based risk prediction at 1st biopsy,!Sample_molecule_ch1,!Sample_extract_protocol_ch1,!Sample_taxid_ch1,!Sample_description,!Sample_data_processing,!Sample_platform_id,!Sample_contact_name,!Sample_contact_institute,!Sample_contact_address,!Sample_contact_city,!Sample_contact_state,!Sample_contact_zip/postal_code,!Sample_contact_country,!Sample_data_row_count,!Sample_instrument_model,!Sample_library_selection,!Sample_library_source,!Sample_library_strategy,!Sample_relation,!Sample_supplementary_file_1
HUnafld001,GSM5772501,Public on Jul 01 2022,Jan 05 2022,Jul 01 2022,SRA,1,HUnafld001,Homo sapiens,Liver,1st biopsy,46,female,0,5,low-risk,total RNA,"Truseq RNA Exome kit (Illumina, CA) following manufacturer’s protocol.",9606,NASH.HUn164.gct,Supplementary_files_format_and_content: .gct file format (tab-delimited text) including normalized gene expression levels normalized within 106 1st biopsy tissues (NAFLD.HUn106.gct) and within the 58 high-risk patients with paired biopsy tissues (NAFLD.HUn164.gct).,GPL18573,"Yujin,,Hoshida",University of Texas Southwestern Medical Center,5323 Harry Hines Blvd,Dallas,TX,75390,USA,0,Illumina NextSeq 500,cDNA,transcriptomic,RNA-Seq,SRA: https://www.ncbi.nlm.nih.gov/sra?term=SRX13614022,NONE
HUnafld002,GSM5772502,Public on Jul 01 2022,Jan 05 2022,Jul 01 2022,SRA,1,HUnafld002,Homo sapiens,Liver,1st biopsy,43,male,1,2,high-risk,total RNA,"Truseq RNA Exome kit (Illumina, CA) following manufacturer’s protocol.",9606,NASH.HUn164.gct,Supplementary_files_format_and_content: .gct file format (tab-delimited text) including normalized gene expression levels normalized within 106 1st biopsy tissues (NAFLD.HUn106.gct) and within the 58 high-risk patients with paired biopsy tissues (NAFLD.HUn164.gct).,GPL18573,"Yujin,,Hoshida",University of Texas Southwestern Medical Center,5323 Harry Hines Blvd,Dallas,TX,75390,USA,0,Illumina NextSeq 500,cDNA,transcriptomic,RNA-Seq,SRA: https://www.ncbi.nlm.nih.gov/sra?term=SRX13614023,NONE
HUnafld003,GSM5772503,Public on Jul 01 2022,Jan 05 2022,Jul 01 2022,SRA,1,HUnafld003,Homo sapiens,Liver,1st biopsy,65,male,0,3,high-risk,total RNA,"Truseq RNA Exome kit (Illumina, CA) following manufacturer’s protocol.",9606,NASH.HUn164.gct,Supplementary_files_format_and_content: .gct file format (tab-delimited text) including normalized gene expression levels normalized within 106 1st biopsy tissues (NAFLD.HUn106.gct) and within the 58 high-risk patients with paired biopsy tissues (NAFLD.HUn164.gct).,GPL18573,"Yujin,,Hoshida",University of Texas Southwestern Medical Center,5323 Harry Hines Blvd,Dallas,TX,75390,USA,0,Illumina NextSeq 500,cDNA,transcriptomic,RNA-Seq,SRA: https://www.ncbi.nlm.nih.gov/sra?term=SRX13614024,NONE
HUnafld004,GSM5772504,Public on Jul 01 2022,Jan 05 2022,Jul 01 2022,SRA,1,HUnafld004,Homo sapiens,Liver,1st biopsy,55,male,1,5,high-risk,total RNA,"Truseq RNA Exome kit (Illumina, CA) following manufacturer’s protocol.",9606,NASH.HUn164.gct,Supplementary_files_format_and_content: .gct file format (tab-delimited text) including normalized gene expression levels normalized within 106 1st biopsy tissues (NAFLD.HUn106.gct) and within the 58 high-risk patients with paired biopsy tissues (NAFLD.HUn164.gct).,GPL18573,"Yujin,,Hoshida",University of Texas Southwestern Medical Center,5323 Harry Hines Blvd,Dallas,TX,75390,USA,0,Illumina NextSeq 500,cDNA,transcriptomic,RNA-Seq,SRA: https://www.ncbi.nlm.nih.gov/sra?term=SRX13614025,NONE
HUnafld005,GSM5772505,Public on Jul 01 2022,Jan 05 2022,Jul 01 2022,SRA,1,HUnafld005,Homo sapiens,Liver,1st biopsy,20,male,1,6,low-risk,total RNA,"Truseq RNA Exome kit (Illumina, CA) following manufacturer’s protocol.",9606,NASH.HUn164.gct,Supplementary_files_format_and_content: .gct file format (tab-delimited text) including normalized gene expression levels normalized within 106 1st biopsy tissues (NAFLD.HUn106.gct) and within the 58 high-risk patients with paired biopsy tissues (NAFLD.HUn164.gct).,GPL18573,"Yujin,,Hoshida",University of Texas Southwestern Medical Center,5323 Harry Hines Blvd,Dallas,TX,75390,USA,0,Illumina NextSeq 500,cDNA,transcriptomic,RNA-Seq,SRA: https://www.ncbi.nlm.nih.gov/sra?term=SRX13614026,NONE
HUnafld006,GSM5772506,Public on Jul 01 2022,Jan 05 2022,Jul 01 2022,SRA,1,HUnafld006,Homo sapiens,Liver,1st biopsy,44,male,1,3,high-risk,total RNA,"Truseq RNA Exome kit (Illumina, CA) following manufacturer’s protocol.",9606,NASH.HUn164.gct,Supplementary_files_format_and_content: .gct file format (tab-delimited text) including normalized gene expression levels normalized within 106 1st biopsy tissues (NAFLD.HUn106.gct) and within the 58 high-risk patients with paired biopsy tissues (NAFLD.HUn164.gct).,GPL18573,"Yujin,,Hoshida",University of Texas Southwestern Medical Center,5323 Harry Hines Blvd,Dallas,TX,75390,USA,0,Illumina NextSeq 500,cDNA,transcriptomic,RNA-Seq,SRA: https://www.ncbi.nlm.nih.gov/sra?term=SRX13614027,NONE
HUnafld007,GSM5772507,Public on Jul 01 2022,Jan 05 2022,Jul 01 2022,SRA,1,HUnafld007,Homo sapiens,Liver,1st biopsy,31,male,1,5,low-risk,total RNA,"Truseq RNA Exome kit (Illumina, CA) following manufacturer’s protocol.",9606,NASH.HUn164.gct,Supplementary_files_format_and_content: .gct file format (tab-delimited text) including normalized gene expression levels normalized within 106 1st biopsy tissues (NAFLD.HUn106.gct) and within the 58 high-risk patients with paired biopsy tissues (NAFLD.HUn164.gct).,GPL18573,"Yujin,,Hoshida",University of Texas Southwestern Medical Center,5323 Harry Hines Blvd,Dallas,TX,75390,USA,0,Illumina NextSeq 500,cDNA,transcriptomic,RNA-Seq,SRA: https://www.ncbi.nlm.nih.gov/sra?term=SRX13614028,NONE
HUnafld008,GSM5772508,Public on Jul 01 2022,Jan 05 2022,Jul 01 2022,SRA,1,HUnafld008,Homo sapiens,Liver,1st biopsy,48,male,0,6,low-risk,total RNA,"Truseq RNA Exome kit (Illumina, CA) following manufacturer’s protocol.",9606,NASH.HUn164.gct,Supplementary_files_format_and_content: .gct file format (tab-delimited text) including normalized gene expression levels normalized within 106 1st biopsy tissues (NAFLD.HUn106.gct) and within the 58 high-risk patients with paired biopsy tissues (NAFLD.HUn164.gct).,GPL18573,"Yujin,,Hoshida",University of Texas Southwestern Medical Center,5323 Harry Hines Blvd,Dallas,TX,75390,USA,0,Illumina NextSeq 500,cDNA,transcriptomic,RNA-Seq,SRA: https://www.ncbi.nlm.nih.gov/sra?term=SRX13614029,NONE
HUnafld009,GSM5772509,Public on Jul 01 2022,Jan 05 2022,Jul 01 2022,SRA,1,HUnafld009,Homo sapiens,Liver,1st biopsy,62,male,1,2,low-risk,total RNA,"Truseq RNA Exome kit (Illumina, CA) following manufacturer’s protocol.",9606,NASH.HUn164.gct,Supplementary_files_format_and_content: .gct file format (tab-delimited text) including normalized gene expression levels normalized within 106 1st biopsy tissues (NAFLD.HUn106.gct) and within the 58 high-risk patients with paired biopsy tissues (NAFLD.HUn164.gct).,GPL18573,"Yujin,,Hoshida",University of Texas Southwestern Medical Center,5323 Harry Hines Blvd,Dallas,TX,75390,USA,0,Illumina NextSeq 500,cDNA,transcriptomic,RNA-Seq,SRA: https://www.ncbi.nlm.nih.gov/sra?term=SRX13614030,NONE
HUnafld010,GSM5772510,Public on Jul 01 2022,Jan 05 2022,Jul 01 2022,SRA,1,HUnafld010,Homo sapiens,Liver,1st biopsy,74,male,1,3,low-risk,total RNA,"Truseq RNA Exome kit (Illumina, CA) following manufacturer’s protocol.",9606,NASH.HUn164.gct,Supplementary_files_format_and_content: .gct file format (tab-delimited text) including normalized gene expression levels normalized within 106 1st biopsy tissues (NAFLD.HUn106.gct) and within the 58 high-risk patients with paired biopsy tissues (NAFLD.HUn164.gct).,GPL18573,"Yujin,,Hoshida",University of Texas Southwestern Medical Center,5323 Harry Hines Blvd,Dallas,TX,75390,USA,0,Illumina NextSeq 500,cDNA,transcriptomic,RNA-Seq,SRA: https://www.ncbi.nlm.nih.gov/sra?term=SRX13614031,NONE
HUnafld011,GSM5772511,Public on Jul 01 2022,Jan 05 2022,Jul 01 2022,SRA,1,HUnafld011,Homo sapiens,Liver,1st biopsy,71,male,0,3,high-risk,total RNA,"Truseq RNA Exome kit (Illumina, CA) following manufacturer’s protocol.",9606,NASH.HUn164.gct,Supplementary_files_format_and_content: .gct file format (tab-delimited text) including normalized gene expression levels normalized within 106 1st biopsy tissues (NAFLD.HUn106.gct) and within the 58 high-risk patients with paired biopsy tissues (NAFLD.HUn164.gct).,GPL18573,"Yujin,,Hoshida",University of Texas Southwestern Medical Center,5323 Harry Hines Blvd,Dallas,TX,75390,USA,0,Illumina NextSeq 500,cDNA,transcriptomic,RNA-Seq,SRA: https://www.ncbi.nlm.nih.gov/sra?term=SRX13614032,NONE
HUnafld012,GSM5772512,Public on Jul 01 2022,Jan 05 2022,Jul 01 2022,SRA,1,HUnafld012,Homo sapiens,Liver,1st biopsy,32,male,0,5,low-risk,total RNA,"Truseq RNA Exome kit (Illumina, CA) following manufacturer’s protocol.",9606,NASH.HUn164.gct,Supplementary_files_format_and_content: .gct file format (tab-delimited text) including normalized gene expression levels normalized within 106 1st biopsy tissues (NAFLD.HUn106.gct) and within the 58 high-risk patients with paired biopsy tissues (NAFLD.HUn164.gct).,GPL18573,"Yujin,,Hoshida",University of Texas Southwestern Medical Center,5323 Harry Hines Blvd,Dallas,TX,75390,USA,0,Illumina NextSeq 500,cDNA,transcriptomic,RNA-Seq,SRA: https://www.ncbi.nlm.nih.gov/sra?term=SRX13614033,NONE
HUnafld013,GSM5772513,Public on Jul 01 2022,Jan 05 2022,Jul 01 2022,SRA,1,HUnafld013,Homo sapiens,Liver,1st biopsy,59,male,0,1,low-risk,total RNA,"Truseq RNA Exome kit (Illumina, CA) following manufacturer’s protocol.",9606,NASH.HUn164.gct,Supplementary_files_format_and_content: .gct file format (tab-delimited text) including normalized gene expression levels normalized within 106 1st biopsy tissues (NAFLD.HUn106.gct) and within the 58 high-risk patients with paired biopsy tissues (NAFLD.HUn164.gct).,GPL18573,"Yujin,,Hoshida",University of Texas Southwestern Medical Center,5323 Harry Hines Blvd,Dallas,TX,75390,USA,0,Illumina NextSeq 500,cDNA,transcriptomic,RNA-Seq,SRA: https://www.ncbi.nlm.nih.gov/sra?term=SRX13614034,NONE
HUnafld015,GSM5772514,Public on Jul 01 2022,Jan 05 2022,Jul 01 2022,SRA,1,HUnafld015,Homo sapiens,Liver,1st biopsy,40,female,1,6,low-risk,total RNA,"Truseq RNA Exome kit (Illumina, CA) following manufacturer’s protocol.",9606,NASH.HUn164.gct,Supplementary_files_format_and_content: .gct file format (tab-delimited text) including normalized gene expression levels normalized within 106 1st biopsy tissues (NAFLD.HUn106.gct) and within the 58 high-risk patients with paired biopsy tissues (NAFLD.HUn164.gct).,GPL18573,"Yujin,,Hoshida",University of Texas Southwestern Medical Center,5323 Harry Hines Blvd,Dallas,TX,75390,USA,0,Illumina NextSeq 500,cDNA,transcriptomic,RNA-Seq,SRA: https://www.ncbi.nlm.nih.gov/sra?term=SRX13614035,NONE
HUnafld016,GSM5772515,Public on Jul 01 2022,Jan 05 2022,Jul 01 2022,SRA,1,HUnafld016,Homo sapiens,Liver,1st biopsy,47,male,1,4,low-risk,total RNA,"Truseq RNA Exome kit (Illumina, CA) following manufacturer’s protocol.",9606,NASH.HUn164.gct,Supplementary_files_format_and_content: .gct file format (tab-delimited text) including normalized gene expression levels normalized within 106 1st biopsy tissues (NAFLD.HUn106.gct) and within the 58 high-risk patients with paired biopsy tissues (NAFLD.HUn164.gct).,GPL18573,"Yujin,,Hoshida",University of Texas Southwestern Medical Center,5323 Harry Hines Blvd,Dallas,TX,75390,USA,0,Illumina NextSeq 500,cDNA,transcriptomic,RNA-Seq,SRA: https://www.ncbi.nlm.nih.gov/sra?term=SRX13614036,NONE
HUnafld017,GSM5772516,Public on Jul 01 2022,Jan 05 2022,Jul 01 2022,SRA,1,HUnafld017,Homo sapiens,Liver,1st biopsy,66,male,1,1,high-risk,total RNA,"Truseq RNA Exome kit (Illumina, CA) following manufacturer’s protocol.",9606,NASH.HUn164.gct,Supplementary_files_format_and_content: .gct file format (tab-delimited text) including normalized gene expression levels normalized within 106 1st biopsy tissues (NAFLD.HUn106.gct) and within the 58 high-risk patients with paired biopsy tissues (NAFLD.HUn164.gct).,GPL18573,"Yujin,,Hoshida",University of Texas Southwestern Medical Center,5323 Harry Hines Blvd,Dallas,TX,75390,USA,0,Illumina NextSeq 500,cDNA,transcriptomic,RNA-Seq,SRA: https://www.ncbi.nlm.nih.gov/sra?term=SRX13614037,NONE
HUnafld018,GSM5772517,Public on Jul 01 2022,Jan 05 2022,Jul 01 2022,SRA,1,HUnafld018,Homo sapiens,Liver,1st biopsy,41,male,1,3,low-risk,total RNA,"Truseq RNA Exome kit (Illumina, CA) following manufacturer’s protocol.",9606,NASH.HUn164.gct,Supplementary_files_format_and_content: .gct file format (tab-delimited text) including normalized gene expression levels normalized within 106 1st biopsy tissues (NAFLD.HUn106.gct) and within the 58 high-risk patients with paired biopsy tissues (NAFLD.HUn164.gct).,GPL18573,"Yujin,,Hoshida",University of Texas Southwestern Medical Center,5323 Harry Hines Blvd,Dallas,TX,75390,USA,0,Illumina NextSeq 500,cDNA,transcriptomic,RNA-Seq,SRA: https://www.ncbi.nlm.nih.gov/sra?term=SRX13614038,NONE
HUnafld019,GSM5772518,Public on Jul 01 2022,Jan 05 2022,Jul 01 2022,SRA,1,HUnafld019,Homo sapiens,Liver,1st biopsy,59,female,1,3,low-risk,total RNA,"Truseq RNA Exome kit (Illumina, CA) following manufacturer’s protocol.",9606,NASH.HUn164.gct,Supplementary_files_format_and_content: .gct file format (tab-delimited text) including normalized gene expression levels normalized within 106 1st biopsy tissues (NAFLD.HUn106.gct) and within the 58 high-risk patients with paired biopsy tissues (NAFLD.HUn164.gct).,GPL18573,"Yujin,,Hoshida",University of Texas Southwestern Medical Center,5323 Harry Hines Blvd,Dallas,TX,75390,USA,0,Illumina NextSeq 500,cDNA,transcriptomic,RNA-Seq,SRA: https://www.ncbi.nlm.nih.gov/sra?term=SRX13614039,NONE
HUnafld020,GSM5772519,Public on Jul 01 2022,Jan 05 2022,Jul 01 2022,SRA,1,HUnafld020,Homo sapiens,Liver,1st biopsy,31,male,1,6,high-risk,total RNA,"Truseq RNA Exome kit (Illumina, CA) following manufacturer’s protocol.",9606,NASH.HUn164.gct,Supplementary_files_format_and_content: .gct file format (tab-delimited text) including normalized gene expression levels normalized within 106 1st biopsy tissues (NAFLD.HUn106.gct) and within the 58 high-risk patients with paired biopsy tissues (NAFLD.HUn164.gct).,GPL18573,"Yujin,,Hoshida",University of Texas Southwestern Medical Center,5323 Harry Hines Blvd,Dallas,TX,75390,USA,0,Illumina NextSeq 500,cDNA,transcriptomic,RNA-Seq,SRA: https://www.ncbi.nlm.nih.gov/sra?term=SRX13614040,NONE
HUnafld021,GSM5772520,Public on Jul 01 2022,Jan 05 2022,Jul 01 2022,SRA,1,HUnafld021,Homo sapiens,Liver,1st biopsy,51,male,1,4,low-risk,total RNA,"Truseq RNA Exome kit (Illumina, CA) following manufacturer’s protocol.",9606,NASH.HUn164.gct,Supplementary_files_format_and_content: .gct file format (tab-delimited text) including normalized gene expression levels normalized within 106 1st biopsy tissues (NAFLD.HUn106.gct) and within the 58 high-risk patients with paired biopsy tissues (NAFLD.HUn164.gct).,GPL18573,"Yujin,,Hoshida",University of Texas Southwestern Medical Center,5323 Harry Hines Blvd,Dallas,TX,75390,USA,0,Illumina NextSeq 500,cDNA,transcriptomic,RNA-Seq,SRA: https://www.ncbi.nlm.nih.gov/sra?term=SRX13614041,NONE
HUnafld023,GSM5772521,Public on Jul 01 2022,Jan 05 2022,Jul 01 2022,SRA,1,HUnafld023,Homo sapiens,Liver,1st biopsy,31,male,1,4,low-risk,total RNA,"Truseq RNA Exome kit (Illumina, CA) following manufacturer’s protocol.",9606,NASH.HUn164.gct,Supplementary_files_format_and_content: .gct file format (tab-delimited text) including normalized gene expression levels normalized within 106 1st biopsy tissues (NAFLD.HUn106.gct) and within the 58 high-risk patients with paired biopsy tissues (NAFLD.HUn164.gct).,GPL18573,"Yujin,,Hoshida",University of Texas Southwestern Medical Center,5323 Harry Hines Blvd,Dallas,TX,75390,USA,0,Illumina NextSeq 500,cDNA,transcriptomic,RNA-Seq,SRA: https://www.ncbi.nlm.nih.gov/sra?term=SRX13614042,NONE
HUnafld024,GSM5772522,Public on Jul 01 2022,Jan 05 2022,Jul 01 2022,SRA,1,HUnafld024,Homo sapiens,Liver,1st biopsy,57,female,1,6,high-risk,total RNA,"Truseq RNA Exome kit (Illumina, CA) following manufacturer’s protocol.",9606,NASH.HUn164.gct,Supplementary_files_format_and_content: .gct file format (tab-delimited text) including normalized gene expression levels normalized within 106 1st biopsy tissues (NAFLD.HUn106.gct) and within the 58 high-risk patients with paired biopsy tissues (NAFLD.HUn164.gct).,GPL18573,"Yujin,,Hoshida",University of Texas Southwestern Medical Center,5323 Harry Hines Blvd,Dallas,TX,75390,USA,0,Illumina NextSeq 500,cDNA,transcriptomic,RNA-Seq,SRA: https://www.ncbi.nlm.nih.gov/sra?term=SRX13614043,NONE
HUnafld025,GSM5772523,Public on Jul 01 2022,Jan 05 2022,Jul 01 2022,SRA,1,HUnafld025,Homo sapiens,Liver,1st biopsy,54,female,1,3,low-risk,total RNA,"Truseq RNA Exome kit (Illumina, CA) following manufacturer’s protocol.",9606,NASH.HUn164.gct,Supplementary_files_format_and_content: .gct file format (tab-delimited text) including normalized gene expression levels normalized within 106 1st biopsy tissues (NAFLD.HUn106.gct) and within the 58 high-risk patients with paired biopsy tissues (NAFLD.HUn164.gct).,GPL18573,"Yujin,,Hoshida",University of Texas Southwestern Medical Center,5323 Harry Hines Blvd,Dallas,TX,75390,USA,0,Illumina NextSeq 500,cDNA,transcriptomic,RNA-Seq,SRA: https://www.ncbi.nlm.nih.gov/sra?term=SRX13614044,NONE
HUnafld026,GSM5772524,Public on Jul 01 2022,Jan 05 2022,Jul 01 2022,SRA,1,HUnafld026,Homo sapiens,Liver,1st biopsy,57,female,1,3,high-risk,total RNA,"Truseq RNA Exome kit (Illumina, CA) following manufacturer’s protocol.",9606,NASH.HUn164.gct,Supplementary_files_format_and_content: .gct file format (tab-delimited text) including normalized gene expression levels normalized within 106 1st biopsy tissues (NAFLD.HUn106.gct) and within the 58 high-risk patients with paired biopsy tissues (NAFLD.HUn164.gct).,GPL18573,"Yujin,,Hoshida",University of Texas Southwestern Medical Center,5323 Harry Hines Blvd,Dallas,TX,75390,USA,0,Illumina NextSeq 500,cDNA,transcriptomic,RNA-Seq,SRA: https://www.ncbi.nlm.nih.gov/sra?term=SRX13614045,NONE
HUnafld027,GSM5772525,Public on Jul 01 2022,Jan 05 2022,Jul 01 2022,SRA,1,HUnafld027,Homo sapiens,Liver,1st biopsy,63,male,1,3,high-risk,total RNA,"Truseq RNA Exome kit (Illumina, CA) following manufacturer’s protocol.",9606,NASH.HUn164.gct,Supplementary_files_format_and_content: .gct file format (tab-delimited text) including normalized gene expression levels normalized within 106 1st biopsy tissues (NAFLD.HUn106.gct) and within the 58 high-risk patients with paired biopsy tissues (NAFLD.HUn164.gct).,GPL18573,"Yujin,,Hoshida",University of Texas Southwestern Medical Center,5323 Harry Hines Blvd,Dallas,TX,75390,USA,0,Illumina NextSeq 500,cDNA,transcriptomic,RNA-Seq,SRA: https://www.ncbi.nlm.nih.gov/sra?term=SRX13614046,NONE
HUnafld029,GSM5772526,Public on Jul 01 2022,Jan 05 2022,Jul 01 2022,SRA,1,HUnafld029,Homo sapiens,Liver,1st biopsy,51,female,1,3,low-risk,total RNA,"Truseq RNA Exome kit (Illumina, CA) following manufacturer’s protocol.",9606,NASH.HUn164.gct,Supplementary_files_format_and_content: .gct file format (tab-delimited text) including normalized gene expression levels normalized within 106 1st biopsy tissues (NAFLD.HUn106.gct) and within the 58 high-risk patients with paired biopsy tissues (NAFLD.HUn164.gct).,GPL18573,"Yujin,,Hoshida",University of Texas Southwestern Medical Center,5323 Harry Hines Blvd,Dallas,TX,75390,USA,0,Illumina NextSeq 500,cDNA,transcriptomic,RNA-Seq,SRA: https://www.ncbi.nlm.nih.gov/sra?term=SRX13614047,NONE
HUnafld034,GSM5772527,Public on Jul 01 2022,Jan 05 2022,Jul 01 2022,SRA,1,HUnafld034,Homo sapiens,Liver,1st biopsy,62,female,2,5,low-risk,total RNA,"Truseq RNA Exome kit (Illumina, CA) following manufacturer’s protocol.",9606,NASH.HUn164.gct,Supplementary_files_format_and_content: .gct file format (tab-delimited text) including normalized gene expression levels normalized within 106 1st biopsy tissues (NAFLD.HUn106.gct) and within the 58 high-risk patients with paired biopsy tissues (NAFLD.HUn164.gct).,GPL18573,"Yujin,,Hoshida",University of Texas Southwestern Medical Center,5323 Harry Hines Blvd,Dallas,TX,75390,USA,0,Illumina NextSeq 500,cDNA,transcriptomic,RNA-Seq,SRA: https://www.ncbi.nlm.nih.gov/sra?term=SRX13614048,NONE
HUnafld035_1,GSM5772528,Public on Jul 01 2022,Jan 05 2022,Jul 01 2022,SRA,1,HUnafld035_1,Homo sapiens,Liver,1st biopsy,20,male,2,4,high-risk,total RNA,"Truseq RNA Exome kit (Illumina, CA) following manufacturer’s protocol.",9606,NASH.HUn164.gct,Supplementary_files_format_and_content: .gct file format (tab-delimited text) including normalized gene expression levels normalized within 106 1st biopsy tissues (NAFLD.HUn106.gct) and within the 58 high-risk patients with paired biopsy tissues (NAFLD.HUn164.gct).,GPL18573,"Yujin,,Hoshida",University of Texas Southwestern Medical Center,5323 Harry Hines Blvd,Dallas,TX,75390,USA,0,Illumina NextSeq 500,cDNA,transcriptomic,RNA-Seq,SRA: https://www.ncbi.nlm.nih.gov/sra?term=SRX13614049,NONE
HUnafld036,GSM5772529,Public on Jul 01 2022,Jan 05 2022,Jul 01 2022,SRA,1,HUnafld036,Homo sapiens,Liver,1st biopsy,39,male,3,4,low-risk,total RNA,"Truseq RNA Exome kit (Illumina, CA) following manufacturer’s protocol.",9606,NASH.HUn164.gct,Supplementary_files_format_and_content: .gct file format (tab-delimited text) including normalized gene expression levels normalized within 106 1st biopsy tissues (NAFLD.HUn106.gct) and within the 58 high-risk patients with paired biopsy tissues (NAFLD.HUn164.gct).,GPL18573,"Yujin,,Hoshida",University of Texas Southwestern Medical Center,5323 Harry Hines Blvd,Dallas,TX,75390,USA,0,Illumina NextSeq 500,cDNA,transcriptomic,RNA-Seq,SRA: https://www.ncbi.nlm.nih.gov/sra?term=SRX13614078,NONE
HUnafld037,GSM5772530,Public on Jul 01 2022,Jan 05 2022,Jul 01 2022,SRA,1,HUnafld037,Homo sapiens,Liver,1st biopsy,45,male,2,3,low-risk,total RNA,"Truseq RNA Exome kit (Illumina, CA) following manufacturer’s protocol.",9606,NASH.HUn164.gct,Supplementary_files_format_and_content: .gct file format (tab-delimited text) including normalized gene expression levels normalized within 106 1st biopsy tissues (NAFLD.HUn106.gct) and within the 58 high-risk patients with paired biopsy tissues (NAFLD.HUn164.gct).,GPL18573,"Yujin,,Hoshida",University of Texas Southwestern Medical Center,5323 Harry Hines Blvd,Dallas,TX,75390,USA,0,Illumina NextSeq 500,cDNA,transcriptomic,RNA-Seq,SRA: https://www.ncbi.nlm.nih.gov/sra?term=SRX13614079,NONE
HUnafld038_1,GSM5772531,Public on Jul 01 2022,Jan 05 2022,Jul 01 2022,SRA,1,HUnafld038_1,Homo sapiens,Liver,1st biopsy,42,male,2,6,high-risk,total RNA,"Truseq RNA Exome kit (Illumina, CA) following manufacturer’s protocol.",9606,NASH.HUn164.gct,Supplementary_files_format_and_content: .gct file format (tab-delimited text) including normalized gene expression levels normalized within 106 1st biopsy tissues (NAFLD.HUn106.gct) and within the 58 high-risk patients with paired biopsy tissues (NAFLD.HUn164.gct).,GPL18573,"Yujin,,Hoshida",University of Texas Southwestern Medical Center,5323 Harry Hines Blvd,Dallas,TX,75390,USA,0,Illumina NextSeq 500,cDNA,transcriptomic,RNA-Seq,SRA: https://www.ncbi.nlm.nih.gov/sra?term=SRX13614080,NONE
HUnafld039_1,GSM5772532,Public on Jul 01 2022,Jan 05 2022,Jul 01 2022,SRA,1,HUnafld039_1,Homo sapiens,Liver,1st biopsy,55,male,2,3,high-risk,total RNA,"Truseq RNA Exome kit (Illumina, CA) following manufacturer’s protocol.",9606,NASH.HUn164.gct,Supplementary_files_format_and_content: .gct file format (tab-delimited text) including normalized gene expression levels normalized within 106 1st biopsy tissues (NAFLD.HUn106.gct) and within the 58 high-risk patients with paired biopsy tissues (NAFLD.HUn164.gct).,GPL18573,"Yujin,,Hoshida",University of Texas Southwestern Medical Center,5323 Harry Hines Blvd,Dallas,TX,75390,USA,0,Illumina NextSeq 500,cDNA,transcriptomic,RNA-Seq,SRA: https://www.ncbi.nlm.nih.gov/sra?term=SRX13614081,NONE
HUnafld040,GSM5772533,Public on Jul 01 2022,Jan 05 2022,Jul 01 2022,SRA,1,HUnafld040,Homo sapiens,Liver,1st biopsy,55,female,2,3,low-risk,total RNA,"Truseq RNA Exome kit (Illumina, CA) following manufacturer’s protocol.",9606,NASH.HUn164.gct,Supplementary_files_format_and_content: .gct file format (tab-delimited text) including normalized gene expression levels normalized within 106 1st biopsy tissues (NAFLD.HUn106.gct) and within the 58 high-risk patients with paired biopsy tissues (NAFLD.HUn164.gct).,GPL18573,"Yujin,,Hoshida",University of Texas Southwestern Medical Center,5323 Harry Hines Blvd,Dallas,TX,75390,USA,0,Illumina NextSeq 500,cDNA,transcriptomic,RNA-Seq,SRA: https://www.ncbi.nlm.nih.gov/sra?term=SRX13614082,NONE
HUnafld041,GSM5772534,Public on Jul 01 2022,Jan 05 2022,Jul 01 2022,SRA,1,HUnafld041,Homo sapiens,Liver,1st biopsy,41,male,1,4,low-risk,total RNA,"Truseq RNA Exome kit (Illumina, CA) following manufacturer’s protocol.",9606,NASH.HUn164.gct,Supplementary_files_format_and_content: .gct file format (tab-delimited text) including normalized gene expression levels normalized within 106 1st biopsy tissues (NAFLD.HUn106.gct) and within the 58 high-risk patients with paired biopsy tissues (NAFLD.HUn164.gct).,GPL18573,"Yujin,,Hoshida",University of Texas Southwestern Medical Center,5323 Harry Hines Blvd,Dallas,TX,75390,USA,0,Illumina NextSeq 500,cDNA,transcriptomic,RNA-Seq,SRA: https://www.ncbi.nlm.nih.gov/sra?term=SRX13614083,NONE
HUnafld042,GSM5772535,Public on Jul 01 2022,Jan 05 2022,Jul 01 2022,SRA,1,HUnafld042,Homo sapiens,Liver,1st biopsy,62,male,2,3,low-risk,total RNA,"Truseq RNA Exome kit (Illumina, CA) following manufacturer’s protocol.",9606,NASH.HUn164.gct,Supplementary_files_format_and_content: .gct file format (tab-delimited text) including normalized gene expression levels normalized within 106 1st biopsy tissues (NAFLD.HUn106.gct) and within the 58 high-risk patients with paired biopsy tissues (NAFLD.HUn164.gct).,GPL18573,"Yujin,,Hoshida",University of Texas Southwestern Medical Center,5323 Harry Hines Blvd,Dallas,TX,75390,USA,0,Illumina NextSeq 500,cDNA,transcriptomic,RNA-Seq,SRA: https://www.ncbi.nlm.nih.gov/sra?term=SRX13614084,NONE
HUnafld043,GSM5772536,Public on Jul 01 2022,Jan 05 2022,Jul 01 2022,SRA,1,HUnafld043,Homo sapiens,Liver,1st biopsy,36,male,2,4,low-risk,total RNA,"Truseq RNA Exome kit (Illumina, CA) following manufacturer’s protocol.",9606,NASH.HUn164.gct,Supplementary_files_format_and_content: .gct file format (tab-delimited text) including normalized gene expression levels normalized within 106 1st biopsy tissues (NAFLD.HUn106.gct) and within the 58 high-risk patients with paired biopsy tissues (NAFLD.HUn164.gct).,GPL18573,"Yujin,,Hoshida",University of Texas Southwestern Medical Center,5323 Harry Hines Blvd,Dallas,TX,75390,USA,0,Illumina NextSeq 500,cDNA,transcriptomic,RNA-Seq,SRA: https://www.ncbi.nlm.nih.gov/sra?term=SRX13614085,NONE
HUnafld044,GSM5772537,Public on Jul 01 2022,Jan 05 2022,Jul 01 2022,SRA,1,HUnafld044,Homo sapiens,Liver,1st biopsy,42,male,2,3,low-risk,total RNA,"Truseq RNA Exome kit (Illumina, CA) following manufacturer’s protocol.",9606,NASH.HUn164.gct,Supplementary_files_format_and_content: .gct file format (tab-delimited text) including normalized gene expression levels normalized within 106 1st biopsy tissues (NAFLD.HUn106.gct) and within the 58 high-risk patients with paired biopsy tissues (NAFLD.HUn164.gct).,GPL18573,"Yujin,,Hoshida",University of Texas Southwestern Medical Center,5323 Harry Hines Blvd,Dallas,TX,75390,USA,0,Illumina NextSeq 500,cDNA,transcriptomic,RNA-Seq,SRA: https://www.ncbi.nlm.nih.gov/sra?term=SRX13614086,NONE
HUnafld045,GSM5772538,Public on Jul 01 2022,Jan 05 2022,Jul 01 2022,SRA,1,HUnafld045,Homo sapiens,Liver,1st biopsy,64,male,1,2,low-risk,total RNA,"Truseq RNA Exome kit (Illumina, CA) following manufacturer’s protocol.",9606,NASH.HUn164.gct,Supplementary_files_format_and_content: .gct file format (tab-delimited text) including normalized gene expression levels normalized within 106 1st biopsy tissues (NAFLD.HUn106.gct) and within the 58 high-risk patients with paired biopsy tissues (NAFLD.HUn164.gct).,GPL18573,"Yujin,,Hoshida",University of Texas Southwestern Medical Center,5323 Harry Hines Blvd,Dallas,TX,75390,USA,0,Illumina NextSeq 500,cDNA,transcriptomic,RNA-Seq,SRA: https://www.ncbi.nlm.nih.gov/sra?term=SRX13614087,NONE
HUnafld046_1,GSM5772539,Public on Jul 01 2022,Jan 05 2022,Jul 01 2022,SRA,1,HUnafld046_1,Homo sapiens,Liver,1st biopsy,63,female,2,3,high-risk,total RNA,"Truseq RNA Exome kit (Illumina, CA) following manufacturer’s protocol.",9606,NASH.HUn164.gct,Supplementary_files_format_and_content: .gct file format (tab-delimited text) including normalized gene expression levels normalized within 106 1st biopsy tissues (NAFLD.HUn106.gct) and within the 58 high-risk patients with paired biopsy tissues (NAFLD.HUn164.gct).,GPL18573,"Yujin,,Hoshida",University of Texas Southwestern Medical Center,5323 Harry Hines Blvd,Dallas,TX,75390,USA,0,Illumina NextSeq 500,cDNA,transcriptomic,RNA-Seq,SRA: https://www.ncbi.nlm.nih.gov/sra?term=SRX13614088,NONE
HUnafld047_1,GSM5772540,Public on Jul 01 2022,Jan 05 2022,Jul 01 2022,SRA,1,HUnafld047_1,Homo sapiens,Liver,1st biopsy,50,male,1,5,high-risk,total RNA,"Truseq RNA Exome kit (Illumina, CA) following manufacturer’s protocol.",9606,NASH.HUn164.gct,Supplementary_files_format_and_content: .gct file format (tab-delimited text) including normalized gene expression levels normalized within 106 1st biopsy tissues (NAFLD.HUn106.gct) and within the 58 high-risk patients with paired biopsy tissues (NAFLD.HUn164.gct).,GPL18573,"Yujin,,Hoshida",University of Texas Southwestern Medical Center,5323 Harry Hines Blvd,Dallas,TX,75390,USA,0,Illumina NextSeq 500,cDNA,transcriptomic,RNA-Seq,SRA: https://www.ncbi.nlm.nih.gov/sra?term=SRX13614089,NONE
HUnafld048_1,GSM5772541,Public on Jul 01 2022,Jan 05 2022,Jul 01 2022,SRA,1,HUnafld048_1,Homo sapiens,Liver,1st biopsy,46,male,1,3,high-risk,total RNA,"Truseq RNA Exome kit (Illumina, CA) following manufacturer’s protocol.",9606,NASH.HUn164.gct,Supplementary_files_format_and_content: .gct file format (tab-delimited text) including normalized gene expression levels normalized within 106 1st biopsy tissues (NAFLD.HUn106.gct) and within the 58 high-risk patients with paired biopsy tissues (NAFLD.HUn164.gct).,GPL18573,"Yujin,,Hoshida",University of Texas Southwestern Medical Center,5323 Harry Hines Blvd,Dallas,TX,75390,USA,0,Illumina NextSeq 500,cDNA,transcriptomic,RNA-Seq,SRA: https://www.ncbi.nlm.nih.gov/sra?term=SRX13614090,NONE
HUnafld049_1,GSM5772542,Public on Jul 01 2022,Jan 05 2022,Jul 01 2022,SRA,1,HUnafld049_1,Homo sapiens,Liver,1st biopsy,57,male,2,3,high-risk,total RNA,"Truseq RNA Exome kit (Illumina, CA) following manufacturer’s protocol.",9606,NASH.HUn164.gct,Supplementary_files_format_and_content: .gct file format (tab-delimited text) including normalized gene expression levels normalized within 106 1st biopsy tissues (NAFLD.HUn106.gct) and within the 58 high-risk patients with paired biopsy tissues (NAFLD.HUn164.gct).,GPL18573,"Yujin,,Hoshida",University of Texas Southwestern Medical Center,5323 Harry Hines Blvd,Dallas,TX,75390,USA,0,Illumina NextSeq 500,cDNA,transcriptomic,RNA-Seq,SRA: https://www.ncbi.nlm.nih.gov/sra?term=SRX13614091,NONE
HUnafld050_1,GSM5772543,Public on Jul 01 2022,Jan 05 2022,Jul 01 2022,SRA,1,HUnafld050_1,Homo sapiens,Liver,1st biopsy,69,male,3,4,high-risk,total RNA,"Truseq RNA Exome kit (Illumina, CA) following manufacturer’s protocol.",9606,NASH.HUn164.gct,Supplementary_files_format_and_content: .gct file format (tab-delimited text) including normalized gene expression levels normalized within 106 1st biopsy tissues (NAFLD.HUn106.gct) and within the 58 high-risk patients with paired biopsy tissues (NAFLD.HUn164.gct).,GPL18573,"Yujin,,Hoshida",University of Texas Southwestern Medical Center,5323 Harry Hines Blvd,Dallas,TX,75390,USA,0,Illumina NextSeq 500,cDNA,transcriptomic,RNA-Seq,SRA: https://www.ncbi.nlm.nih.gov/sra?term=SRX13614092,NONE
HUnafld051,GSM5772544,Public on Jul 01 2022,Jan 05 2022,Jul 01 2022,SRA,1,HUnafld051,Homo sapiens,Liver,1st biopsy,52,male,2,3,low-risk,total RNA,"Truseq RNA Exome kit (Illumina, CA) following manufacturer’s protocol.",9606,NASH.HUn164.gct,Supplementary_files_format_and_content: .gct file format (tab-delimited text) including normalized gene expression levels normalized within 106 1st biopsy tissues (NAFLD.HUn106.gct) and within the 58 high-risk patients with paired biopsy tissues (NAFLD.HUn164.gct).,GPL18573,"Yujin,,Hoshida",University of Texas Southwestern Medical Center,5323 Harry Hines Blvd,Dallas,TX,75390,USA,0,Illumina NextSeq 500,cDNA,transcriptomic,RNA-Seq,SRA: https://www.ncbi.nlm.nih.gov/sra?term=SRX13614093,NONE
HUnafld052_1,GSM5772545,Public on Jul 01 2022,Jan 05 2022,Jul 01 2022,SRA,1,HUnafld052_1,Homo sapiens,Liver,1st biopsy,69,male,3,2,high-risk,total RNA,"Truseq RNA Exome kit (Illumina, CA) following manufacturer’s protocol.",9606,NASH.HUn164.gct,Supplementary_files_format_and_content: .gct file format (tab-delimited text) including normalized gene expression levels normalized within 106 1st biopsy tissues (NAFLD.HUn106.gct) and within the 58 high-risk patients with paired biopsy tissues (NAFLD.HUn164.gct).,GPL18573,"Yujin,,Hoshida",University of Texas Southwestern Medical Center,5323 Harry Hines Blvd,Dallas,TX,75390,USA,0,Illumina NextSeq 500,cDNA,transcriptomic,RNA-Seq,SRA: https://www.ncbi.nlm.nih.gov/sra?term=SRX13614094,NONE
HUnafld053_1,GSM5772546,Public on Jul 01 2022,Jan 05 2022,Jul 01 2022,SRA,1,HUnafld053_1,Homo sapiens,Liver,1st biopsy,49,male,2,4,high-risk,total RNA,"Truseq RNA Exome kit (Illumina, CA) following manufacturer’s protocol.",9606,NASH.HUn164.gct,Supplementary_files_format_and_content: .gct file format (tab-delimited text) including normalized gene expression levels normalized within 106 1st biopsy tissues (NAFLD.HUn106.gct) and within the 58 high-risk patients with paired biopsy tissues (NAFLD.HUn164.gct).,GPL18573,"Yujin,,Hoshida",University of Texas Southwestern Medical Center,5323 Harry Hines Blvd,Dallas,TX,75390,USA,0,Illumina NextSeq 500,cDNA,transcriptomic,RNA-Seq,SRA: https://www.ncbi.nlm.nih.gov/sra?term=SRX13614095,NONE
HUnafld054_1,GSM5772547,Public on Jul 01 2022,Jan 05 2022,Jul 01 2022,SRA,1,HUnafld054_1,Homo sapiens,Liver,1st biopsy,45,female,2,3,high-risk,total RNA,"Truseq RNA Exome kit (Illumina, CA) following manufacturer’s protocol.",9606,NASH.HUn164.gct,Supplementary_files_format_and_content: .gct file format (tab-delimited text) including normalized gene expression levels normalized within 106 1st biopsy tissues (NAFLD.HUn106.gct) and within the 58 high-risk patients with paired biopsy tissues (NAFLD.HUn164.gct).,GPL18573,"Yujin,,Hoshida",University of Texas Southwestern Medical Center,5323 Harry Hines Blvd,Dallas,TX,75390,USA,0,Illumina NextSeq 500,cDNA,transcriptomic,RNA-Seq,SRA: https://www.ncbi.nlm.nih.gov/sra?term=SRX13614096,NONE
HUnafld055,GSM5772548,Public on Jul 01 2022,Jan 05 2022,Jul 01 2022,SRA,1,HUnafld055,Homo sapiens,Liver,1st biopsy,50,female,3,7,high-risk,total RNA,"Truseq RNA Exome kit (Illumina, CA) following manufacturer’s protocol.",9606,NASH.HUn164.gct,Supplementary_files_format_and_content: .gct file format (tab-delimited text) including normalized gene expression levels normalized within 106 1st biopsy tissues (NAFLD.HUn106.gct) and within the 58 high-risk patients with paired biopsy tissues (NAFLD.HUn164.gct).,GPL18573,"Yujin,,Hoshida",University of Texas Southwestern Medical Center,5323 Harry Hines Blvd,Dallas,TX,75390,USA,0,Illumina NextSeq 500,cDNA,transcriptomic,RNA-Seq,SRA: https://www.ncbi.nlm.nih.gov/sra?term=SRX13614097,NONE
HUnafld056_1,GSM5772549,Public on Jul 01 2022,Jan 05 2022,Jul 01 2022,SRA,1,HUnafld056_1,Homo sapiens,Liver,1st biopsy,60,male,3,7,high-risk,total RNA,"Truseq RNA Exome kit (Illumina, CA) following manufacturer’s protocol.",9606,NASH.HUn164.gct,Supplementary_files_format_and_content: .gct file format (tab-delimited text) including normalized gene expression levels normalized within 106 1st biopsy tissues (NAFLD.HUn106.gct) and within the 58 high-risk patients with paired biopsy tissues (NAFLD.HUn164.gct).,GPL18573,"Yujin,,Hoshida",University of Texas Southwestern Medical Center,5323 Harry Hines Blvd,Dallas,TX,75390,USA,0,Illumina NextSeq 500,cDNA,transcriptomic,RNA-Seq,SRA: https://www.ncbi.nlm.nih.gov/sra?term=SRX13614098,NONE
HUnafld057_1,GSM5772550,Public on Jul 01 2022,Jan 05 2022,Jul 01 2022,SRA,1,HUnafld057_1,Homo sapiens,Liver,1st biopsy,68,female,3,4,high-risk,total RNA,"Truseq RNA Exome kit (Illumina, CA) following manufacturer’s protocol.",9606,NASH.HUn164.gct,Supplementary_files_format_and_content: .gct file format (tab-delimited text) including normalized gene expression levels normalized within 106 1st biopsy tissues (NAFLD.HUn106.gct) and within the 58 high-risk patients with paired biopsy tissues (NAFLD.HUn164.gct).,GPL18573,"Yujin,,Hoshida",University of Texas Southwestern Medical Center,5323 Harry Hines Blvd,Dallas,TX,75390,USA,0,Illumina NextSeq 500,cDNA,transcriptomic,RNA-Seq,SRA: https://www.ncbi.nlm.nih.gov/sra?term=SRX13614099,NONE
HUnafld058_1,GSM5772551,Public on Jul 01 2022,Jan 05 2022,Jul 01 2022,SRA,1,HUnafld058_1,Homo sapiens,Liver,1st biopsy,74,female,2,4,high-risk,total RNA,"Truseq RNA Exome kit (Illumina, CA) following manufacturer’s protocol.",9606,NASH.HUn164.gct,Supplementary_files_format_and_content: .gct file format (tab-delimited text) including normalized gene expression levels normalized within 106 1st biopsy tissues (NAFLD.HUn106.gct) and within the 58 high-risk patients with paired biopsy tissues (NAFLD.HUn164.gct).,GPL18573,"Yujin,,Hoshida",University of Texas Southwestern Medical Center,5323 Harry Hines Blvd,Dallas,TX,75390,USA,0,Illumina NextSeq 500,cDNA,transcriptomic,RNA-Seq,SRA: https://www.ncbi.nlm.nih.gov/sra?term=SRX13614100,NONE
HUnafld059_1,GSM5772552,Public on Jul 01 2022,Jan 05 2022,Jul 01 2022,SRA,1,HUnafld059_1,Homo sapiens,Liver,1st biopsy,62,female,3,7,high-risk,total RNA,"Truseq RNA Exome kit (Illumina, CA) following manufacturer’s protocol.",9606,NASH.HUn164.gct,Supplementary_files_format_and_content: .gct file format (tab-delimited text) including normalized gene expression levels normalized within 106 1st biopsy tissues (NAFLD.HUn106.gct) and within the 58 high-risk patients with paired biopsy tissues (NAFLD.HUn164.gct).,GPL18573,"Yujin,,Hoshida",University of Texas Southwestern Medical Center,5323 Harry Hines Blvd,Dallas,TX,75390,USA,0,Illumina NextSeq 500,cDNA,transcriptomic,RNA-Seq,SRA: https://www.ncbi.nlm.nih.gov/sra?term=SRX13614101,NONE
HUnafld060_1,GSM5772553,Public on Jul 01 2022,Jan 05 2022,Jul 01 2022,SRA,1,HUnafld060_1,Homo sapiens,Liver,1st biopsy,33,male,2,4,high-risk,total RNA,"Truseq RNA Exome kit (Illumina, CA) following manufacturer’s protocol.",9606,NASH.HUn164.gct,Supplementary_files_format_and_content: .gct file format (tab-delimited text) including normalized gene expression levels normalized within 106 1st biopsy tissues (NAFLD.HUn106.gct) and within the 58 high-risk patients with paired biopsy tissues (NAFLD.HUn164.gct).,GPL18573,"Yujin,,Hoshida",University of Texas Southwestern Medical Center,5323 Harry Hines Blvd,Dallas,TX,75390,USA,0,Illumina NextSeq 500,cDNA,transcriptomic,RNA-Seq,SRA: https://www.ncbi.nlm.nih.gov/sra?term=SRX13614102,NONE
HUnafld061,GSM5772554,Public on Jul 01 2022,Jan 05 2022,Jul 01 2022,SRA,1,HUnafld061,Homo sapiens,Liver,1st biopsy,60,male,2,4,low-risk,total RNA,"Truseq RNA Exome kit (Illumina, CA) following manufacturer’s protocol.",9606,NASH.HUn164.gct,Supplementary_files_format_and_content: .gct file format (tab-delimited text) including normalized gene expression levels normalized within 106 1st biopsy tissues (NAFLD.HUn106.gct) and within the 58 high-risk patients with paired biopsy tissues (NAFLD.HUn164.gct).,GPL18573,"Yujin,,Hoshida",University of Texas Southwestern Medical Center,5323 Harry Hines Blvd,Dallas,TX,75390,USA,0,Illumina NextSeq 500,cDNA,transcriptomic,RNA-Seq,SRA: https://www.ncbi.nlm.nih.gov/sra?term=SRX13614103,NONE
HUnafld062,GSM5772555,Public on Jul 01 2022,Jan 05 2022,Jul 01 2022,SRA,1,HUnafld062,Homo sapiens,Liver,1st biopsy,31,female,2,7,high-risk,total RNA,"Truseq RNA Exome kit (Illumina, CA) following manufacturer’s protocol.",9606,NASH.HUn164.gct,Supplementary_files_format_and_content: .gct file format (tab-delimited text) including normalized gene expression levels normalized within 106 1st biopsy tissues (NAFLD.HUn106.gct) and within the 58 high-risk patients with paired biopsy tissues (NAFLD.HUn164.gct).,GPL18573,"Yujin,,Hoshida",University of Texas Southwestern Medical Center,5323 Harry Hines Blvd,Dallas,TX,75390,USA,0,Illumina NextSeq 500,cDNA,transcriptomic,RNA-Seq,SRA: https://www.ncbi.nlm.nih.gov/sra?term=SRX13614104,NONE
HUnafld063_1,GSM5772556,Public on Jul 01 2022,Jan 05 2022,Jul 01 2022,SRA,1,HUnafld063_1,Homo sapiens,Liver,1st biopsy,60,female,3,3,high-risk,total RNA,"Truseq RNA Exome kit (Illumina, CA) following manufacturer’s protocol.",9606,NASH.HUn164.gct,Supplementary_files_format_and_content: .gct file format (tab-delimited text) including normalized gene expression levels normalized within 106 1st biopsy tissues (NAFLD.HUn106.gct) and within the 58 high-risk patients with paired biopsy tissues (NAFLD.HUn164.gct).,GPL18573,"Yujin,,Hoshida",University of Texas Southwestern Medical Center,5323 Harry Hines Blvd,Dallas,TX,75390,USA,0,Illumina NextSeq 500,cDNA,transcriptomic,RNA-Seq,SRA: https://www.ncbi.nlm.nih.gov/sra?term=SRX13614105,NONE
HUnafld064_1,GSM5772557,Public on Jul 01 2022,Jan 05 2022,Jul 01 2022,SRA,1,HUnafld064_1,Homo sapiens,Liver,1st biopsy,51,male,2,5,high-risk,total RNA,"Truseq RNA Exome kit (Illumina, CA) following manufacturer’s protocol.",9606,NASH.HUn164.gct,Supplementary_files_format_and_content: .gct file format (tab-delimited text) including normalized gene expression levels normalized within 106 1st biopsy tissues (NAFLD.HUn106.gct) and within the 58 high-risk patients with paired biopsy tissues (NAFLD.HUn164.gct).,GPL18573,"Yujin,,Hoshida",University of Texas Southwestern Medical Center,5323 Harry Hines Blvd,Dallas,TX,75390,USA,0,Illumina NextSeq 500,cDNA,transcriptomic,RNA-Seq,SRA: https://www.ncbi.nlm.nih.gov/sra?term=SRX13614130,NONE
HUnafld065,GSM5772558,Public on Jul 01 2022,Jan 05 2022,Jul 01 2022,SRA,1,HUnafld065,Homo sapiens,Liver,1st biopsy,48,female,2,4,low-risk,total RNA,"Truseq RNA Exome kit (Illumina, CA) following manufacturer’s protocol.",9606,NASH.HUn164.gct,Supplementary_files_format_and_content: .gct file format (tab-delimited text) including normalized gene expression levels normalized within 106 1st biopsy tissues (NAFLD.HUn106.gct) and within the 58 high-risk patients with paired biopsy tissues (NAFLD.HUn164.gct).,GPL18573,"Yujin,,Hoshida",University of Texas Southwestern Medical Center,5323 Harry Hines Blvd,Dallas,TX,75390,USA,0,Illumina NextSeq 500,cDNA,transcriptomic,RNA-Seq,SRA: https://www.ncbi.nlm.nih.gov/sra?term=SRX13614131,NONE
HUnafld066_1,GSM5772559,Public on Jul 01 2022,Jan 05 2022,Jul 01 2022,SRA,1,HUnafld066_1,Homo sapiens,Liver,1st biopsy,53,male,3,8,high-risk,total RNA,"Truseq RNA Exome kit (Illumina, CA) following manufacturer’s protocol.",9606,NASH.HUn164.gct,Supplementary_files_format_and_content: .gct file format (tab-delimited text) including normalized gene expression levels normalized within 106 1st biopsy tissues (NAFLD.HUn106.gct) and within the 58 high-risk patients with paired biopsy tissues (NAFLD.HUn164.gct).,GPL18573,"Yujin,,Hoshida",University of Texas Southwestern Medical Center,5323 Harry Hines Blvd,Dallas,TX,75390,USA,0,Illumina NextSeq 500,cDNA,transcriptomic,RNA-Seq,SRA: https://www.ncbi.nlm.nih.gov/sra?term=SRX13614132,NONE
HUnafld067_1,GSM5772560,Public on Jul 01 2022,Jan 05 2022,Jul 01 2022,SRA,1,HUnafld067_1,Homo sapiens,Liver,1st biopsy,73,female,3,4,high-risk,total RNA,"Truseq RNA Exome kit (Illumina, CA) following manufacturer’s protocol.",9606,NASH.HUn164.gct,Supplementary_files_format_and_content: .gct file format (tab-delimited text) including normalized gene expression levels normalized within 106 1st biopsy tissues (NAFLD.HUn106.gct) and within the 58 high-risk patients with paired biopsy tissues (NAFLD.HUn164.gct).,GPL18573,"Yujin,,Hoshida",University of Texas Southwestern Medical Center,5323 Harry Hines Blvd,Dallas,TX,75390,USA,0,Illumina NextSeq 500,cDNA,transcriptomic,RNA-Seq,SRA: https://www.ncbi.nlm.nih.gov/sra?term=SRX13614133,NONE
HUnafld068_1,GSM5772561,Public on Jul 01 2022,Jan 05 2022,Jul 01 2022,SRA,1,HUnafld068_1,Homo sapiens,Liver,1st biopsy,59,female,2,3,high-risk,total RNA,"Truseq RNA Exome kit (Illumina, CA) following manufacturer’s protocol.",9606,NASH.HUn164.gct,Supplementary_files_format_and_content: .gct file format (tab-delimited text) including normalized gene expression levels normalized within 106 1st biopsy tissues (NAFLD.HUn106.gct) and within the 58 high-risk patients with paired biopsy tissues (NAFLD.HUn164.gct).,GPL18573,"Yujin,,Hoshida",University of Texas Southwestern Medical Center,5323 Harry Hines Blvd,Dallas,TX,75390,USA,0,Illumina NextSeq 500,cDNA,transcriptomic,RNA-Seq,SRA: https://www.ncbi.nlm.nih.gov/sra?term=SRX13614134,NONE
HUnafld069_1,GSM5772562,Public on Jul 01 2022,Jan 05 2022,Jul 01 2022,SRA,1,HUnafld069_1,Homo sapiens,Liver,1st biopsy,50,female,3,7,high-risk,total RNA,"Truseq RNA Exome kit (Illumina, CA) following manufacturer’s protocol.",9606,NASH.HUn164.gct,Supplementary_files_format_and_content: .gct file format (tab-delimited text) including normalized gene expression levels normalized within 106 1st biopsy tissues (NAFLD.HUn106.gct) and within the 58 high-risk patients with paired biopsy tissues (NAFLD.HUn164.gct).,GPL18573,"Yujin,,Hoshida",University of Texas Southwestern Medical Center,5323 Harry Hines Blvd,Dallas,TX,75390,USA,0,Illumina NextSeq 500,cDNA,transcriptomic,RNA-Seq,SRA: https://www.ncbi.nlm.nih.gov/sra?term=SRX13614135,NONE
HUnafld070_1,GSM5772563,Public on Jul 01 2022,Jan 05 2022,Jul 01 2022,SRA,1,HUnafld070_1,Homo sapiens,Liver,1st biopsy,55,male,3,7,high-risk,total RNA,"Truseq RNA Exome kit (Illumina, CA) following manufacturer’s protocol.",9606,NASH.HUn164.gct,Supplementary_files_format_and_content: .gct file format (tab-delimited text) including normalized gene expression levels normalized within 106 1st biopsy tissues (NAFLD.HUn106.gct) and within the 58 high-risk patients with paired biopsy tissues (NAFLD.HUn164.gct).,GPL18573,"Yujin,,Hoshida",University of Texas Southwestern Medical Center,5323 Harry Hines Blvd,Dallas,TX,75390,USA,0,Illumina NextSeq 500,cDNA,transcriptomic,RNA-Seq,SRA: https://www.ncbi.nlm.nih.gov/sra?term=SRX13614136,NONE
HUnafld071_1,GSM5772564,Public on Jul 01 2022,Jan 05 2022,Jul 01 2022,SRA,1,HUnafld071_1,Homo sapiens,Liver,1st biopsy,50,female,2,3,high-risk,total RNA,"Truseq RNA Exome kit (Illumina, CA) following manufacturer’s protocol.",9606,NASH.HUn164.gct,Supplementary_files_format_and_content: .gct file format (tab-delimited text) including normalized gene expression levels normalized within 106 1st biopsy tissues (NAFLD.HUn106.gct) and within the 58 high-risk patients with paired biopsy tissues (NAFLD.HUn164.gct).,GPL18573,"Yujin,,Hoshida",University of Texas Southwestern Medical Center,5323 Harry Hines Blvd,Dallas,TX,75390,USA,0,Illumina NextSeq 500,cDNA,transcriptomic,RNA-Seq,SRA: https://www.ncbi.nlm.nih.gov/sra?term=SRX13614137,NONE
HUnafld072_1,GSM5772565,Public on Jul 01 2022,Jan 05 2022,Jul 01 2022,SRA,1,HUnafld072_1,Homo sapiens,Liver,1st biopsy,59,male,3,3,high-risk,total RNA,"Truseq RNA Exome kit (Illumina, CA) following manufacturer’s protocol.",9606,NASH.HUn164.gct,Supplementary_files_format_and_content: .gct file format (tab-delimited text) including normalized gene expression levels normalized within 106 1st biopsy tissues (NAFLD.HUn106.gct) and within the 58 high-risk patients with paired biopsy tissues (NAFLD.HUn164.gct).,GPL18573,"Yujin,,Hoshida",University of Texas Southwestern Medical Center,5323 Harry Hines Blvd,Dallas,TX,75390,USA,0,Illumina NextSeq 500,cDNA,transcriptomic,RNA-Seq,SRA: https://www.ncbi.nlm.nih.gov/sra?term=SRX13614138,NONE
HUnafld073,GSM5772566,Public on Jul 01 2022,Jan 05 2022,Jul 01 2022,SRA,1,HUnafld073,Homo sapiens,Liver,1st biopsy,37,female,2,7,high-risk,total RNA,"Truseq RNA Exome kit (Illumina, CA) following manufacturer’s protocol.",9606,NASH.HUn164.gct,Supplementary_files_format_and_content: .gct file format (tab-delimited text) including normalized gene expression levels normalized within 106 1st biopsy tissues (NAFLD.HUn106.gct) and within the 58 high-risk patients with paired biopsy tissues (NAFLD.HUn164.gct).,GPL18573,"Yujin,,Hoshida",University of Texas Southwestern Medical Center,5323 Harry Hines Blvd,Dallas,TX,75390,USA,0,Illumina NextSeq 500,cDNA,transcriptomic,RNA-Seq,SRA: https://www.ncbi.nlm.nih.gov/sra?term=SRX13614139,NONE
HUnafld074_1,GSM5772567,Public on Jul 01 2022,Jan 05 2022,Jul 01 2022,SRA,1,HUnafld074_1,Homo sapiens,Liver,1st biopsy,44,male,2,6,high-risk,total RNA,"Truseq RNA Exome kit (Illumina, CA) following manufacturer’s protocol.",9606,NASH.HUn164.gct,Supplementary_files_format_and_content: .gct file format (tab-delimited text) including normalized gene expression levels normalized within 106 1st biopsy tissues (NAFLD.HUn106.gct) and within the 58 high-risk patients with paired biopsy tissues (NAFLD.HUn164.gct).,GPL18573,"Yujin,,Hoshida",University of Texas Southwestern Medical Center,5323 Harry Hines Blvd,Dallas,TX,75390,USA,0,Illumina NextSeq 500,cDNA,transcriptomic,RNA-Seq,SRA: https://www.ncbi.nlm.nih.gov/sra?term=SRX13614140,NONE
HUnafld075_1,GSM5772568,Public on Jul 01 2022,Jan 05 2022,Jul 01 2022,SRA,1,HUnafld075_1,Homo sapiens,Liver,1st biopsy,46,male,3,6,high-risk,total RNA,"Truseq RNA Exome kit (Illumina, CA) following manufacturer’s protocol.",9606,NASH.HUn164.gct,Supplementary_files_format_and_content: .gct file format (tab-delimited text) including normalized gene expression levels normalized within 106 1st biopsy tissues (NAFLD.HUn106.gct) and within the 58 high-risk patients with paired biopsy tissues (NAFLD.HUn164.gct).,GPL18573,"Yujin,,Hoshida",University of Texas Southwestern Medical Center,5323 Harry Hines Blvd,Dallas,TX,75390,USA,0,Illumina NextSeq 500,cDNA,transcriptomic,RNA-Seq,SRA: https://www.ncbi.nlm.nih.gov/sra?term=SRX13614141,NONE
HUnafld076_1,GSM5772569,Public on Jul 01 2022,Jan 05 2022,Jul 01 2022,SRA,1,HUnafld076_1,Homo sapiens,Liver,1st biopsy,59,female,3,8,high-risk,total RNA,"Truseq RNA Exome kit (Illumina, CA) following manufacturer’s protocol.",9606,NASH.HUn164.gct,Supplementary_files_format_and_content: .gct file format (tab-delimited text) including normalized gene expression levels normalized within 106 1st biopsy tissues (NAFLD.HUn106.gct) and within the 58 high-risk patients with paired biopsy tissues (NAFLD.HUn164.gct).,GPL18573,"Yujin,,Hoshida",University of Texas Southwestern Medical Center,5323 Harry Hines Blvd,Dallas,TX,75390,USA,0,Illumina NextSeq 500,cDNA,transcriptomic,RNA-Seq,SRA: https://www.ncbi.nlm.nih.gov/sra?term=SRX13614142,NONE
HUnafld077_1,GSM5772570,Public on Jul 01 2022,Jan 05 2022,Jul 01 2022,SRA,1,HUnafld077_1,Homo sapiens,Liver,1st biopsy,37,female,2,6,high-risk,total RNA,"Truseq RNA Exome kit (Illumina, CA) following manufacturer’s protocol.",9606,NASH.HUn164.gct,Supplementary_files_format_and_content: .gct file format (tab-delimited text) including normalized gene expression levels normalized within 106 1st biopsy tissues (NAFLD.HUn106.gct) and within the 58 high-risk patients with paired biopsy tissues (NAFLD.HUn164.gct).,GPL18573,"Yujin,,Hoshida",University of Texas Southwestern Medical Center,5323 Harry Hines Blvd,Dallas,TX,75390,USA,0,Illumina NextSeq 500,cDNA,transcriptomic,RNA-Seq,SRA: https://www.ncbi.nlm.nih.gov/sra?term=SRX13614143,NONE
HUnafld078_1,GSM5772571,Public on Jul 01 2022,Jan 05 2022,Jul 01 2022,SRA,1,HUnafld078_1,Homo sapiens,Liver,1st biopsy,53,female,2,3,high-risk,total RNA,"Truseq RNA Exome kit (Illumina, CA) following manufacturer’s protocol.",9606,NASH.HUn164.gct,Supplementary_files_format_and_content: .gct file format (tab-delimited text) including normalized gene expression levels normalized within 106 1st biopsy tissues (NAFLD.HUn106.gct) and within the 58 high-risk patients with paired biopsy tissues (NAFLD.HUn164.gct).,GPL18573,"Yujin,,Hoshida",University of Texas Southwestern Medical Center,5323 Harry Hines Blvd,Dallas,TX,75390,USA,0,Illumina NextSeq 500,cDNA,transcriptomic,RNA-Seq,SRA: https://www.ncbi.nlm.nih.gov/sra?term=SRX13614144,NONE
HUnafld079_1,GSM5772572,Public on Jul 01 2022,Jan 05 2022,Jul 01 2022,SRA,1,HUnafld079_1,Homo sapiens,Liver,1st biopsy,60,male,3,3,high-risk,total RNA,"Truseq RNA Exome kit (Illumina, CA) following manufacturer’s protocol.",9606,NASH.HUn164.gct,Supplementary_files_format_and_content: .gct file format (tab-delimited text) including normalized gene expression levels normalized within 106 1st biopsy tissues (NAFLD.HUn106.gct) and within the 58 high-risk patients with paired biopsy tissues (NAFLD.HUn164.gct).,GPL18573,"Yujin,,Hoshida",University of Texas Southwestern Medical Center,5323 Harry Hines Blvd,Dallas,TX,75390,USA,0,Illumina NextSeq 500,cDNA,transcriptomic,RNA-Seq,SRA: https://www.ncbi.nlm.nih.gov/sra?term=SRX13614145,NONE
HUnafld080_1,GSM5772573,Public on Jul 01 2022,Jan 05 2022,Jul 01 2022,SRA,1,HUnafld080_1,Homo sapiens,Liver,1st biopsy,46,male,3,4,high-risk,total RNA,"Truseq RNA Exome kit (Illumina, CA) following manufacturer’s protocol.",9606,NASH.HUn164.gct,Supplementary_files_format_and_content: .gct file format (tab-delimited text) including normalized gene expression levels normalized within 106 1st biopsy tissues (NAFLD.HUn106.gct) and within the 58 high-risk patients with paired biopsy tissues (NAFLD.HUn164.gct).,GPL18573,"Yujin,,Hoshida",University of Texas Southwestern Medical Center,5323 Harry Hines Blvd,Dallas,TX,75390,USA,0,Illumina NextSeq 500,cDNA,transcriptomic,RNA-Seq,SRA: https://www.ncbi.nlm.nih.gov/sra?term=SRX13614146,NONE
HUnafld081_1,GSM5772574,Public on Jul 01 2022,Jan 05 2022,Jul 01 2022,SRA,1,HUnafld081_1,Homo sapiens,Liver,1st biopsy,37,female,2,4,high-risk,total RNA,"Truseq RNA Exome kit (Illumina, CA) following manufacturer’s protocol.",9606,NASH.HUn164.gct,Supplementary_files_format_and_content: .gct file format (tab-delimited text) including normalized gene expression levels normalized within 106 1st biopsy tissues (NAFLD.HUn106.gct) and within the 58 high-risk patients with paired biopsy tissues (NAFLD.HUn164.gct).,GPL18573,"Yujin,,Hoshida",University of Texas Southwestern Medical Center,5323 Harry Hines Blvd,Dallas,TX,75390,USA,0,Illumina NextSeq 500,cDNA,transcriptomic,RNA-Seq,SRA: https://www.ncbi.nlm.nih.gov/sra?term=SRX13614147,NONE
HUnafld082_1,GSM5772575,Public on Jul 01 2022,Jan 05 2022,Jul 01 2022,SRA,1,HUnafld082_1,Homo sapiens,Liver,1st biopsy,48,male,2,5,high-risk,total RNA,"Truseq RNA Exome kit (Illumina, CA) following manufacturer’s protocol.",9606,NASH.HUn164.gct,Supplementary_files_format_and_content: .gct file format (tab-delimited text) including normalized gene expression levels normalized within 106 1st biopsy tissues (NAFLD.HUn106.gct) and within the 58 high-risk patients with paired biopsy tissues (NAFLD.HUn164.gct).,GPL18573,"Yujin,,Hoshida",University of Texas Southwestern Medical Center,5323 Harry Hines Blvd,Dallas,TX,75390,USA,0,Illumina NextSeq 500,cDNA,transcriptomic,RNA-Seq,SRA: https://www.ncbi.nlm.nih.gov/sra?term=SRX13614148,NONE
HUnafld083,GSM5772576,Public on Jul 01 2022,Jan 05 2022,Jul 01 2022,SRA,1,HUnafld083,Homo sapiens,Liver,1st biopsy,64,male,3,3,low-risk,total RNA,"Truseq RNA Exome kit (Illumina, CA) following manufacturer’s protocol.",9606,NASH.HUn164.gct,Supplementary_files_format_and_content: .gct file format (tab-delimited text) including normalized gene expression levels normalized within 106 1st biopsy tissues (NAFLD.HUn106.gct) and within the 58 high-risk patients with paired biopsy tissues (NAFLD.HUn164.gct).,GPL18573,"Yujin,,Hoshida",University of Texas Southwestern Medical Center,5323 Harry Hines Blvd,Dallas,TX,75390,USA,0,Illumina NextSeq 500,cDNA,transcriptomic,RNA-Seq,SRA: https://www.ncbi.nlm.nih.gov/sra?term=SRX13614149,NONE
HUnafld084,GSM5772577,Public on Jul 01 2022,Jan 05 2022,Jul 01 2022,SRA,1,HUnafld084,Homo sapiens,Liver,1st biopsy,42,male,1,4,low-risk,total RNA,"Truseq RNA Exome kit (Illumina, CA) following manufacturer’s protocol.",9606,NASH.HUn164.gct,Supplementary_files_format_and_content: .gct file format (tab-delimited text) including normalized gene expression levels normalized within 106 1st biopsy tissues (NAFLD.HUn106.gct) and within the 58 high-risk patients with paired biopsy tissues (NAFLD.HUn164.gct).,GPL18573,"Yujin,,Hoshida",University of Texas Southwestern Medical Center,5323 Harry Hines Blvd,Dallas,TX,75390,USA,0,Illumina NextSeq 500,cDNA,transcriptomic,RNA-Seq,SRA: https://www.ncbi.nlm.nih.gov/sra?term=SRX13614150,NONE
HUnafld085_1,GSM5772578,Public on Jul 01 2022,Jan 05 2022,Jul 01 2022,SRA,1,HUnafld085_1,Homo sapiens,Liver,1st biopsy,32,male,3,7,high-risk,total RNA,"Truseq RNA Exome kit (Illumina, CA) following manufacturer’s protocol.",9606,NASH.HUn164.gct,Supplementary_files_format_and_content: .gct file format (tab-delimited text) including normalized gene expression levels normalized within 106 1st biopsy tissues (NAFLD.HUn106.gct) and within the 58 high-risk patients with paired biopsy tissues (NAFLD.HUn164.gct).,GPL18573,"Yujin,,Hoshida",University of Texas Southwestern Medical Center,5323 Harry Hines Blvd,Dallas,TX,75390,USA,0,Illumina NextSeq 500,cDNA,transcriptomic,RNA-Seq,SRA: https://www.ncbi.nlm.nih.gov/sra?term=SRX13614151,NONE
HUnafld086,GSM5772579,Public on Jul 01 2022,Jan 05 2022,Jul 01 2022,SRA,1,HUnafld086,Homo sapiens,Liver,1st biopsy,62,male,2,5,low-risk,total RNA,"Truseq RNA Exome kit (Illumina, CA) following manufacturer’s protocol.",9606,NASH.HUn164.gct,Supplementary_files_format_and_content: .gct file format (tab-delimited text) including normalized gene expression levels normalized within 106 1st biopsy tissues (NAFLD.HUn106.gct) and within the 58 high-risk patients with paired biopsy tissues (NAFLD.HUn164.gct).,GPL18573,"Yujin,,Hoshida",University of Texas Southwestern Medical Center,5323 Harry Hines Blvd,Dallas,TX,75390,USA,0,Illumina NextSeq 500,cDNA,transcriptomic,RNA-Seq,SRA: https://www.ncbi.nlm.nih.gov/sra?term=SRX13614152,NONE
HUnafld087_1,GSM5772580,Public on Jul 01 2022,Jan 05 2022,Jul 01 2022,SRA,1,HUnafld087_1,Homo sapiens,Liver,1st biopsy,63,female,2,4,high-risk,total RNA,"Truseq RNA Exome kit (Illumina, CA) following manufacturer’s protocol.",9606,NASH.HUn164.gct,Supplementary_files_format_and_content: .gct file format (tab-delimited text) including normalized gene expression levels normalized within 106 1st biopsy tissues (NAFLD.HUn106.gct) and within the 58 high-risk patients with paired biopsy tissues (NAFLD.HUn164.gct).,GPL18573,"Yujin,,Hoshida",University of Texas Southwestern Medical Center,5323 Harry Hines Blvd,Dallas,TX,75390,USA,0,Illumina NextSeq 500,cDNA,transcriptomic,RNA-Seq,SRA: https://www.ncbi.nlm.nih.gov/sra?term=SRX13614153,NONE
HUnafld088_1,GSM5772581,Public on Jul 01 2022,Jan 05 2022,Jul 01 2022,SRA,1,HUnafld088_1,Homo sapiens,Liver,1st biopsy,61,male,1,4,high-risk,total RNA,"Truseq RNA Exome kit (Illumina, CA) following manufacturer’s protocol.",9606,NASH.HUn164.gct,Supplementary_files_format_and_content: .gct file format (tab-delimited text) including normalized gene expression levels normalized within 106 1st biopsy tissues (NAFLD.HUn106.gct) and within the 58 high-risk patients with paired biopsy tissues (NAFLD.HUn164.gct).,GPL18573,"Yujin,,Hoshida",University of Texas Southwestern Medical Center,5323 Harry Hines Blvd,Dallas,TX,75390,USA,0,Illumina NextSeq 500,cDNA,transcriptomic,RNA-Seq,SRA: https://www.ncbi.nlm.nih.gov/sra?term=SRX13614154,NONE
HUnafld089_1,GSM5772582,Public on Jul 01 2022,Jan 05 2022,Jul 01 2022,SRA,1,HUnafld089_1,Homo sapiens,Liver,1st biopsy,58,male,1,4,high-risk,total RNA,"Truseq RNA Exome kit (Illumina, CA) following manufacturer’s protocol.",9606,NASH.HUn164.gct,Supplementary_files_format_and_content: .gct file format (tab-delimited text) including normalized gene expression levels normalized within 106 1st biopsy tissues (NAFLD.HUn106.gct) and within the 58 high-risk patients with paired biopsy tissues (NAFLD.HUn164.gct).,GPL18573,"Yujin,,Hoshida",University of Texas Southwestern Medical Center,5323 Harry Hines Blvd,Dallas,TX,75390,USA,0,Illumina NextSeq 500,cDNA,transcriptomic,RNA-Seq,SRA: https://www.ncbi.nlm.nih.gov/sra?term=SRX13614155,NONE
HUnafld090_1,GSM5772583,Public on Jul 01 2022,Jan 05 2022,Jul 01 2022,SRA,1,HUnafld090_1,Homo sapiens,Liver,1st biopsy,31,male,1,4,high-risk,total RNA,"Truseq RNA Exome kit (Illumina, CA) following manufacturer’s protocol.",9606,NASH.HUn164.gct,Supplementary_files_format_and_content: .gct file format (tab-delimited text) including normalized gene expression levels normalized within 106 1st biopsy tissues (NAFLD.HUn106.gct) and within the 58 high-risk patients with paired biopsy tissues (NAFLD.HUn164.gct).,GPL18573,"Yujin,,Hoshida",University of Texas Southwestern Medical Center,5323 Harry Hines Blvd,Dallas,TX,75390,USA,0,Illumina NextSeq 500,cDNA,transcriptomic,RNA-Seq,SRA: https://www.ncbi.nlm.nih.gov/sra?term=SRX13614156,NONE
HUnafld091_1,GSM5772584,Public on Jul 01 2022,Jan 05 2022,Jul 01 2022,SRA,1,HUnafld091_1,Homo sapiens,Liver,1st biopsy,73,male,1,3,high-risk,total RNA,"Truseq RNA Exome kit (Illumina, CA) following manufacturer’s protocol.",9606,NASH.HUn164.gct,Supplementary_files_format_and_content: .gct file format (tab-delimited text) including normalized gene expression levels normalized within 106 1st biopsy tissues (NAFLD.HUn106.gct) and within the 58 high-risk patients with paired biopsy tissues (NAFLD.HUn164.gct).,GPL18573,"Yujin,,Hoshida",University of Texas Southwestern Medical Center,5323 Harry Hines Blvd,Dallas,TX,75390,USA,0,Illumina NextSeq 500,cDNA,transcriptomic,RNA-Seq,SRA: https://www.ncbi.nlm.nih.gov/sra?term=SRX13614157,NONE
HUnafld092_1,GSM5772585,Public on Jul 01 2022,Jan 05 2022,Jul 01 2022,SRA,1,HUnafld092_1,Homo sapiens,Liver,1st biopsy,69,female,3,2,high-risk,total RNA,"Truseq RNA Exome kit (Illumina, CA) following manufacturer’s protocol.",9606,NASH.HUn164.gct,Supplementary_files_format_and_content: .gct file format (tab-delimited text) including normalized gene expression levels normalized within 106 1st biopsy tissues (NAFLD.HUn106.gct) and within the 58 high-risk patients with paired biopsy tissues (NAFLD.HUn164.gct).,GPL18573,"Yujin,,Hoshida",University of Texas Southwestern Medical Center,5323 Harry Hines Blvd,Dallas,TX,75390,USA,0,Illumina NextSeq 500,cDNA,transcriptomic,RNA-Seq,SRA: https://www.ncbi.nlm.nih.gov/sra?term=SRX13614050,NONE
HUnafld093_1,GSM5772586,Public on Jul 01 2022,Jan 05 2022,Jul 01 2022,SRA,1,HUnafld093_1,Homo sapiens,Liver,1st biopsy,61,female,1,5,high-risk,total RNA,"Truseq RNA Exome kit (Illumina, CA) following manufacturer’s protocol.",9606,NASH.HUn164.gct,Supplementary_files_format_and_content: .gct file format (tab-delimited text) including normalized gene expression levels normalized within 106 1st biopsy tissues (NAFLD.HUn106.gct) and within the 58 high-risk patients with paired biopsy tissues (NAFLD.HUn164.gct).,GPL18573,"Yujin,,Hoshida",University of Texas Southwestern Medical Center,5323 Harry Hines Blvd,Dallas,TX,75390,USA,0,Illumina NextSeq 500,cDNA,transcriptomic,RNA-Seq,SRA: https://www.ncbi.nlm.nih.gov/sra?term=SRX13614051,NONE
HUnafld094_1,GSM5772587,Public on Jul 01 2022,Jan 05 2022,Jul 01 2022,SRA,1,HUnafld094_1,Homo sapiens,Liver,1st biopsy,63,male,2,6,high-risk,total RNA,"Truseq RNA Exome kit (Illumina, CA) following manufacturer’s protocol.",9606,NASH.HUn164.gct,Supplementary_files_format_and_content: .gct file format (tab-delimited text) including normalized gene expression levels normalized within 106 1st biopsy tissues (NAFLD.HUn106.gct) and within the 58 high-risk patients with paired biopsy tissues (NAFLD.HUn164.gct).,GPL18573,"Yujin,,Hoshida",University of Texas Southwestern Medical Center,5323 Harry Hines Blvd,Dallas,TX,75390,USA,0,Illumina NextSeq 500,cDNA,transcriptomic,RNA-Seq,SRA: https://www.ncbi.nlm.nih.gov/sra?term=SRX13614052,NONE
HUnafld095_1,GSM5772588,Public on Jul 01 2022,Jan 05 2022,Jul 01 2022,SRA,1,HUnafld095_1,Homo sapiens,Liver,1st biopsy,79,female,3,5,high-risk,total RNA,"Truseq RNA Exome kit (Illumina, CA) following manufacturer’s protocol.",9606,NASH.HUn164.gct,Supplementary_files_format_and_content: .gct file format (tab-delimited text) including normalized gene expression levels normalized within 106 1st biopsy tissues (NAFLD.HUn106.gct) and within the 58 high-risk patients with paired biopsy tissues (NAFLD.HUn164.gct).,GPL18573,"Yujin,,Hoshida",University of Texas Southwestern Medical Center,5323 Harry Hines Blvd,Dallas,TX,75390,USA,0,Illumina NextSeq 500,cDNA,transcriptomic,RNA-Seq,SRA: https://www.ncbi.nlm.nih.gov/sra?term=SRX13614053,NONE
HUnafld096_1,GSM5772589,Public on Jul 01 2022,Jan 05 2022,Jul 01 2022,SRA,1,HUnafld096_1,Homo sapiens,Liver,1st biopsy,34,male,2,5,high-risk,total RNA,"Truseq RNA Exome kit (Illumina, CA) following manufacturer’s protocol.",9606,NASH.HUn164.gct,Supplementary_files_format_and_content: .gct file format (tab-delimited text) including normalized gene expression levels normalized within 106 1st biopsy tissues (NAFLD.HUn106.gct) and within the 58 high-risk patients with paired biopsy tissues (NAFLD.HUn164.gct).,GPL18573,"Yujin,,Hoshida",University of Texas Southwestern Medical Center,5323 Harry Hines Blvd,Dallas,TX,75390,USA,0,Illumina NextSeq 500,cDNA,transcriptomic,RNA-Seq,SRA: https://www.ncbi.nlm.nih.gov/sra?term=SRX13614054,NONE
HUnafld097_1,GSM5772590,Public on Jul 01 2022,Jan 05 2022,Jul 01 2022,SRA,1,HUnafld097_1,Homo sapiens,Liver,1st biopsy,33,male,1,4,high-risk,total RNA,"Truseq RNA Exome kit (Illumina, CA) following manufacturer’s protocol.",9606,NASH.HUn164.gct,Supplementary_files_format_and_content: .gct file format (tab-delimited text) including normalized gene expression levels normalized within 106 1st biopsy tissues (NAFLD.HUn106.gct) and within the 58 high-risk patients with paired biopsy tissues (NAFLD.HUn164.gct).,GPL18573,"Yujin,,Hoshida",University of Texas Southwestern Medical Center,5323 Harry Hines Blvd,Dallas,TX,75390,USA,0,Illumina NextSeq 500,cDNA,transcriptomic,RNA-Seq,SRA: https://www.ncbi.nlm.nih.gov/sra?term=SRX13614055,NONE
HUnafld098_1,GSM5772591,Public on Jul 01 2022,Jan 05 2022,Jul 01 2022,SRA,1,HUnafld098_1,Homo sapiens,Liver,1st biopsy,38,male,2,7,high-risk,total RNA,"Truseq RNA Exome kit (Illumina, CA) following manufacturer’s protocol.",9606,NASH.HUn164.gct,Supplementary_files_format_and_content: .gct file format (tab-delimited text) including normalized gene expression levels normalized within 106 1st biopsy tissues (NAFLD.HUn106.gct) and within the 58 high-risk patients with paired biopsy tissues (NAFLD.HUn164.gct).,GPL18573,"Yujin,,Hoshida",University of Texas Southwestern Medical Center,5323 Harry Hines Blvd,Dallas,TX,75390,USA,0,Illumina NextSeq 500,cDNA,transcriptomic,RNA-Seq,SRA: https://www.ncbi.nlm.nih.gov/sra?term=SRX13614056,NONE
HUnafld099_1,GSM5772592,Public on Jul 01 2022,Jan 05 2022,Jul 01 2022,SRA,1,HUnafld099_1,Homo sapiens,Liver,1st biopsy,47,female,2,3,high-risk,total RNA,"Truseq RNA Exome kit (Illumina, CA) following manufacturer’s protocol.",9606,NASH.HUn164.gct,Supplementary_files_format_and_content: .gct file format (tab-delimited text) including normalized gene expression levels normalized within 106 1st biopsy tissues (NAFLD.HUn106.gct) and within the 58 high-risk patients with paired biopsy tissues (NAFLD.HUn164.gct).,GPL18573,"Yujin,,Hoshida",University of Texas Southwestern Medical Center,5323 Harry Hines Blvd,Dallas,TX,75390,USA,0,Illumina NextSeq 500,cDNA,transcriptomic,RNA-Seq,SRA: https://www.ncbi.nlm.nih.gov/sra?term=SRX13614057,NONE
HUnafld100,GSM5772593,Public on Jul 01 2022,Jan 05 2022,Jul 01 2022,SRA,1,HUnafld100,Homo sapiens,Liver,1st biopsy,55,male,1,5,low-risk,total RNA,"Truseq RNA Exome kit (Illumina, CA) following manufacturer’s protocol.",9606,NASH.HUn164.gct,Supplementary_files_format_and_content: .gct file format (tab-delimited text) including normalized gene expression levels normalized within 106 1st biopsy tissues (NAFLD.HUn106.gct) and within the 58 high-risk patients with paired biopsy tissues (NAFLD.HUn164.gct).,GPL18573,"Yujin,,Hoshida",University of Texas Southwestern Medical Center,5323 Harry Hines Blvd,Dallas,TX,75390,USA,0,Illumina NextSeq 500,cDNA,transcriptomic,RNA-Seq,SRA: https://www.ncbi.nlm.nih.gov/sra?term=SRX13614058,NONE
HUnafld101_1,GSM5772594,Public on Jul 01 2022,Jan 05 2022,Jul 01 2022,SRA,1,HUnafld101_1,Homo sapiens,Liver,1st biopsy,64,female,3,4,high-risk,total RNA,"Truseq RNA Exome kit (Illumina, CA) following manufacturer’s protocol.",9606,NASH.HUn164.gct,Supplementary_files_format_and_content: .gct file format (tab-delimited text) including normalized gene expression levels normalized within 106 1st biopsy tissues (NAFLD.HUn106.gct) and within the 58 high-risk patients with paired biopsy tissues (NAFLD.HUn164.gct).,GPL18573,"Yujin,,Hoshida",University of Texas Southwestern Medical Center,5323 Harry Hines Blvd,Dallas,TX,75390,USA,0,Illumina NextSeq 500,cDNA,transcriptomic,RNA-Seq,SRA: https://www.ncbi.nlm.nih.gov/sra?term=SRX13614059,NONE
HUnafld102_1,GSM5772595,Public on Jul 01 2022,Jan 05 2022,Jul 01 2022,SRA,1,HUnafld102_1,Homo sapiens,Liver,1st biopsy,73,female,2,7,high-risk,total RNA,"Truseq RNA Exome kit (Illumina, CA) following manufacturer’s protocol.",9606,NASH.HUn164.gct,Supplementary_files_format_and_content: .gct file format (tab-delimited text) including normalized gene expression levels normalized within 106 1st biopsy tissues (NAFLD.HUn106.gct) and within the 58 high-risk patients with paired biopsy tissues (NAFLD.HUn164.gct).,GPL18573,"Yujin,,Hoshida",University of Texas Southwestern Medical Center,5323 Harry Hines Blvd,Dallas,TX,75390,USA,0,Illumina NextSeq 500,cDNA,transcriptomic,RNA-Seq,SRA: https://www.ncbi.nlm.nih.gov/sra?term=SRX13614060,NONE
HUnafld103_1,GSM5772596,Public on Jul 01 2022,Jan 05 2022,Jul 01 2022,SRA,1,HUnafld103_1,Homo sapiens,Liver,1st biopsy,35,male,1,6,high-risk,total RNA,"Truseq RNA Exome kit (Illumina, CA) following manufacturer’s protocol.",9606,NASH.HUn164.gct,Supplementary_files_format_and_content: .gct file format (tab-delimited text) including normalized gene expression levels normalized within 106 1st biopsy tissues (NAFLD.HUn106.gct) and within the 58 high-risk patients with paired biopsy tissues (NAFLD.HUn164.gct).,GPL18573,"Yujin,,Hoshida",University of Texas Southwestern Medical Center,5323 Harry Hines Blvd,Dallas,TX,75390,USA,0,Illumina NextSeq 500,cDNA,transcriptomic,RNA-Seq,SRA: https://www.ncbi.nlm.nih.gov/sra?term=SRX13614061,NONE
HUnafld104,GSM5772597,Public on Jul 01 2022,Jan 05 2022,Jul 01 2022,SRA,1,HUnafld104,Homo sapiens,Liver,1st biopsy,54,female,1,3,low-risk,total RNA,"Truseq RNA Exome kit (Illumina, CA) following manufacturer’s protocol.",9606,NASH.HUn164.gct,Supplementary_files_format_and_content: .gct file format (tab-delimited text) including normalized gene expression levels normalized within 106 1st biopsy tissues (NAFLD.HUn106.gct) and within the 58 high-risk patients with paired biopsy tissues (NAFLD.HUn164.gct).,GPL18573,"Yujin,,Hoshida",University of Texas Southwestern Medical Center,5323 Harry Hines Blvd,Dallas,TX,75390,USA,0,Illumina NextSeq 500,cDNA,transcriptomic,RNA-Seq,SRA: https://www.ncbi.nlm.nih.gov/sra?term=SRX13614062,NONE
HUnafld105,GSM5772598,Public on Jul 01 2022,Jan 05 2022,Jul 01 2022,SRA,1,HUnafld105,Homo sapiens,Liver,1st biopsy,38,male,2,3,low-risk,total RNA,"Truseq RNA Exome kit (Illumina, CA) following manufacturer’s protocol.",9606,NASH.HUn164.gct,Supplementary_files_format_and_content: .gct file format (tab-delimited text) including normalized gene expression levels normalized within 106 1st biopsy tissues (NAFLD.HUn106.gct) and within the 58 high-risk patients with paired biopsy tissues (NAFLD.HUn164.gct).,GPL18573,"Yujin,,Hoshida",University of Texas Southwestern Medical Center,5323 Harry Hines Blvd,Dallas,TX,75390,USA,0,Illumina NextSeq 500,cDNA,transcriptomic,RNA-Seq,SRA: https://www.ncbi.nlm.nih.gov/sra?term=SRX13614063,NONE
HUnafld106_1,GSM5772599,Public on Jul 01 2022,Jan 05 2022,Jul 01 2022,SRA,1,HUnafld106_1,Homo sapiens,Liver,1st biopsy,74,female,3,3,high-risk,total RNA,"Truseq RNA Exome kit (Illumina, CA) following manufacturer’s protocol.",9606,NASH.HUn164.gct,Supplementary_files_format_and_content: .gct file format (tab-delimited text) including normalized gene expression levels normalized within 106 1st biopsy tissues (NAFLD.HUn106.gct) and within the 58 high-risk patients with paired biopsy tissues (NAFLD.HUn164.gct).,GPL18573,"Yujin,,Hoshida",University of Texas Southwestern Medical Center,5323 Harry Hines Blvd,Dallas,TX,75390,USA,0,Illumina NextSeq 500,cDNA,transcriptomic,RNA-Seq,SRA: https://www.ncbi.nlm.nih.gov/sra?term=SRX13614064,NONE
HUnafld107_1,GSM5772600,Public on Jul 01 2022,Jan 05 2022,Jul 01 2022,SRA,1,HUnafld107_1,Homo sapiens,Liver,1st biopsy,43,female,3,3,high-risk,total RNA,"Truseq RNA Exome kit (Illumina, CA) following manufacturer’s protocol.",9606,NASH.HUn164.gct,Supplementary_files_format_and_content: .gct file format (tab-delimited text) including normalized gene expression levels normalized within 106 1st biopsy tissues (NAFLD.HUn106.gct) and within the 58 high-risk patients with paired biopsy tissues (NAFLD.HUn164.gct).,GPL18573,"Yujin,,Hoshida",University of Texas Southwestern Medical Center,5323 Harry Hines Blvd,Dallas,TX,75390,USA,0,Illumina NextSeq 500,cDNA,transcriptomic,RNA-Seq,SRA: https://www.ncbi.nlm.nih.gov/sra?term=SRX13614065,NONE
HUnafld108_1,GSM5772601,Public on Jul 01 2022,Jan 05 2022,Jul 01 2022,SRA,1,HUnafld108_1,Homo sapiens,Liver,1st biopsy,48,female,1,6,high-risk,total RNA,"Truseq RNA Exome kit (Illumina, CA) following manufacturer’s protocol.",9606,NASH.HUn164.gct,Supplementary_files_format_and_content: .gct file format (tab-delimited text) including normalized gene expression levels normalized within 106 1st biopsy tissues (NAFLD.HUn106.gct) and within the 58 high-risk patients with paired biopsy tissues (NAFLD.HUn164.gct).,GPL18573,"Yujin,,Hoshida",University of Texas Southwestern Medical Center,5323 Harry Hines Blvd,Dallas,TX,75390,USA,0,Illumina NextSeq 500,cDNA,transcriptomic,RNA-Seq,SRA: https://www.ncbi.nlm.nih.gov/sra?term=SRX13614066,NONE
HUnafld109_1,GSM5772602,Public on Jul 01 2022,Jan 05 2022,Jul 01 2022,SRA,1,HUnafld109_1,Homo sapiens,Liver,1st biopsy,71,female,3,3,high-risk,total RNA,"Truseq RNA Exome kit (Illumina, CA) following manufacturer’s protocol.",9606,NASH.HUn164.gct,Supplementary_files_format_and_content: .gct file format (tab-delimited text) including normalized gene expression levels normalized within 106 1st biopsy tissues (NAFLD.HUn106.gct) and within the 58 high-risk patients with paired biopsy tissues (NAFLD.HUn164.gct).,GPL18573,"Yujin,,Hoshida",University of Texas Southwestern Medical Center,5323 Harry Hines Blvd,Dallas,TX,75390,USA,0,Illumina NextSeq 500,cDNA,transcriptomic,RNA-Seq,SRA: https://www.ncbi.nlm.nih.gov/sra?term=SRX13614067,NONE
HUnafld110_1,GSM5772603,Public on Jul 01 2022,Jan 05 2022,Jul 01 2022,SRA,1,HUnafld110_1,Homo sapiens,Liver,1st biopsy,61,female,3,3,high-risk,total RNA,"Truseq RNA Exome kit (Illumina, CA) following manufacturer’s protocol.",9606,NASH.HUn164.gct,Supplementary_files_format_and_content: .gct file format (tab-delimited text) including normalized gene expression levels normalized within 106 1st biopsy tissues (NAFLD.HUn106.gct) and within the 58 high-risk patients with paired biopsy tissues (NAFLD.HUn164.gct).,GPL18573,"Yujin,,Hoshida",University of Texas Southwestern Medical Center,5323 Harry Hines Blvd,Dallas,TX,75390,USA,0,Illumina NextSeq 500,cDNA,transcriptomic,RNA-Seq,SRA: https://www.ncbi.nlm.nih.gov/sra?term=SRX13614068,NONE
HUnafld111_1,GSM5772604,Public on Jul 01 2022,Jan 05 2022,Jul 01 2022,SRA,1,HUnafld111_1,Homo sapiens,Liver,1st biopsy,33,male,1,3,high-risk,total RNA,"Truseq RNA Exome kit (Illumina, CA) following manufacturer’s protocol.",9606,NASH.HUn164.gct,Supplementary_files_format_and_content: .gct file format (tab-delimited text) including normalized gene expression levels normalized within 106 1st biopsy tissues (NAFLD.HUn106.gct) and within the 58 high-risk patients with paired biopsy tissues (NAFLD.HUn164.gct).,GPL18573,"Yujin,,Hoshida",University of Texas Southwestern Medical Center,5323 Harry Hines Blvd,Dallas,TX,75390,USA,0,Illumina NextSeq 500,cDNA,transcriptomic,RNA-Seq,SRA: https://www.ncbi.nlm.nih.gov/sra?term=SRX13614069,NONE
HUnafld112_1,GSM5772605,Public on Jul 01 2022,Jan 05 2022,Jul 01 2022,SRA,1,HUnafld112_1,Homo sapiens,Liver,1st biopsy,57,female,1,3,high-risk,total RNA,"Truseq RNA Exome kit (Illumina, CA) following manufacturer’s protocol.",9606,NASH.HUn164.gct,Supplementary_files_format_and_content: .gct file format (tab-delimited text) including normalized gene expression levels normalized within 106 1st biopsy tissues (NAFLD.HUn106.gct) and within the 58 high-risk patients with paired biopsy tissues (NAFLD.HUn164.gct).,GPL18573,"Yujin,,Hoshida",University of Texas Southwestern Medical Center,5323 Harry Hines Blvd,Dallas,TX,75390,USA,0,Illumina NextSeq 500,cDNA,transcriptomic,RNA-Seq,SRA: https://www.ncbi.nlm.nih.gov/sra?term=SRX13614070,NONE
HUnafld113,GSM5772606,Public on Jul 01 2022,Jan 05 2022,Jul 01 2022,SRA,1,HUnafld113,Homo sapiens,Liver,1st biopsy,55,female,2,3,low-risk,total RNA,"Truseq RNA Exome kit (Illumina, CA) following manufacturer’s protocol.",9606,NASH.HUn164.gct,Supplementary_files_format_and_content: .gct file format (tab-delimited text) including normalized gene expression levels normalized within 106 1st biopsy tissues (NAFLD.HUn106.gct) and within the 58 high-risk patients with paired biopsy tissues (NAFLD.HUn164.gct).,GPL18573,"Yujin,,Hoshida",University of Texas Southwestern Medical Center,5323 Harry Hines Blvd,Dallas,TX,75390,USA,0,Illumina NextSeq 500,cDNA,transcriptomic,RNA-Seq,SRA: https://www.ncbi.nlm.nih.gov/sra?term=SRX13614071,NONE
HUnafld035_2,GSM5772607,Public on Jul 01 2022,Jan 05 2022,Jul 01 2022,SRA,1,HUnafld035_2,Homo sapiens,Liver,2nd biopsy,23,male,2,4,NA,total RNA,"Truseq RNA Exome kit (Illumina, CA) following manufacturer’s protocol.",9606,,Supplementary_files_format_and_content: .gct file format (tab-delimited text) including normalized gene expression levels normalized within 106 1st biopsy tissues (NAFLD.HUn106.gct) and within the 58 high-risk patients with paired biopsy tissues (NAFLD.HUn164.gct).,GPL18573,"Yujin,,Hoshida",University of Texas Southwestern Medical Center,5323 Harry Hines Blvd,Dallas,TX,75390,USA,0,Illumina NextSeq 500,cDNA,transcriptomic,RNA-Seq,SRA: https://www.ncbi.nlm.nih.gov/sra?term=SRX13614072,NONE
HUnafld038_2,GSM5772608,Public on Jul 01 2022,Jan 05 2022,Jul 01 2022,SRA,1,HUnafld038_2,Homo sapiens,Liver,2nd biopsy,44,male,2,3,NA,total RNA,"Truseq RNA Exome kit (Illumina, CA) following manufacturer’s protocol.",9606,,Supplementary_files_format_and_content: .gct file format (tab-delimited text) including normalized gene expression levels normalized within 106 1st biopsy tissues (NAFLD.HUn106.gct) and within the 58 high-risk patients with paired biopsy tissues (NAFLD.HUn164.gct).,GPL18573,"Yujin,,Hoshida",University of Texas Southwestern Medical Center,5323 Harry Hines Blvd,Dallas,TX,75390,USA,0,Illumina NextSeq 500,cDNA,transcriptomic,RNA-Seq,SRA: https://www.ncbi.nlm.nih.gov/sra?term=SRX13614073,NONE
HUnafld039_2,GSM5772609,Public on Jul 01 2022,Jan 05 2022,Jul 01 2022,SRA,1,HUnafld039_2,Homo sapiens,Liver,2nd biopsy,58,male,2,1,NA,total RNA,"Truseq RNA Exome kit (Illumina, CA) following manufacturer’s protocol.",9606,,Supplementary_files_format_and_content: .gct file format (tab-delimited text) including normalized gene expression levels normalized within 106 1st biopsy tissues (NAFLD.HUn106.gct) and within the 58 high-risk patients with paired biopsy tissues (NAFLD.HUn164.gct).,GPL18573,"Yujin,,Hoshida",University of Texas Southwestern Medical Center,5323 Harry Hines Blvd,Dallas,TX,75390,USA,0,Illumina NextSeq 500,cDNA,transcriptomic,RNA-Seq,SRA: https://www.ncbi.nlm.nih.gov/sra?term=SRX13614074,NONE
HUnafld046_2,GSM5772610,Public on Jul 01 2022,Jan 05 2022,Jul 01 2022,SRA,1,HUnafld046_2,Homo sapiens,Liver,2nd biopsy,64,female,2,3,NA,total RNA,"Truseq RNA Exome kit (Illumina, CA) following manufacturer’s protocol.",9606,,Supplementary_files_format_and_content: .gct file format (tab-delimited text) including normalized gene expression levels normalized within 106 1st biopsy tissues (NAFLD.HUn106.gct) and within the 58 high-risk patients with paired biopsy tissues (NAFLD.HUn164.gct).,GPL18573,"Yujin,,Hoshida",University of Texas Southwestern Medical Center,5323 Harry Hines Blvd,Dallas,TX,75390,USA,0,Illumina NextSeq 500,cDNA,transcriptomic,RNA-Seq,SRA: https://www.ncbi.nlm.nih.gov/sra?term=SRX13614075,NONE
HUnafld047_2,GSM5772611,Public on Jul 01 2022,Jan 05 2022,Jul 01 2022,SRA,1,HUnafld047_2,Homo sapiens,Liver,2nd biopsy,53,male,1,4,NA,total RNA,"Truseq RNA Exome kit (Illumina, CA) following manufacturer’s protocol.",9606,,Supplementary_files_format_and_content: .gct file format (tab-delimited text) including normalized gene expression levels normalized within 106 1st biopsy tissues (NAFLD.HUn106.gct) and within the 58 high-risk patients with paired biopsy tissues (NAFLD.HUn164.gct).,GPL18573,"Yujin,,Hoshida",University of Texas Southwestern Medical Center,5323 Harry Hines Blvd,Dallas,TX,75390,USA,0,Illumina NextSeq 500,cDNA,transcriptomic,RNA-Seq,SRA: https://www.ncbi.nlm.nih.gov/sra?term=SRX13614076,NONE
HUnafld048_2,GSM5772612,Public on Jul 01 2022,Jan 05 2022,Jul 01 2022,SRA,1,HUnafld048_2,Homo sapiens,Liver,2nd biopsy,48,male,1,2,NA,total RNA,"Truseq RNA Exome kit (Illumina, CA) following manufacturer’s protocol.",9606,,Supplementary_files_format_and_content: .gct file format (tab-delimited text) including normalized gene expression levels normalized within 106 1st biopsy tissues (NAFLD.HUn106.gct) and within the 58 high-risk patients with paired biopsy tissues (NAFLD.HUn164.gct).,GPL18573,"Yujin,,Hoshida",University of Texas Southwestern Medical Center,5323 Harry Hines Blvd,Dallas,TX,75390,USA,0,Illumina NextSeq 500,cDNA,transcriptomic,RNA-Seq,SRA: https://www.ncbi.nlm.nih.gov/sra?term=SRX13614077,NONE
HUnafld049_2,GSM5772613,Public on Jul 01 2022,Jan 05 2022,Jul 01 2022,SRA,1,HUnafld049_2,Homo sapiens,Liver,2nd biopsy,59,male,2,3,NA,total RNA,"Truseq RNA Exome kit (Illumina, CA) following manufacturer’s protocol.",9606,,Supplementary_files_format_and_content: .gct file format (tab-delimited text) including normalized gene expression levels normalized within 106 1st biopsy tissues (NAFLD.HUn106.gct) and within the 58 high-risk patients with paired biopsy tissues (NAFLD.HUn164.gct).,GPL18573,"Yujin,,Hoshida",University of Texas Southwestern Medical Center,5323 Harry Hines Blvd,Dallas,TX,75390,USA,0,Illumina NextSeq 500,cDNA,transcriptomic,RNA-Seq,SRA: https://www.ncbi.nlm.nih.gov/sra?term=SRX13614158,NONE
HUnafld050_2,GSM5772614,Public on Jul 01 2022,Jan 05 2022,Jul 01 2022,SRA,1,HUnafld050_2,Homo sapiens,Liver,2nd biopsy,71,male,3,3,NA,total RNA,"Truseq RNA Exome kit (Illumina, CA) following manufacturer’s protocol.",9606,,Supplementary_files_format_and_content: .gct file format (tab-delimited text) including normalized gene expression levels normalized within 106 1st biopsy tissues (NAFLD.HUn106.gct) and within the 58 high-risk patients with paired biopsy tissues (NAFLD.HUn164.gct).,GPL18573,"Yujin,,Hoshida",University of Texas Southwestern Medical Center,5323 Harry Hines Blvd,Dallas,TX,75390,USA,0,Illumina NextSeq 500,cDNA,transcriptomic,RNA-Seq,SRA: https://www.ncbi.nlm.nih.gov/sra?term=SRX13614159,NONE
HUnafld052_2,GSM5772615,Public on Jul 01 2022,Jan 05 2022,Jul 01 2022,SRA,1,HUnafld052_2,Homo sapiens,Liver,2nd biopsy,71,male,1,1,NA,total RNA,"Truseq RNA Exome kit (Illumina, CA) following manufacturer’s protocol.",9606,,Supplementary_files_format_and_content: .gct file format (tab-delimited text) including normalized gene expression levels normalized within 106 1st biopsy tissues (NAFLD.HUn106.gct) and within the 58 high-risk patients with paired biopsy tissues (NAFLD.HUn164.gct).,GPL18573,"Yujin,,Hoshida",University of Texas Southwestern Medical Center,5323 Harry Hines Blvd,Dallas,TX,75390,USA,0,Illumina NextSeq 500,cDNA,transcriptomic,RNA-Seq,SRA: https://www.ncbi.nlm.nih.gov/sra?term=SRX13614160,NONE
HUnafld053_2,GSM5772616,Public on Jul 01 2022,Jan 05 2022,Jul 01 2022,SRA,1,HUnafld053_2,Homo sapiens,Liver,2nd biopsy,51,male,2,4,NA,total RNA,"Truseq RNA Exome kit (Illumina, CA) following manufacturer’s protocol.",9606,,Supplementary_files_format_and_content: .gct file format (tab-delimited text) including normalized gene expression levels normalized within 106 1st biopsy tissues (NAFLD.HUn106.gct) and within the 58 high-risk patients with paired biopsy tissues (NAFLD.HUn164.gct).,GPL18573,"Yujin,,Hoshida",University of Texas Southwestern Medical Center,5323 Harry Hines Blvd,Dallas,TX,75390,USA,0,Illumina NextSeq 500,cDNA,transcriptomic,RNA-Seq,SRA: https://www.ncbi.nlm.nih.gov/sra?term=SRX13614161,NONE
HUnafld054_2,GSM5772617,Public on Jul 01 2022,Jan 05 2022,Jul 01 2022,SRA,1,HUnafld054_2,Homo sapiens,Liver,2nd biopsy,48,female,2,2,NA,total RNA,"Truseq RNA Exome kit (Illumina, CA) following manufacturer’s protocol.",9606,,Supplementary_files_format_and_content: .gct file format (tab-delimited text) including normalized gene expression levels normalized within 106 1st biopsy tissues (NAFLD.HUn106.gct) and within the 58 high-risk patients with paired biopsy tissues (NAFLD.HUn164.gct).,GPL18573,"Yujin,,Hoshida",University of Texas Southwestern Medical Center,5323 Harry Hines Blvd,Dallas,TX,75390,USA,0,Illumina NextSeq 500,cDNA,transcriptomic,RNA-Seq,SRA: https://www.ncbi.nlm.nih.gov/sra?term=SRX13614162,NONE
HUnafld056_2,GSM5772618,Public on Jul 01 2022,Jan 05 2022,Jul 01 2022,SRA,1,HUnafld056_2,Homo sapiens,Liver,2nd biopsy,62,male,2,3,NA,total RNA,"Truseq RNA Exome kit (Illumina, CA) following manufacturer’s protocol.",9606,,Supplementary_files_format_and_content: .gct file format (tab-delimited text) including normalized gene expression levels normalized within 106 1st biopsy tissues (NAFLD.HUn106.gct) and within the 58 high-risk patients with paired biopsy tissues (NAFLD.HUn164.gct).,GPL18573,"Yujin,,Hoshida",University of Texas Southwestern Medical Center,5323 Harry Hines Blvd,Dallas,TX,75390,USA,0,Illumina NextSeq 500,cDNA,transcriptomic,RNA-Seq,SRA: https://www.ncbi.nlm.nih.gov/sra?term=SRX13614163,NONE
HUnafld057_2,GSM5772619,Public on Jul 01 2022,Jan 05 2022,Jul 01 2022,SRA,1,HUnafld057_2,Homo sapiens,Liver,2nd biopsy,71,female,3,2,NA,total RNA,"Truseq RNA Exome kit (Illumina, CA) following manufacturer’s protocol.",9606,,Supplementary_files_format_and_content: .gct file format (tab-delimited text) including normalized gene expression levels normalized within 106 1st biopsy tissues (NAFLD.HUn106.gct) and within the 58 high-risk patients with paired biopsy tissues (NAFLD.HUn164.gct).,GPL18573,"Yujin,,Hoshida",University of Texas Southwestern Medical Center,5323 Harry Hines Blvd,Dallas,TX,75390,USA,0,Illumina NextSeq 500,cDNA,transcriptomic,RNA-Seq,SRA: https://www.ncbi.nlm.nih.gov/sra?term=SRX13614164,NONE
HUnafld058_2,GSM5772620,Public on Jul 01 2022,Jan 05 2022,Jul 01 2022,SRA,1,HUnafld058_2,Homo sapiens,Liver,2nd biopsy,75,female,2,3,NA,total RNA,"Truseq RNA Exome kit (Illumina, CA) following manufacturer’s protocol.",9606,,Supplementary_files_format_and_content: .gct file format (tab-delimited text) including normalized gene expression levels normalized within 106 1st biopsy tissues (NAFLD.HUn106.gct) and within the 58 high-risk patients with paired biopsy tissues (NAFLD.HUn164.gct).,GPL18573,"Yujin,,Hoshida",University of Texas Southwestern Medical Center,5323 Harry Hines Blvd,Dallas,TX,75390,USA,0,Illumina NextSeq 500,cDNA,transcriptomic,RNA-Seq,SRA: https://www.ncbi.nlm.nih.gov/sra?term=SRX13614165,NONE
HUnafld059_2,GSM5772621,Public on Jul 01 2022,Jan 05 2022,Jul 01 2022,SRA,1,HUnafld059_2,Homo sapiens,Liver,2nd biopsy,64,female,3,3,NA,total RNA,"Truseq RNA Exome kit (Illumina, CA) following manufacturer’s protocol.",9606,,Supplementary_files_format_and_content: .gct file format (tab-delimited text) including normalized gene expression levels normalized within 106 1st biopsy tissues (NAFLD.HUn106.gct) and within the 58 high-risk patients with paired biopsy tissues (NAFLD.HUn164.gct).,GPL18573,"Yujin,,Hoshida",University of Texas Southwestern Medical Center,5323 Harry Hines Blvd,Dallas,TX,75390,USA,0,Illumina NextSeq 500,cDNA,transcriptomic,RNA-Seq,SRA: https://www.ncbi.nlm.nih.gov/sra?term=SRX13614166,NONE
HUnafld060_2,GSM5772622,Public on Jul 01 2022,Jan 05 2022,Jul 01 2022,SRA,1,HUnafld060_2,Homo sapiens,Liver,2nd biopsy,37,male,1,3,NA,total RNA,"Truseq RNA Exome kit (Illumina, CA) following manufacturer’s protocol.",9606,,Supplementary_files_format_and_content: .gct file format (tab-delimited text) including normalized gene expression levels normalized within 106 1st biopsy tissues (NAFLD.HUn106.gct) and within the 58 high-risk patients with paired biopsy tissues (NAFLD.HUn164.gct).,GPL18573,"Yujin,,Hoshida",University of Texas Southwestern Medical Center,5323 Harry Hines Blvd,Dallas,TX,75390,USA,0,Illumina NextSeq 500,cDNA,transcriptomic,RNA-Seq,SRA: https://www.ncbi.nlm.nih.gov/sra?term=SRX13614167,NONE
HUnafld063_2,GSM5772623,Public on Jul 01 2022,Jan 05 2022,Jul 01 2022,SRA,1,HUnafld063_2,Homo sapiens,Liver,2nd biopsy,61,female,3,3,NA,total RNA,"Truseq RNA Exome kit (Illumina, CA) following manufacturer’s protocol.",9606,,Supplementary_files_format_and_content: .gct file format (tab-delimited text) including normalized gene expression levels normalized within 106 1st biopsy tissues (NAFLD.HUn106.gct) and within the 58 high-risk patients with paired biopsy tissues (NAFLD.HUn164.gct).,GPL18573,"Yujin,,Hoshida",University of Texas Southwestern Medical Center,5323 Harry Hines Blvd,Dallas,TX,75390,USA,0,Illumina NextSeq 500,cDNA,transcriptomic,RNA-Seq,SRA: https://www.ncbi.nlm.nih.gov/sra?term=SRX13614168,NONE
HUnafld064_2,GSM5772624,Public on Jul 01 2022,Jan 05 2022,Jul 01 2022,SRA,1,HUnafld064_2,Homo sapiens,Liver,2nd biopsy,54,male,2,3,NA,total RNA,"Truseq RNA Exome kit (Illumina, CA) following manufacturer’s protocol.",9606,,Supplementary_files_format_and_content: .gct file format (tab-delimited text) including normalized gene expression levels normalized within 106 1st biopsy tissues (NAFLD.HUn106.gct) and within the 58 high-risk patients with paired biopsy tissues (NAFLD.HUn164.gct).,GPL18573,"Yujin,,Hoshida",University of Texas Southwestern Medical Center,5323 Harry Hines Blvd,Dallas,TX,75390,USA,0,Illumina NextSeq 500,cDNA,transcriptomic,RNA-Seq,SRA: https://www.ncbi.nlm.nih.gov/sra?term=SRX13614169,NONE
HUnafld066_2,GSM5772625,Public on Jul 01 2022,Jan 05 2022,Jul 01 2022,SRA,1,HUnafld066_2,Homo sapiens,Liver,2nd biopsy,57,male,3,4,NA,total RNA,"Truseq RNA Exome kit (Illumina, CA) following manufacturer’s protocol.",9606,,Supplementary_files_format_and_content: .gct file format (tab-delimited text) including normalized gene expression levels normalized within 106 1st biopsy tissues (NAFLD.HUn106.gct) and within the 58 high-risk patients with paired biopsy tissues (NAFLD.HUn164.gct).,GPL18573,"Yujin,,Hoshida",University of Texas Southwestern Medical Center,5323 Harry Hines Blvd,Dallas,TX,75390,USA,0,Illumina NextSeq 500,cDNA,transcriptomic,RNA-Seq,SRA: https://www.ncbi.nlm.nih.gov/sra?term=SRX13614170,NONE
HUnafld067_2,GSM5772626,Public on Jul 01 2022,Jan 05 2022,Jul 01 2022,SRA,1,HUnafld067_2,Homo sapiens,Liver,2nd biopsy,75,female,3,3,NA,total RNA,"Truseq RNA Exome kit (Illumina, CA) following manufacturer’s protocol.",9606,,Supplementary_files_format_and_content: .gct file format (tab-delimited text) including normalized gene expression levels normalized within 106 1st biopsy tissues (NAFLD.HUn106.gct) and within the 58 high-risk patients with paired biopsy tissues (NAFLD.HUn164.gct).,GPL18573,"Yujin,,Hoshida",University of Texas Southwestern Medical Center,5323 Harry Hines Blvd,Dallas,TX,75390,USA,0,Illumina NextSeq 500,cDNA,transcriptomic,RNA-Seq,SRA: https://www.ncbi.nlm.nih.gov/sra?term=SRX13614171,NONE
HUnafld068_2,GSM5772627,Public on Jul 01 2022,Jan 05 2022,Jul 01 2022,SRA,1,HUnafld068_2,Homo sapiens,Liver,2nd biopsy,61,female,2,3,NA,total RNA,"Truseq RNA Exome kit (Illumina, CA) following manufacturer’s protocol.",9606,,Supplementary_files_format_and_content: .gct file format (tab-delimited text) including normalized gene expression levels normalized within 106 1st biopsy tissues (NAFLD.HUn106.gct) and within the 58 high-risk patients with paired biopsy tissues (NAFLD.HUn164.gct).,GPL18573,"Yujin,,Hoshida",University of Texas Southwestern Medical Center,5323 Harry Hines Blvd,Dallas,TX,75390,USA,0,Illumina NextSeq 500,cDNA,transcriptomic,RNA-Seq,SRA: https://www.ncbi.nlm.nih.gov/sra?term=SRX13614172,NONE
HUnafld069_2,GSM5772628,Public on Jul 01 2022,Jan 05 2022,Jul 01 2022,SRA,1,HUnafld069_2,Homo sapiens,Liver,2nd biopsy,51,female,2,3,NA,total RNA,"Truseq RNA Exome kit (Illumina, CA) following manufacturer’s protocol.",9606,,Supplementary_files_format_and_content: .gct file format (tab-delimited text) including normalized gene expression levels normalized within 106 1st biopsy tissues (NAFLD.HUn106.gct) and within the 58 high-risk patients with paired biopsy tissues (NAFLD.HUn164.gct).,GPL18573,"Yujin,,Hoshida",University of Texas Southwestern Medical Center,5323 Harry Hines Blvd,Dallas,TX,75390,USA,0,Illumina NextSeq 500,cDNA,transcriptomic,RNA-Seq,SRA: https://www.ncbi.nlm.nih.gov/sra?term=SRX13614173,NONE
HUnafld070_2,GSM5772629,Public on Jul 01 2022,Jan 05 2022,Jul 01 2022,SRA,1,HUnafld070_2,Homo sapiens,Liver,2nd biopsy,57,male,2,3,NA,total RNA,"Truseq RNA Exome kit (Illumina, CA) following manufacturer’s protocol.",9606,,Supplementary_files_format_and_content: .gct file format (tab-delimited text) including normalized gene expression levels normalized within 106 1st biopsy tissues (NAFLD.HUn106.gct) and within the 58 high-risk patients with paired biopsy tissues (NAFLD.HUn164.gct).,GPL18573,"Yujin,,Hoshida",University of Texas Southwestern Medical Center,5323 Harry Hines Blvd,Dallas,TX,75390,USA,0,Illumina NextSeq 500,cDNA,transcriptomic,RNA-Seq,SRA: https://www.ncbi.nlm.nih.gov/sra?term=SRX13614174,NONE
HUnafld071_2,GSM5772630,Public on Jul 01 2022,Jan 05 2022,Jul 01 2022,SRA,1,HUnafld071_2,Homo sapiens,Liver,2nd biopsy,53,female,1,3,NA,total RNA,"Truseq RNA Exome kit (Illumina, CA) following manufacturer’s protocol.",9606,,Supplementary_files_format_and_content: .gct file format (tab-delimited text) including normalized gene expression levels normalized within 106 1st biopsy tissues (NAFLD.HUn106.gct) and within the 58 high-risk patients with paired biopsy tissues (NAFLD.HUn164.gct).,GPL18573,"Yujin,,Hoshida",University of Texas Southwestern Medical Center,5323 Harry Hines Blvd,Dallas,TX,75390,USA,0,Illumina NextSeq 500,cDNA,transcriptomic,RNA-Seq,SRA: https://www.ncbi.nlm.nih.gov/sra?term=SRX13614175,NONE
HUnafld072_2,GSM5772631,Public on Jul 01 2022,Jan 05 2022,Jul 01 2022,SRA,1,HUnafld072_2,Homo sapiens,Liver,2nd biopsy,62,male,2,3,NA,total RNA,"Truseq RNA Exome kit (Illumina, CA) following manufacturer’s protocol.",9606,,Supplementary_files_format_and_content: .gct file format (tab-delimited text) including normalized gene expression levels normalized within 106 1st biopsy tissues (NAFLD.HUn106.gct) and within the 58 high-risk patients with paired biopsy tissues (NAFLD.HUn164.gct).,GPL18573,"Yujin,,Hoshida",University of Texas Southwestern Medical Center,5323 Harry Hines Blvd,Dallas,TX,75390,USA,0,Illumina NextSeq 500,cDNA,transcriptomic,RNA-Seq,SRA: https://www.ncbi.nlm.nih.gov/sra?term=SRX13614176,NONE
HUnafld074_2,GSM5772632,Public on Jul 01 2022,Jan 05 2022,Jul 01 2022,SRA,1,HUnafld074_2,Homo sapiens,Liver,2nd biopsy,46,male,2,3,NA,total RNA,"Truseq RNA Exome kit (Illumina, CA) following manufacturer’s protocol.",9606,,Supplementary_files_format_and_content: .gct file format (tab-delimited text) including normalized gene expression levels normalized within 106 1st biopsy tissues (NAFLD.HUn106.gct) and within the 58 high-risk patients with paired biopsy tissues (NAFLD.HUn164.gct).,GPL18573,"Yujin,,Hoshida",University of Texas Southwestern Medical Center,5323 Harry Hines Blvd,Dallas,TX,75390,USA,0,Illumina NextSeq 500,cDNA,transcriptomic,RNA-Seq,SRA: https://www.ncbi.nlm.nih.gov/sra?term=SRX13614177,NONE
HUnafld075_2,GSM5772633,Public on Jul 01 2022,Jan 05 2022,Jul 01 2022,SRA,1,HUnafld075_2,Homo sapiens,Liver,2nd biopsy,47,male,1,2,NA,total RNA,"Truseq RNA Exome kit (Illumina, CA) following manufacturer’s protocol.",9606,,Supplementary_files_format_and_content: .gct file format (tab-delimited text) including normalized gene expression levels normalized within 106 1st biopsy tissues (NAFLD.HUn106.gct) and within the 58 high-risk patients with paired biopsy tissues (NAFLD.HUn164.gct).,GPL18573,"Yujin,,Hoshida",University of Texas Southwestern Medical Center,5323 Harry Hines Blvd,Dallas,TX,75390,USA,0,Illumina NextSeq 500,cDNA,transcriptomic,RNA-Seq,SRA: https://www.ncbi.nlm.nih.gov/sra?term=SRX13614178,NONE
HUnafld076_2,GSM5772634,Public on Jul 01 2022,Jan 05 2022,Jul 01 2022,SRA,1,HUnafld076_2,Homo sapiens,Liver,2nd biopsy,62,female,2,5,NA,total RNA,"Truseq RNA Exome kit (Illumina, CA) following manufacturer’s protocol.",9606,,Supplementary_files_format_and_content: .gct file format (tab-delimited text) including normalized gene expression levels normalized within 106 1st biopsy tissues (NAFLD.HUn106.gct) and within the 58 high-risk patients with paired biopsy tissues (NAFLD.HUn164.gct).,GPL18573,"Yujin,,Hoshida",University of Texas Southwestern Medical Center,5323 Harry Hines Blvd,Dallas,TX,75390,USA,0,Illumina NextSeq 500,cDNA,transcriptomic,RNA-Seq,SRA: https://www.ncbi.nlm.nih.gov/sra?term=SRX13614179,NONE
HUnafld077_2,GSM5772635,Public on Jul 01 2022,Jan 05 2022,Jul 01 2022,SRA,1,HUnafld077_2,Homo sapiens,Liver,2nd biopsy,40,female,2,2,NA,total RNA,"Truseq RNA Exome kit (Illumina, CA) following manufacturer’s protocol.",9606,,Supplementary_files_format_and_content: .gct file format (tab-delimited text) including normalized gene expression levels normalized within 106 1st biopsy tissues (NAFLD.HUn106.gct) and within the 58 high-risk patients with paired biopsy tissues (NAFLD.HUn164.gct).,GPL18573,"Yujin,,Hoshida",University of Texas Southwestern Medical Center,5323 Harry Hines Blvd,Dallas,TX,75390,USA,0,Illumina NextSeq 500,cDNA,transcriptomic,RNA-Seq,SRA: https://www.ncbi.nlm.nih.gov/sra?term=SRX13614180,NONE
HUnafld078_2,GSM5772636,Public on Jul 01 2022,Jan 05 2022,Jul 01 2022,SRA,1,HUnafld078_2,Homo sapiens,Liver,2nd biopsy,54,female,2,3,NA,total RNA,"Truseq RNA Exome kit (Illumina, CA) following manufacturer’s protocol.",9606,,Supplementary_files_format_and_content: .gct file format (tab-delimited text) including normalized gene expression levels normalized within 106 1st biopsy tissues (NAFLD.HUn106.gct) and within the 58 high-risk patients with paired biopsy tissues (NAFLD.HUn164.gct).,GPL18573,"Yujin,,Hoshida",University of Texas Southwestern Medical Center,5323 Harry Hines Blvd,Dallas,TX,75390,USA,0,Illumina NextSeq 500,cDNA,transcriptomic,RNA-Seq,SRA: https://www.ncbi.nlm.nih.gov/sra?term=SRX13614181,NONE
HUnafld079_2,GSM5772637,Public on Jul 01 2022,Jan 05 2022,Jul 01 2022,SRA,1,HUnafld079_2,Homo sapiens,Liver,2nd biopsy,63,male,1,3,NA,total RNA,"Truseq RNA Exome kit (Illumina, CA) following manufacturer’s protocol.",9606,,Supplementary_files_format_and_content: .gct file format (tab-delimited text) including normalized gene expression levels normalized within 106 1st biopsy tissues (NAFLD.HUn106.gct) and within the 58 high-risk patients with paired biopsy tissues (NAFLD.HUn164.gct).,GPL18573,"Yujin,,Hoshida",University of Texas Southwestern Medical Center,5323 Harry Hines Blvd,Dallas,TX,75390,USA,0,Illumina NextSeq 500,cDNA,transcriptomic,RNA-Seq,SRA: https://www.ncbi.nlm.nih.gov/sra?term=SRX13614182,NONE
HUnafld080_2,GSM5772638,Public on Jul 01 2022,Jan 05 2022,Jul 01 2022,SRA,1,HUnafld080_2,Homo sapiens,Liver,2nd biopsy,41,male,2,3,NA,total RNA,"Truseq RNA Exome kit (Illumina, CA) following manufacturer’s protocol.",9606,,Supplementary_files_format_and_content: .gct file format (tab-delimited text) including normalized gene expression levels normalized within 106 1st biopsy tissues (NAFLD.HUn106.gct) and within the 58 high-risk patients with paired biopsy tissues (NAFLD.HUn164.gct).,GPL18573,"Yujin,,Hoshida",University of Texas Southwestern Medical Center,5323 Harry Hines Blvd,Dallas,TX,75390,USA,0,Illumina NextSeq 500,cDNA,transcriptomic,RNA-Seq,SRA: https://www.ncbi.nlm.nih.gov/sra?term=SRX13614183,NONE
HUnafld081_2,GSM5772639,Public on Jul 01 2022,Jan 05 2022,Jul 01 2022,SRA,1,HUnafld081_2,Homo sapiens,Liver,2nd biopsy,39,female,2,4,NA,total RNA,"Truseq RNA Exome kit (Illumina, CA) following manufacturer’s protocol.",9606,,Supplementary_files_format_and_content: .gct file format (tab-delimited text) including normalized gene expression levels normalized within 106 1st biopsy tissues (NAFLD.HUn106.gct) and within the 58 high-risk patients with paired biopsy tissues (NAFLD.HUn164.gct).,GPL18573,"Yujin,,Hoshida",University of Texas Southwestern Medical Center,5323 Harry Hines Blvd,Dallas,TX,75390,USA,0,Illumina NextSeq 500,cDNA,transcriptomic,RNA-Seq,SRA: https://www.ncbi.nlm.nih.gov/sra?term=SRX13614184,NONE
HUnafld082_2,GSM5772640,Public on Jul 01 2022,Jan 05 2022,Jul 01 2022,SRA,1,HUnafld082_2,Homo sapiens,Liver,2nd biopsy,50,male,2,3,NA,total RNA,"Truseq RNA Exome kit (Illumina, CA) following manufacturer’s protocol.",9606,,Supplementary_files_format_and_content: .gct file format (tab-delimited text) including normalized gene expression levels normalized within 106 1st biopsy tissues (NAFLD.HUn106.gct) and within the 58 high-risk patients with paired biopsy tissues (NAFLD.HUn164.gct).,GPL18573,"Yujin,,Hoshida",University of Texas Southwestern Medical Center,5323 Harry Hines Blvd,Dallas,TX,75390,USA,0,Illumina NextSeq 500,cDNA,transcriptomic,RNA-Seq,SRA: https://www.ncbi.nlm.nih.gov/sra?term=SRX13614185,NONE
HUnafld085_2,GSM5772641,Public on Jul 01 2022,Jan 05 2022,Jul 01 2022,SRA,1,HUnafld085_2,Homo sapiens,Liver,2nd biopsy,33,male,2,5,NA,total RNA,"Truseq RNA Exome kit (Illumina, CA) following manufacturer’s protocol.",9606,,Supplementary_files_format_and_content: .gct file format (tab-delimited text) including normalized gene expression levels normalized within 106 1st biopsy tissues (NAFLD.HUn106.gct) and within the 58 high-risk patients with paired biopsy tissues (NAFLD.HUn164.gct).,GPL18573,"Yujin,,Hoshida",University of Texas Southwestern Medical Center,5323 Harry Hines Blvd,Dallas,TX,75390,USA,0,Illumina NextSeq 500,cDNA,transcriptomic,RNA-Seq,SRA: https://www.ncbi.nlm.nih.gov/sra?term=SRX13614106,NONE
HUnafld087_2,GSM5772642,Public on Jul 01 2022,Jan 05 2022,Jul 01 2022,SRA,1,HUnafld087_2,Homo sapiens,Liver,2nd biopsy,65,female,2,3,NA,total RNA,"Truseq RNA Exome kit (Illumina, CA) following manufacturer’s protocol.",9606,,Supplementary_files_format_and_content: .gct file format (tab-delimited text) including normalized gene expression levels normalized within 106 1st biopsy tissues (NAFLD.HUn106.gct) and within the 58 high-risk patients with paired biopsy tissues (NAFLD.HUn164.gct).,GPL18573,"Yujin,,Hoshida",University of Texas Southwestern Medical Center,5323 Harry Hines Blvd,Dallas,TX,75390,USA,0,Illumina NextSeq 500,cDNA,transcriptomic,RNA-Seq,SRA: https://www.ncbi.nlm.nih.gov/sra?term=SRX13614107,NONE
HUnafld088_2,GSM5772643,Public on Jul 01 2022,Jan 05 2022,Jul 01 2022,SRA,1,HUnafld088_2,Homo sapiens,Liver,2nd biopsy,63,male,3,3,NA,total RNA,"Truseq RNA Exome kit (Illumina, CA) following manufacturer’s protocol.",9606,,Supplementary_files_format_and_content: .gct file format (tab-delimited text) including normalized gene expression levels normalized within 106 1st biopsy tissues (NAFLD.HUn106.gct) and within the 58 high-risk patients with paired biopsy tissues (NAFLD.HUn164.gct).,GPL18573,"Yujin,,Hoshida",University of Texas Southwestern Medical Center,5323 Harry Hines Blvd,Dallas,TX,75390,USA,0,Illumina NextSeq 500,cDNA,transcriptomic,RNA-Seq,SRA: https://www.ncbi.nlm.nih.gov/sra?term=SRX13614108,NONE
HUnafld089_2,GSM5772644,Public on Jul 01 2022,Jan 05 2022,Jul 01 2022,SRA,1,HUnafld089_2,Homo sapiens,Liver,2nd biopsy,60,male,2,4,NA,total RNA,"Truseq RNA Exome kit (Illumina, CA) following manufacturer’s protocol.",9606,,Supplementary_files_format_and_content: .gct file format (tab-delimited text) including normalized gene expression levels normalized within 106 1st biopsy tissues (NAFLD.HUn106.gct) and within the 58 high-risk patients with paired biopsy tissues (NAFLD.HUn164.gct).,GPL18573,"Yujin,,Hoshida",University of Texas Southwestern Medical Center,5323 Harry Hines Blvd,Dallas,TX,75390,USA,0,Illumina NextSeq 500,cDNA,transcriptomic,RNA-Seq,SRA: https://www.ncbi.nlm.nih.gov/sra?term=SRX13614109,NONE
HUnafld090_2,GSM5772645,Public on Jul 01 2022,Jan 05 2022,Jul 01 2022,SRA,1,HUnafld090_2,Homo sapiens,Liver,2nd biopsy,35,male,2,3,NA,total RNA,"Truseq RNA Exome kit (Illumina, CA) following manufacturer’s protocol.",9606,,Supplementary_files_format_and_content: .gct file format (tab-delimited text) including normalized gene expression levels normalized within 106 1st biopsy tissues (NAFLD.HUn106.gct) and within the 58 high-risk patients with paired biopsy tissues (NAFLD.HUn164.gct).,GPL18573,"Yujin,,Hoshida",University of Texas Southwestern Medical Center,5323 Harry Hines Blvd,Dallas,TX,75390,USA,0,Illumina NextSeq 500,cDNA,transcriptomic,RNA-Seq,SRA: https://www.ncbi.nlm.nih.gov/sra?term=SRX13614110,NONE
HUnafld091_2,GSM5772646,Public on Jul 01 2022,Jan 05 2022,Jul 01 2022,SRA,1,HUnafld091_2,Homo sapiens,Liver,2nd biopsy,75,male,2,3,NA,total RNA,"Truseq RNA Exome kit (Illumina, CA) following manufacturer’s protocol.",9606,,Supplementary_files_format_and_content: .gct file format (tab-delimited text) including normalized gene expression levels normalized within 106 1st biopsy tissues (NAFLD.HUn106.gct) and within the 58 high-risk patients with paired biopsy tissues (NAFLD.HUn164.gct).,GPL18573,"Yujin,,Hoshida",University of Texas Southwestern Medical Center,5323 Harry Hines Blvd,Dallas,TX,75390,USA,0,Illumina NextSeq 500,cDNA,transcriptomic,RNA-Seq,SRA: https://www.ncbi.nlm.nih.gov/sra?term=SRX13614111,NONE
HUnafld092_2,GSM5772647,Public on Jul 01 2022,Jan 05 2022,Jul 01 2022,SRA,1,HUnafld092_2,Homo sapiens,Liver,2nd biopsy,76,female,1,3,NA,total RNA,"Truseq RNA Exome kit (Illumina, CA) following manufacturer’s protocol.",9606,,Supplementary_files_format_and_content: .gct file format (tab-delimited text) including normalized gene expression levels normalized within 106 1st biopsy tissues (NAFLD.HUn106.gct) and within the 58 high-risk patients with paired biopsy tissues (NAFLD.HUn164.gct).,GPL18573,"Yujin,,Hoshida",University of Texas Southwestern Medical Center,5323 Harry Hines Blvd,Dallas,TX,75390,USA,0,Illumina NextSeq 500,cDNA,transcriptomic,RNA-Seq,SRA: https://www.ncbi.nlm.nih.gov/sra?term=SRX13614112,NONE
HUnafld093_2,GSM5772648,Public on Jul 01 2022,Jan 05 2022,Jul 01 2022,SRA,1,HUnafld093_2,Homo sapiens,Liver,2nd biopsy,62,female,2,3,NA,total RNA,"Truseq RNA Exome kit (Illumina, CA) following manufacturer’s protocol.",9606,,Supplementary_files_format_and_content: .gct file format (tab-delimited text) including normalized gene expression levels normalized within 106 1st biopsy tissues (NAFLD.HUn106.gct) and within the 58 high-risk patients with paired biopsy tissues (NAFLD.HUn164.gct).,GPL18573,"Yujin,,Hoshida",University of Texas Southwestern Medical Center,5323 Harry Hines Blvd,Dallas,TX,75390,USA,0,Illumina NextSeq 500,cDNA,transcriptomic,RNA-Seq,SRA: https://www.ncbi.nlm.nih.gov/sra?term=SRX13614113,NONE
HUnafld094_2,GSM5772649,Public on Jul 01 2022,Jan 05 2022,Jul 01 2022,SRA,1,HUnafld094_2,Homo sapiens,Liver,2nd biopsy,66,male,3,3,NA,total RNA,"Truseq RNA Exome kit (Illumina, CA) following manufacturer’s protocol.",9606,,Supplementary_files_format_and_content: .gct file format (tab-delimited text) including normalized gene expression levels normalized within 106 1st biopsy tissues (NAFLD.HUn106.gct) and within the 58 high-risk patients with paired biopsy tissues (NAFLD.HUn164.gct).,GPL18573,"Yujin,,Hoshida",University of Texas Southwestern Medical Center,5323 Harry Hines Blvd,Dallas,TX,75390,USA,0,Illumina NextSeq 500,cDNA,transcriptomic,RNA-Seq,SRA: https://www.ncbi.nlm.nih.gov/sra?term=SRX13614114,NONE
HUnafld095_2,GSM5772650,Public on Jul 01 2022,Jan 05 2022,Jul 01 2022,SRA,1,HUnafld095_2,Homo sapiens,Liver,2nd biopsy,83,female,4,5,NA,total RNA,"Truseq RNA Exome kit (Illumina, CA) following manufacturer’s protocol.",9606,,Supplementary_files_format_and_content: .gct file format (tab-delimited text) including normalized gene expression levels normalized within 106 1st biopsy tissues (NAFLD.HUn106.gct) and within the 58 high-risk patients with paired biopsy tissues (NAFLD.HUn164.gct).,GPL18573,"Yujin,,Hoshida",University of Texas Southwestern Medical Center,5323 Harry Hines Blvd,Dallas,TX,75390,USA,0,Illumina NextSeq 500,cDNA,transcriptomic,RNA-Seq,SRA: https://www.ncbi.nlm.nih.gov/sra?term=SRX13614115,NONE
HUnafld096_2,GSM5772651,Public on Jul 01 2022,Jan 05 2022,Jul 01 2022,SRA,1,HUnafld096_2,Homo sapiens,Liver,2nd biopsy,37,male,3,3,NA,total RNA,"Truseq RNA Exome kit (Illumina, CA) following manufacturer’s protocol.",9606,,Supplementary_files_format_and_content: .gct file format (tab-delimited text) including normalized gene expression levels normalized within 106 1st biopsy tissues (NAFLD.HUn106.gct) and within the 58 high-risk patients with paired biopsy tissues (NAFLD.HUn164.gct).,GPL18573,"Yujin,,Hoshida",University of Texas Southwestern Medical Center,5323 Harry Hines Blvd,Dallas,TX,75390,USA,0,Illumina NextSeq 500,cDNA,transcriptomic,RNA-Seq,SRA: https://www.ncbi.nlm.nih.gov/sra?term=SRX13614116,NONE
HUnafld097_2,GSM5772652,Public on Jul 01 2022,Jan 05 2022,Jul 01 2022,SRA,1,HUnafld097_2,Homo sapiens,Liver,2nd biopsy,39,male,2,3,NA,total RNA,"Truseq RNA Exome kit (Illumina, CA) following manufacturer’s protocol.",9606,,Supplementary_files_format_and_content: .gct file format (tab-delimited text) including normalized gene expression levels normalized within 106 1st biopsy tissues (NAFLD.HUn106.gct) and within the 58 high-risk patients with paired biopsy tissues (NAFLD.HUn164.gct).,GPL18573,"Yujin,,Hoshida",University of Texas Southwestern Medical Center,5323 Harry Hines Blvd,Dallas,TX,75390,USA,0,Illumina NextSeq 500,cDNA,transcriptomic,RNA-Seq,SRA: https://www.ncbi.nlm.nih.gov/sra?term=SRX13614117,NONE
HUnafld098_2,GSM5772653,Public on Jul 01 2022,Jan 05 2022,Jul 01 2022,SRA,1,HUnafld098_2,Homo sapiens,Liver,2nd biopsy,43,male,3,7,NA,total RNA,"Truseq RNA Exome kit (Illumina, CA) following manufacturer’s protocol.",9606,,Supplementary_files_format_and_content: .gct file format (tab-delimited text) including normalized gene expression levels normalized within 106 1st biopsy tissues (NAFLD.HUn106.gct) and within the 58 high-risk patients with paired biopsy tissues (NAFLD.HUn164.gct).,GPL18573,"Yujin,,Hoshida",University of Texas Southwestern Medical Center,5323 Harry Hines Blvd,Dallas,TX,75390,USA,0,Illumina NextSeq 500,cDNA,transcriptomic,RNA-Seq,SRA: https://www.ncbi.nlm.nih.gov/sra?term=SRX13614118,NONE
HUnafld099_2,GSM5772654,Public on Jul 01 2022,Jan 05 2022,Jul 01 2022,SRA,1,HUnafld099_2,Homo sapiens,Liver,2nd biopsy,49,female,2,3,NA,total RNA,"Truseq RNA Exome kit (Illumina, CA) following manufacturer’s protocol.",9606,,Supplementary_files_format_and_content: .gct file format (tab-delimited text) including normalized gene expression levels normalized within 106 1st biopsy tissues (NAFLD.HUn106.gct) and within the 58 high-risk patients with paired biopsy tissues (NAFLD.HUn164.gct).,GPL18573,"Yujin,,Hoshida",University of Texas Southwestern Medical Center,5323 Harry Hines Blvd,Dallas,TX,75390,USA,0,Illumina NextSeq 500,cDNA,transcriptomic,RNA-Seq,SRA: https://www.ncbi.nlm.nih.gov/sra?term=SRX13614119,NONE
HUnafld101_2,GSM5772655,Public on Jul 01 2022,Jan 05 2022,Jul 01 2022,SRA,1,HUnafld101_2,Homo sapiens,Liver,2nd biopsy,65,female,2,5,NA,total RNA,"Truseq RNA Exome kit (Illumina, CA) following manufacturer’s protocol.",9606,,Supplementary_files_format_and_content: .gct file format (tab-delimited text) including normalized gene expression levels normalized within 106 1st biopsy tissues (NAFLD.HUn106.gct) and within the 58 high-risk patients with paired biopsy tissues (NAFLD.HUn164.gct).,GPL18573,"Yujin,,Hoshida",University of Texas Southwestern Medical Center,5323 Harry Hines Blvd,Dallas,TX,75390,USA,0,Illumina NextSeq 500,cDNA,transcriptomic,RNA-Seq,SRA: https://www.ncbi.nlm.nih.gov/sra?term=SRX13614120,NONE
HUnafld102_2,GSM5772656,Public on Jul 01 2022,Jan 05 2022,Jul 01 2022,SRA,1,HUnafld102_2,Homo sapiens,Liver,2nd biopsy,75,female,3,3,NA,total RNA,"Truseq RNA Exome kit (Illumina, CA) following manufacturer’s protocol.",9606,,Supplementary_files_format_and_content: .gct file format (tab-delimited text) including normalized gene expression levels normalized within 106 1st biopsy tissues (NAFLD.HUn106.gct) and within the 58 high-risk patients with paired biopsy tissues (NAFLD.HUn164.gct).,GPL18573,"Yujin,,Hoshida",University of Texas Southwestern Medical Center,5323 Harry Hines Blvd,Dallas,TX,75390,USA,0,Illumina NextSeq 500,cDNA,transcriptomic,RNA-Seq,SRA: https://www.ncbi.nlm.nih.gov/sra?term=SRX13614121,NONE
HUnafld103_2,GSM5772657,Public on Jul 01 2022,Jan 05 2022,Jul 01 2022,SRA,1,HUnafld103_2,Homo sapiens,Liver,2nd biopsy,38,male,2,4,NA,total RNA,"Truseq RNA Exome kit (Illumina, CA) following manufacturer’s protocol.",9606,,Supplementary_files_format_and_content: .gct file format (tab-delimited text) including normalized gene expression levels normalized within 106 1st biopsy tissues (NAFLD.HUn106.gct) and within the 58 high-risk patients with paired biopsy tissues (NAFLD.HUn164.gct).,GPL18573,"Yujin,,Hoshida",University of Texas Southwestern Medical Center,5323 Harry Hines Blvd,Dallas,TX,75390,USA,0,Illumina NextSeq 500,cDNA,transcriptomic,RNA-Seq,SRA: https://www.ncbi.nlm.nih.gov/sra?term=SRX13614122,NONE
HUnafld106_2,GSM5772658,Public on Jul 01 2022,Jan 05 2022,Jul 01 2022,SRA,1,HUnafld106_2,Homo sapiens,Liver,2nd biopsy,77,female,3,5,NA,total RNA,"Truseq RNA Exome kit (Illumina, CA) following manufacturer’s protocol.",9606,,Supplementary_files_format_and_content: .gct file format (tab-delimited text) including normalized gene expression levels normalized within 106 1st biopsy tissues (NAFLD.HUn106.gct) and within the 58 high-risk patients with paired biopsy tissues (NAFLD.HUn164.gct).,GPL18573,"Yujin,,Hoshida",University of Texas Southwestern Medical Center,5323 Harry Hines Blvd,Dallas,TX,75390,USA,0,Illumina NextSeq 500,cDNA,transcriptomic,RNA-Seq,SRA: https://www.ncbi.nlm.nih.gov/sra?term=SRX13614123,NONE
HUnafld107_2,GSM5772659,Public on Jul 01 2022,Jan 05 2022,Jul 01 2022,SRA,1,HUnafld107_2,Homo sapiens,Liver,2nd biopsy,46,female,3,4,NA,total RNA,"Truseq RNA Exome kit (Illumina, CA) following manufacturer’s protocol.",9606,,Supplementary_files_format_and_content: .gct file format (tab-delimited text) including normalized gene expression levels normalized within 106 1st biopsy tissues (NAFLD.HUn106.gct) and within the 58 high-risk patients with paired biopsy tissues (NAFLD.HUn164.gct).,GPL18573,"Yujin,,Hoshida",University of Texas Southwestern Medical Center,5323 Harry Hines Blvd,Dallas,TX,75390,USA,0,Illumina NextSeq 500,cDNA,transcriptomic,RNA-Seq,SRA: https://www.ncbi.nlm.nih.gov/sra?term=SRX13614124,NONE
HUnafld108_2,GSM5772660,Public on Jul 01 2022,Jan 05 2022,Jul 01 2022,SRA,1,HUnafld108_2,Homo sapiens,Liver,2nd biopsy,51,female,2,5,NA,total RNA,"Truseq RNA Exome kit (Illumina, CA) following manufacturer’s protocol.",9606,,Supplementary_files_format_and_content: .gct file format (tab-delimited text) including normalized gene expression levels normalized within 106 1st biopsy tissues (NAFLD.HUn106.gct) and within the 58 high-risk patients with paired biopsy tissues (NAFLD.HUn164.gct).,GPL18573,"Yujin,,Hoshida",University of Texas Southwestern Medical Center,5323 Harry Hines Blvd,Dallas,TX,75390,USA,0,Illumina NextSeq 500,cDNA,transcriptomic,RNA-Seq,SRA: https://www.ncbi.nlm.nih.gov/sra?term=SRX13614125,NONE
HUnafld109_2,GSM5772661,Public on Jul 01 2022,Jan 05 2022,Jul 01 2022,SRA,1,HUnafld109_2,Homo sapiens,Liver,2nd biopsy,73,female,3,5,NA,total RNA,"Truseq RNA Exome kit (Illumina, CA) following manufacturer’s protocol.",9606,,Supplementary_files_format_and_content: .gct file format (tab-delimited text) including normalized gene expression levels normalized within 106 1st biopsy tissues (NAFLD.HUn106.gct) and within the 58 high-risk patients with paired biopsy tissues (NAFLD.HUn164.gct).,GPL18573,"Yujin,,Hoshida",University of Texas Southwestern Medical Center,5323 Harry Hines Blvd,Dallas,TX,75390,USA,0,Illumina NextSeq 500,cDNA,transcriptomic,RNA-Seq,SRA: https://www.ncbi.nlm.nih.gov/sra?term=SRX13614126,NONE
HUnafld110_2,GSM5772662,Public on Jul 01 2022,Jan 05 2022,Jul 01 2022,SRA,1,HUnafld110_2,Homo sapiens,Liver,2nd biopsy,63,female,2,4,NA,total RNA,"Truseq RNA Exome kit (Illumina, CA) following manufacturer’s protocol.",9606,,Supplementary_files_format_and_content: .gct file format (tab-delimited text) including normalized gene expression levels normalized within 106 1st biopsy tissues (NAFLD.HUn106.gct) and within the 58 high-risk patients with paired biopsy tissues (NAFLD.HUn164.gct).,GPL18573,"Yujin,,Hoshida",University of Texas Southwestern Medical Center,5323 Harry Hines Blvd,Dallas,TX,75390,USA,0,Illumina NextSeq 500,cDNA,transcriptomic,RNA-Seq,SRA: https://www.ncbi.nlm.nih.gov/sra?term=SRX13614127,NONE
HUnafld111_2,GSM5772663,Public on Jul 01 2022,Jan 05 2022,Jul 01 2022,SRA,1,HUnafld111_2,Homo sapiens,Liver,2nd biopsy,36,male,2,4,NA,total RNA,"Truseq RNA Exome kit (Illumina, CA) following manufacturer’s protocol.",9606,,Supplementary_files_format_and_content: .gct file format (tab-delimited text) including normalized gene expression levels normalized within 106 1st biopsy tissues (NAFLD.HUn106.gct) and within the 58 high-risk patients with paired biopsy tissues (NAFLD.HUn164.gct).,GPL18573,"Yujin,,Hoshida",University of Texas Southwestern Medical Center,5323 Harry Hines Blvd,Dallas,TX,75390,USA,0,Illumina NextSeq 500,cDNA,transcriptomic,RNA-Seq,SRA: https://www.ncbi.nlm.nih.gov/sra?term=SRX13614128,NONE
HUnafld112_2,GSM5772664,Public on Jul 01 2022,Jan 05 2022,Jul 01 2022,SRA,1,HUnafld112_2,Homo sapiens,Liver,2nd biopsy,58,female,3,3,NA,total RNA,"Truseq RNA Exome kit (Illumina, CA) following manufacturer’s protocol.",9606,,Supplementary_files_format_and_content: .gct file format (tab-delimited text) including normalized gene expression levels normalized within 106 1st biopsy tissues (NAFLD.HUn106.gct) and within the 58 high-risk patients with paired biopsy tissues (NAFLD.HUn164.gct).,GPL18573,"Yujin,,Hoshida",University of Texas Southwestern Medical Center,5323 Harry Hines Blvd,Dallas,TX,75390,USA,0,Illumina NextSeq 500,cDNA,transcriptomic,RNA-Seq,SRA: https://www.ncbi.nlm.nih.gov/sra?term=SRX13614129,NONE
