Run	ReleaseDate	LoadDate	spots	bases	spots_with_mates	avgLength	size_MB	AssemblyName	download_path	Experiment	LibraryName	LibraryStrategy	LibrarySelection	LibrarySource	LibraryLayout	InsertSize	InsertDev	Platform	Model	SRAStudy	BioProject	Study_Pubmed_id	ProjectID	Sample	BioSample	SampleType	TaxID	ScientificName	SampleName	g1k_pop_code	source	g1k_analysis_group	Subject_ID	Sex_x	Disease	Tumor	Affection_Status	Analyte_Type	Histological_Type	Body_Site	CenterName	Submission	dbgap_study_accession	Consent	RunHash	ReadHash	!Sample_title	!Sample_geo_accession	!Sample_status	!Sample_submission_date	!Sample_last_update_date	!Sample_type	!Sample_channel_count	!Sample_source_name_ch1	!Sample_organism_ch1	tissue	biopsy	age	Sex_y	fibrosis stage	nafld activity score	pls-nafld-based risk prediction at 1st biopsy	!Sample_molecule_ch1	!Sample_extract_protocol_ch1	!Sample_taxid_ch1	!Sample_description	!Sample_data_processing	!Sample_platform_id	!Sample_contact_name	!Sample_contact_institute	!Sample_contact_address	!Sample_contact_city	!Sample_contact_state	!Sample_contact_zip/postal_code	!Sample_contact_country	!Sample_data_row_count	!Sample_instrument_model	!Sample_library_selection	!Sample_library_source	!Sample_library_strategy	!Sample_relation	!Sample_supplementary_file_1	sample_id
SRR17442932	2022-07-01 08:11:24	2022-01-05 10:24:59	20170073	1532925548	0	76	541		https://sra-downloadb.be-md.ncbi.nlm.nih.gov/sos1/sra-pub-zq-38/SRR017/17442/SRR17442932/SRR17442932.lite.1	SRX13614022	GSM5772501	RNA-Seq	cDNA	TRANSCRIPTOMIC	SINGLE	0	0	ILLUMINA	NextSeq 500	SRP353609	PRJNA794357	3	794357	SRS11503147	SAMN24648854	simple	9606	Homo sapiens	GSM5772501							no					UT SOUTHWESTERN MEDICAL CENTER	SRA1352300		public	1B02A1AE695BF6803B45F2574A7AB25E	655EF783CDBC1CB58450AD566B6DCE79	HUnafld001	GSM5772501	Public on Jul 01 2022	Jan 05 2022	Jul 01 2022	SRA	1	HUnafld001	Homo sapiens	Liver	1st biopsy	46	female	0	5	low-risk	total RNA	Truseq RNA Exome kit (Illumina, CA) following manufacturer’s protocol.	9606	NASH.HUn164.gct	Supplementary_files_format_and_content: .gct file format (tab-delimited text) including normalized gene expression levels normalized within 106 1st biopsy tissues (NAFLD.HUn106.gct) and within the 58 high-risk patients with paired biopsy tissues (NAFLD.HUn164.gct).	GPL18573	Yujin,,Hoshida	University of Texas Southwestern Medical Center	5323 Harry Hines Blvd	Dallas	TX	75390	USA	0	Illumina NextSeq 500	cDNA	transcriptomic	RNA-Seq	SRA: https://www.ncbi.nlm.nih.gov/sra?term=SRX13614022	NONE	SRR17442932
SRR17442931	2022-07-01 08:11:25	2022-01-05 10:27:41	22008783	1672667508	0	76	594		https://sra-downloadb.be-md.ncbi.nlm.nih.gov/sos9/sra-pub-zq-924/SRR017/17442/SRR17442931/SRR17442931.lite.1	SRX13614023	GSM5772502	RNA-Seq	cDNA	TRANSCRIPTOMIC	SINGLE	0	0	ILLUMINA	NextSeq 500	SRP353609	PRJNA794357	3	794357	SRS11503148	SAMN24648853	simple	9606	Homo sapiens	GSM5772502							no					UT SOUTHWESTERN MEDICAL CENTER	SRA1352300		public	57F15EB308B60BE5BFBC1D1F6A19435E	616CF4BE83EE05BE7714C06EB8238784	HUnafld002	GSM5772502	Public on Jul 01 2022	Jan 05 2022	Jul 01 2022	SRA	1	HUnafld002	Homo sapiens	Liver	1st biopsy	43	male	1	2	high-risk	total RNA	Truseq RNA Exome kit (Illumina, CA) following manufacturer’s protocol.	9606	NASH.HUn164.gct	Supplementary_files_format_and_content: .gct file format (tab-delimited text) including normalized gene expression levels normalized within 106 1st biopsy tissues (NAFLD.HUn106.gct) and within the 58 high-risk patients with paired biopsy tissues (NAFLD.HUn164.gct).	GPL18573	Yujin,,Hoshida	University of Texas Southwestern Medical Center	5323 Harry Hines Blvd	Dallas	TX	75390	USA	0	Illumina NextSeq 500	cDNA	transcriptomic	RNA-Seq	SRA: https://www.ncbi.nlm.nih.gov/sra?term=SRX13614023	NONE	SRR17442931
SRR17442930	2022-07-01 08:11:25	2022-01-05 10:31:00	29599317	2249548092	0	76	785		https://sra-downloadb.be-md.ncbi.nlm.nih.gov/sos1/sra-pub-zq-38/SRR017/17442/SRR17442930/SRR17442930.lite.1	SRX13614024	GSM5772503	RNA-Seq	cDNA	TRANSCRIPTOMIC	SINGLE	0	0	ILLUMINA	NextSeq 500	SRP353609	PRJNA794357	3	794357	SRS11503149	SAMN24648852	simple	9606	Homo sapiens	GSM5772503							no					UT SOUTHWESTERN MEDICAL CENTER	SRA1352300		public	67DAACE483E08344504B9A883290DC61	F677B917D217F2DBD7A5D5FA8028B78F	HUnafld003	GSM5772503	Public on Jul 01 2022	Jan 05 2022	Jul 01 2022	SRA	1	HUnafld003	Homo sapiens	Liver	1st biopsy	65	male	0	3	high-risk	total RNA	Truseq RNA Exome kit (Illumina, CA) following manufacturer’s protocol.	9606	NASH.HUn164.gct	Supplementary_files_format_and_content: .gct file format (tab-delimited text) including normalized gene expression levels normalized within 106 1st biopsy tissues (NAFLD.HUn106.gct) and within the 58 high-risk patients with paired biopsy tissues (NAFLD.HUn164.gct).	GPL18573	Yujin,,Hoshida	University of Texas Southwestern Medical Center	5323 Harry Hines Blvd	Dallas	TX	75390	USA	0	Illumina NextSeq 500	cDNA	transcriptomic	RNA-Seq	SRA: https://www.ncbi.nlm.nih.gov/sra?term=SRX13614024	NONE	SRR17442930
SRR17442929	2022-07-01 08:11:25	2022-01-05 10:27:15	20841048	1583919648	0	76	564		https://sra-downloadb.be-md.ncbi.nlm.nih.gov/sos9/sra-pub-zq-924/SRR017/17442/SRR17442929/SRR17442929.lite.1	SRX13614025	GSM5772504	RNA-Seq	cDNA	TRANSCRIPTOMIC	SINGLE	0	0	ILLUMINA	NextSeq 500	SRP353609	PRJNA794357	3	794357	SRS11503150	SAMN24648851	simple	9606	Homo sapiens	GSM5772504							no					UT SOUTHWESTERN MEDICAL CENTER	SRA1352300		public	208C87515D638E580226AF4C2F0F464F	8871963A8C0FE6D0763A4946F6D5CCEF	HUnafld004	GSM5772504	Public on Jul 01 2022	Jan 05 2022	Jul 01 2022	SRA	1	HUnafld004	Homo sapiens	Liver	1st biopsy	55	male	1	5	high-risk	total RNA	Truseq RNA Exome kit (Illumina, CA) following manufacturer’s protocol.	9606	NASH.HUn164.gct	Supplementary_files_format_and_content: .gct file format (tab-delimited text) including normalized gene expression levels normalized within 106 1st biopsy tissues (NAFLD.HUn106.gct) and within the 58 high-risk patients with paired biopsy tissues (NAFLD.HUn164.gct).	GPL18573	Yujin,,Hoshida	University of Texas Southwestern Medical Center	5323 Harry Hines Blvd	Dallas	TX	75390	USA	0	Illumina NextSeq 500	cDNA	transcriptomic	RNA-Seq	SRA: https://www.ncbi.nlm.nih.gov/sra?term=SRX13614025	NONE	SRR17442929
SRR17442928	2022-07-01 08:11:25	2022-01-05 10:24:14	14886677	1131387452	0	76	403		https://sra-downloadb.be-md.ncbi.nlm.nih.gov/sos1/sra-pub-zq-38/SRR017/17442/SRR17442928/SRR17442928.lite.1	SRX13614026	GSM5772505	RNA-Seq	cDNA	TRANSCRIPTOMIC	SINGLE	0	0	ILLUMINA	NextSeq 500	SRP353609	PRJNA794357	3	794357	SRS11503151	SAMN24648850	simple	9606	Homo sapiens	GSM5772505							no					UT SOUTHWESTERN MEDICAL CENTER	SRA1352300		public	9063BD8A014115539790E2AD5253D5B3	290A82F4BB8A813EDECE7B9893A76B42	HUnafld005	GSM5772505	Public on Jul 01 2022	Jan 05 2022	Jul 01 2022	SRA	1	HUnafld005	Homo sapiens	Liver	1st biopsy	20	male	1	6	low-risk	total RNA	Truseq RNA Exome kit (Illumina, CA) following manufacturer’s protocol.	9606	NASH.HUn164.gct	Supplementary_files_format_and_content: .gct file format (tab-delimited text) including normalized gene expression levels normalized within 106 1st biopsy tissues (NAFLD.HUn106.gct) and within the 58 high-risk patients with paired biopsy tissues (NAFLD.HUn164.gct).	GPL18573	Yujin,,Hoshida	University of Texas Southwestern Medical Center	5323 Harry Hines Blvd	Dallas	TX	75390	USA	0	Illumina NextSeq 500	cDNA	transcriptomic	RNA-Seq	SRA: https://www.ncbi.nlm.nih.gov/sra?term=SRX13614026	NONE	SRR17442928
SRR17442927	2022-07-01 08:11:24	2022-01-05 10:30:36	31530776	2396338976	0	76	837		https://sra-downloadb.be-md.ncbi.nlm.nih.gov/sos1/sra-pub-zq-38/SRR017/17442/SRR17442927/SRR17442927.lite.1	SRX13614027	GSM5772506	RNA-Seq	cDNA	TRANSCRIPTOMIC	SINGLE	0	0	ILLUMINA	NextSeq 500	SRP353609	PRJNA794357	3	794357	SRS11503152	SAMN24648849	simple	9606	Homo sapiens	GSM5772506							no					UT SOUTHWESTERN MEDICAL CENTER	SRA1352300		public	C7647A3E87E0F6691EC402CC56D36EAE	33EA0B8F84FA3AA58415E16E85CF9178	HUnafld006	GSM5772506	Public on Jul 01 2022	Jan 05 2022	Jul 01 2022	SRA	1	HUnafld006	Homo sapiens	Liver	1st biopsy	44	male	1	3	high-risk	total RNA	Truseq RNA Exome kit (Illumina, CA) following manufacturer’s protocol.	9606	NASH.HUn164.gct	Supplementary_files_format_and_content: .gct file format (tab-delimited text) including normalized gene expression levels normalized within 106 1st biopsy tissues (NAFLD.HUn106.gct) and within the 58 high-risk patients with paired biopsy tissues (NAFLD.HUn164.gct).	GPL18573	Yujin,,Hoshida	University of Texas Southwestern Medical Center	5323 Harry Hines Blvd	Dallas	TX	75390	USA	0	Illumina NextSeq 500	cDNA	transcriptomic	RNA-Seq	SRA: https://www.ncbi.nlm.nih.gov/sra?term=SRX13614027	NONE	SRR17442927
SRR17442926	2022-07-01 08:11:24	2022-01-05 10:27:53	28628739	2175784164	0	76	775		https://sra-downloadb.be-md.ncbi.nlm.nih.gov/sos1/sra-pub-zq-38/SRR017/17442/SRR17442926/SRR17442926.lite.1	SRX13614028	GSM5772507	RNA-Seq	cDNA	TRANSCRIPTOMIC	SINGLE	0	0	ILLUMINA	NextSeq 500	SRP353609	PRJNA794357	3	794357	SRS11503153	SAMN24648848	simple	9606	Homo sapiens	GSM5772507							no					UT SOUTHWESTERN MEDICAL CENTER	SRA1352300		public	8E66928C1763C773AB362F33219070B4	98B2D11DF41A80708AC552D87B646CB5	HUnafld007	GSM5772507	Public on Jul 01 2022	Jan 05 2022	Jul 01 2022	SRA	1	HUnafld007	Homo sapiens	Liver	1st biopsy	31	male	1	5	low-risk	total RNA	Truseq RNA Exome kit (Illumina, CA) following manufacturer’s protocol.	9606	NASH.HUn164.gct	Supplementary_files_format_and_content: .gct file format (tab-delimited text) including normalized gene expression levels normalized within 106 1st biopsy tissues (NAFLD.HUn106.gct) and within the 58 high-risk patients with paired biopsy tissues (NAFLD.HUn164.gct).	GPL18573	Yujin,,Hoshida	University of Texas Southwestern Medical Center	5323 Harry Hines Blvd	Dallas	TX	75390	USA	0	Illumina NextSeq 500	cDNA	transcriptomic	RNA-Seq	SRA: https://www.ncbi.nlm.nih.gov/sra?term=SRX13614028	NONE	SRR17442926
SRR17442925	2022-07-01 08:11:24	2022-01-05 10:23:56	12734558	967826408	0	76	356		https://sra-downloadb.be-md.ncbi.nlm.nih.gov/sos1/sra-pub-zq-38/SRR017/17442/SRR17442925/SRR17442925.lite.1	SRX13614029	GSM5772508	RNA-Seq	cDNA	TRANSCRIPTOMIC	SINGLE	0	0	ILLUMINA	NextSeq 500	SRP353609	PRJNA794357	3	794357	SRS11503154	SAMN24648847	simple	9606	Homo sapiens	GSM5772508							no					UT SOUTHWESTERN MEDICAL CENTER	SRA1352300		public	3B07CF70CA70402E7CB7A1BF1082BE4B	6A5E2371AB7005D74F880A99F787833E	HUnafld008	GSM5772508	Public on Jul 01 2022	Jan 05 2022	Jul 01 2022	SRA	1	HUnafld008	Homo sapiens	Liver	1st biopsy	48	male	0	6	low-risk	total RNA	Truseq RNA Exome kit (Illumina, CA) following manufacturer’s protocol.	9606	NASH.HUn164.gct	Supplementary_files_format_and_content: .gct file format (tab-delimited text) including normalized gene expression levels normalized within 106 1st biopsy tissues (NAFLD.HUn106.gct) and within the 58 high-risk patients with paired biopsy tissues (NAFLD.HUn164.gct).	GPL18573	Yujin,,Hoshida	University of Texas Southwestern Medical Center	5323 Harry Hines Blvd	Dallas	TX	75390	USA	0	Illumina NextSeq 500	cDNA	transcriptomic	RNA-Seq	SRA: https://www.ncbi.nlm.nih.gov/sra?term=SRX13614029	NONE	SRR17442925
SRR17442924	2022-07-01 08:11:24	2022-01-05 10:26:07	24727954	1879324504	0	76	657		https://sra-downloadb.be-md.ncbi.nlm.nih.gov/sos8/sra-pub-zq-820/SRR017/17442/SRR17442924/SRR17442924.lite.1	SRX13614030	GSM5772509	RNA-Seq	cDNA	TRANSCRIPTOMIC	SINGLE	0	0	ILLUMINA	NextSeq 500	SRP353609	PRJNA794357	3	794357	SRS11503155	SAMN24648846	simple	9606	Homo sapiens	GSM5772509							no					UT SOUTHWESTERN MEDICAL CENTER	SRA1352300		public	BAA2EF7152412D6B3051B9AC910B28F0	CC7A9B5FEA96DA3488B08BC1EE2E96A3	HUnafld009	GSM5772509	Public on Jul 01 2022	Jan 05 2022	Jul 01 2022	SRA	1	HUnafld009	Homo sapiens	Liver	1st biopsy	62	male	1	2	low-risk	total RNA	Truseq RNA Exome kit (Illumina, CA) following manufacturer’s protocol.	9606	NASH.HUn164.gct	Supplementary_files_format_and_content: .gct file format (tab-delimited text) including normalized gene expression levels normalized within 106 1st biopsy tissues (NAFLD.HUn106.gct) and within the 58 high-risk patients with paired biopsy tissues (NAFLD.HUn164.gct).	GPL18573	Yujin,,Hoshida	University of Texas Southwestern Medical Center	5323 Harry Hines Blvd	Dallas	TX	75390	USA	0	Illumina NextSeq 500	cDNA	transcriptomic	RNA-Seq	SRA: https://www.ncbi.nlm.nih.gov/sra?term=SRX13614030	NONE	SRR17442924
SRR17442923	2022-07-01 08:11:24	2022-01-05 10:26:08	25400133	1930410108	0	76	686		https://sra-downloadb.be-md.ncbi.nlm.nih.gov/sos1/sra-pub-zq-38/SRR017/17442/SRR17442923/SRR17442923.lite.1	SRX13614031	GSM5772510	RNA-Seq	cDNA	TRANSCRIPTOMIC	SINGLE	0	0	ILLUMINA	NextSeq 500	SRP353609	PRJNA794357	3	794357	SRS11503156	SAMN24648845	simple	9606	Homo sapiens	GSM5772510							no					UT SOUTHWESTERN MEDICAL CENTER	SRA1352300		public	D8D3296A72B8FB388846D6713ABDDC37	9577A7091117B8C26A0CC1BE7C2A9B42	HUnafld010	GSM5772510	Public on Jul 01 2022	Jan 05 2022	Jul 01 2022	SRA	1	HUnafld010	Homo sapiens	Liver	1st biopsy	74	male	1	3	low-risk	total RNA	Truseq RNA Exome kit (Illumina, CA) following manufacturer’s protocol.	9606	NASH.HUn164.gct	Supplementary_files_format_and_content: .gct file format (tab-delimited text) including normalized gene expression levels normalized within 106 1st biopsy tissues (NAFLD.HUn106.gct) and within the 58 high-risk patients with paired biopsy tissues (NAFLD.HUn164.gct).	GPL18573	Yujin,,Hoshida	University of Texas Southwestern Medical Center	5323 Harry Hines Blvd	Dallas	TX	75390	USA	0	Illumina NextSeq 500	cDNA	transcriptomic	RNA-Seq	SRA: https://www.ncbi.nlm.nih.gov/sra?term=SRX13614031	NONE	SRR17442923
SRR17442922	2022-07-01 08:11:24	2022-01-05 10:33:49	37574550	2855665800	0	76	1011		https://sra-downloadb.be-md.ncbi.nlm.nih.gov/sos1/sra-pub-zq-38/SRR017/17442/SRR17442922/SRR17442922.lite.1	SRX13614032	GSM5772511	RNA-Seq	cDNA	TRANSCRIPTOMIC	SINGLE	0	0	ILLUMINA	NextSeq 500	SRP353609	PRJNA794357	3	794357	SRS11503157	SAMN24648844	simple	9606	Homo sapiens	GSM5772511							no					UT SOUTHWESTERN MEDICAL CENTER	SRA1352300		public	C573B2DB2FF24237BBFC537C2635BF8E	27988B46E844F10BD27749CCEEA6204C	HUnafld011	GSM5772511	Public on Jul 01 2022	Jan 05 2022	Jul 01 2022	SRA	1	HUnafld011	Homo sapiens	Liver	1st biopsy	71	male	0	3	high-risk	total RNA	Truseq RNA Exome kit (Illumina, CA) following manufacturer’s protocol.	9606	NASH.HUn164.gct	Supplementary_files_format_and_content: .gct file format (tab-delimited text) including normalized gene expression levels normalized within 106 1st biopsy tissues (NAFLD.HUn106.gct) and within the 58 high-risk patients with paired biopsy tissues (NAFLD.HUn164.gct).	GPL18573	Yujin,,Hoshida	University of Texas Southwestern Medical Center	5323 Harry Hines Blvd	Dallas	TX	75390	USA	0	Illumina NextSeq 500	cDNA	transcriptomic	RNA-Seq	SRA: https://www.ncbi.nlm.nih.gov/sra?term=SRX13614032	NONE	SRR17442922
SRR17442921	2022-07-01 08:11:24	2022-01-05 10:26:27	23051365	1751903740	0	76	623		https://sra-downloadb.be-md.ncbi.nlm.nih.gov/sos1/sra-pub-zq-38/SRR017/17442/SRR17442921/SRR17442921.lite.1	SRX13614033	GSM5772512	RNA-Seq	cDNA	TRANSCRIPTOMIC	SINGLE	0	0	ILLUMINA	NextSeq 500	SRP353609	PRJNA794357	3	794357	SRS11503158	SAMN24648843	simple	9606	Homo sapiens	GSM5772512							no					UT SOUTHWESTERN MEDICAL CENTER	SRA1352300		public	5ED25102106CE9D4EFF103D2A53DECD8	1FFE50CE896FA343313D9AD0FEB2B910	HUnafld012	GSM5772512	Public on Jul 01 2022	Jan 05 2022	Jul 01 2022	SRA	1	HUnafld012	Homo sapiens	Liver	1st biopsy	32	male	0	5	low-risk	total RNA	Truseq RNA Exome kit (Illumina, CA) following manufacturer’s protocol.	9606	NASH.HUn164.gct	Supplementary_files_format_and_content: .gct file format (tab-delimited text) including normalized gene expression levels normalized within 106 1st biopsy tissues (NAFLD.HUn106.gct) and within the 58 high-risk patients with paired biopsy tissues (NAFLD.HUn164.gct).	GPL18573	Yujin,,Hoshida	University of Texas Southwestern Medical Center	5323 Harry Hines Blvd	Dallas	TX	75390	USA	0	Illumina NextSeq 500	cDNA	transcriptomic	RNA-Seq	SRA: https://www.ncbi.nlm.nih.gov/sra?term=SRX13614033	NONE	SRR17442921
SRR17442920	2022-07-01 08:11:24	2022-01-05 10:34:55	43370027	3296122052	0	76	1171		https://sra-downloadb.be-md.ncbi.nlm.nih.gov/sos1/sra-pub-zq-38/SRR017/17442/SRR17442920/SRR17442920.lite.1	SRX13614034	GSM5772513	RNA-Seq	cDNA	TRANSCRIPTOMIC	SINGLE	0	0	ILLUMINA	NextSeq 500	SRP353609	PRJNA794357	3	794357	SRS11503159	SAMN24648842	simple	9606	Homo sapiens	GSM5772513							no					UT SOUTHWESTERN MEDICAL CENTER	SRA1352300		public	D9BD23A12847D8899AE240D188A4F957	5A066ABB1C0D009B9D0EFC5E898391DE	HUnafld013	GSM5772513	Public on Jul 01 2022	Jan 05 2022	Jul 01 2022	SRA	1	HUnafld013	Homo sapiens	Liver	1st biopsy	59	male	0	1	low-risk	total RNA	Truseq RNA Exome kit (Illumina, CA) following manufacturer’s protocol.	9606	NASH.HUn164.gct	Supplementary_files_format_and_content: .gct file format (tab-delimited text) including normalized gene expression levels normalized within 106 1st biopsy tissues (NAFLD.HUn106.gct) and within the 58 high-risk patients with paired biopsy tissues (NAFLD.HUn164.gct).	GPL18573	Yujin,,Hoshida	University of Texas Southwestern Medical Center	5323 Harry Hines Blvd	Dallas	TX	75390	USA	0	Illumina NextSeq 500	cDNA	transcriptomic	RNA-Seq	SRA: https://www.ncbi.nlm.nih.gov/sra?term=SRX13614034	NONE	SRR17442920
SRR17442919	2022-07-01 08:11:25	2022-01-05 10:25:18	15523135	1179758260	0	76	418		https://sra-downloadb.be-md.ncbi.nlm.nih.gov/sos1/sra-pub-zq-38/SRR017/17442/SRR17442919/SRR17442919.lite.1	SRX13614035	GSM5772514	RNA-Seq	cDNA	TRANSCRIPTOMIC	SINGLE	0	0	ILLUMINA	NextSeq 500	SRP353609	PRJNA794357	3	794357	SRS11503160	SAMN24648841	simple	9606	Homo sapiens	GSM5772514							no					UT SOUTHWESTERN MEDICAL CENTER	SRA1352300		public	13D8096B6B248FBD5ECC1183C447D310	C560FF2BA3D66E517DCA5FD4B444922D	HUnafld015	GSM5772514	Public on Jul 01 2022	Jan 05 2022	Jul 01 2022	SRA	1	HUnafld015	Homo sapiens	Liver	1st biopsy	40	female	1	6	low-risk	total RNA	Truseq RNA Exome kit (Illumina, CA) following manufacturer’s protocol.	9606	NASH.HUn164.gct	Supplementary_files_format_and_content: .gct file format (tab-delimited text) including normalized gene expression levels normalized within 106 1st biopsy tissues (NAFLD.HUn106.gct) and within the 58 high-risk patients with paired biopsy tissues (NAFLD.HUn164.gct).	GPL18573	Yujin,,Hoshida	University of Texas Southwestern Medical Center	5323 Harry Hines Blvd	Dallas	TX	75390	USA	0	Illumina NextSeq 500	cDNA	transcriptomic	RNA-Seq	SRA: https://www.ncbi.nlm.nih.gov/sra?term=SRX13614035	NONE	SRR17442919
SRR17442918	2022-07-01 08:11:25	2022-01-05 10:25:26	19026704	1446029504	0	76	512		https://sra-downloadb.be-md.ncbi.nlm.nih.gov/sos1/sra-pub-zq-38/SRR017/17442/SRR17442918/SRR17442918.lite.1	SRX13614036	GSM5772515	RNA-Seq	cDNA	TRANSCRIPTOMIC	SINGLE	0	0	ILLUMINA	NextSeq 500	SRP353609	PRJNA794357	3	794357	SRS11503161	SAMN24648840	simple	9606	Homo sapiens	GSM5772515							no					UT SOUTHWESTERN MEDICAL CENTER	SRA1352300		public	046457DF3197CDE32D68EAC949443C68	230FD54519DE3D940343F8F556AFB08D	HUnafld016	GSM5772515	Public on Jul 01 2022	Jan 05 2022	Jul 01 2022	SRA	1	HUnafld016	Homo sapiens	Liver	1st biopsy	47	male	1	4	low-risk	total RNA	Truseq RNA Exome kit (Illumina, CA) following manufacturer’s protocol.	9606	NASH.HUn164.gct	Supplementary_files_format_and_content: .gct file format (tab-delimited text) including normalized gene expression levels normalized within 106 1st biopsy tissues (NAFLD.HUn106.gct) and within the 58 high-risk patients with paired biopsy tissues (NAFLD.HUn164.gct).	GPL18573	Yujin,,Hoshida	University of Texas Southwestern Medical Center	5323 Harry Hines Blvd	Dallas	TX	75390	USA	0	Illumina NextSeq 500	cDNA	transcriptomic	RNA-Seq	SRA: https://www.ncbi.nlm.nih.gov/sra?term=SRX13614036	NONE	SRR17442918
SRR17442917	2022-07-01 08:11:25	2022-01-05 10:26:42	21318974	1620242024	0	76	586		https://sra-downloadb.be-md.ncbi.nlm.nih.gov/sos8/sra-pub-zq-820/SRR017/17442/SRR17442917/SRR17442917.lite.1	SRX13614037	GSM5772516	RNA-Seq	cDNA	TRANSCRIPTOMIC	SINGLE	0	0	ILLUMINA	NextSeq 500	SRP353609	PRJNA794357	3	794357	SRS11503162	SAMN24648839	simple	9606	Homo sapiens	GSM5772516							no					UT SOUTHWESTERN MEDICAL CENTER	SRA1352300		public	0209E4E15DEAC73E60C815DADE630FB3	7416B5DC56EC62DDC358583C78CC8BD2	HUnafld017	GSM5772516	Public on Jul 01 2022	Jan 05 2022	Jul 01 2022	SRA	1	HUnafld017	Homo sapiens	Liver	1st biopsy	66	male	1	1	high-risk	total RNA	Truseq RNA Exome kit (Illumina, CA) following manufacturer’s protocol.	9606	NASH.HUn164.gct	Supplementary_files_format_and_content: .gct file format (tab-delimited text) including normalized gene expression levels normalized within 106 1st biopsy tissues (NAFLD.HUn106.gct) and within the 58 high-risk patients with paired biopsy tissues (NAFLD.HUn164.gct).	GPL18573	Yujin,,Hoshida	University of Texas Southwestern Medical Center	5323 Harry Hines Blvd	Dallas	TX	75390	USA	0	Illumina NextSeq 500	cDNA	transcriptomic	RNA-Seq	SRA: https://www.ncbi.nlm.nih.gov/sra?term=SRX13614037	NONE	SRR17442917
SRR17442916	2022-07-01 08:11:25	2022-01-05 10:25:55	18400900	1398468400	0	76	493		https://sra-downloadb.be-md.ncbi.nlm.nih.gov/sos9/sra-pub-zq-924/SRR017/17442/SRR17442916/SRR17442916.lite.1	SRX13614038	GSM5772517	RNA-Seq	cDNA	TRANSCRIPTOMIC	SINGLE	0	0	ILLUMINA	NextSeq 500	SRP353609	PRJNA794357	3	794357	SRS11503163	SAMN24648838	simple	9606	Homo sapiens	GSM5772517							no					UT SOUTHWESTERN MEDICAL CENTER	SRA1352300		public	06C46D1552BDD674A471268737848939	0998C4254BB268E5DA1FCDFCE79EC794	HUnafld018	GSM5772517	Public on Jul 01 2022	Jan 05 2022	Jul 01 2022	SRA	1	HUnafld018	Homo sapiens	Liver	1st biopsy	41	male	1	3	low-risk	total RNA	Truseq RNA Exome kit (Illumina, CA) following manufacturer’s protocol.	9606	NASH.HUn164.gct	Supplementary_files_format_and_content: .gct file format (tab-delimited text) including normalized gene expression levels normalized within 106 1st biopsy tissues (NAFLD.HUn106.gct) and within the 58 high-risk patients with paired biopsy tissues (NAFLD.HUn164.gct).	GPL18573	Yujin,,Hoshida	University of Texas Southwestern Medical Center	5323 Harry Hines Blvd	Dallas	TX	75390	USA	0	Illumina NextSeq 500	cDNA	transcriptomic	RNA-Seq	SRA: https://www.ncbi.nlm.nih.gov/sra?term=SRX13614038	NONE	SRR17442916
SRR17442915	2022-07-01 08:11:25	2022-01-05 10:31:26	32766994	2490291544	0	76	884		https://sra-downloadb.be-md.ncbi.nlm.nih.gov/sos8/sra-pub-zq-820/SRR017/17442/SRR17442915/SRR17442915.lite.1	SRX13614039	GSM5772518	RNA-Seq	cDNA	TRANSCRIPTOMIC	SINGLE	0	0	ILLUMINA	NextSeq 500	SRP353609	PRJNA794357	3	794357	SRS11503164	SAMN24648837	simple	9606	Homo sapiens	GSM5772518							no					UT SOUTHWESTERN MEDICAL CENTER	SRA1352300		public	A064DFD993272FA39833108BFF7584AC	96A3A1E17891E48255B3875BCD986C1A	HUnafld019	GSM5772518	Public on Jul 01 2022	Jan 05 2022	Jul 01 2022	SRA	1	HUnafld019	Homo sapiens	Liver	1st biopsy	59	female	1	3	low-risk	total RNA	Truseq RNA Exome kit (Illumina, CA) following manufacturer’s protocol.	9606	NASH.HUn164.gct	Supplementary_files_format_and_content: .gct file format (tab-delimited text) including normalized gene expression levels normalized within 106 1st biopsy tissues (NAFLD.HUn106.gct) and within the 58 high-risk patients with paired biopsy tissues (NAFLD.HUn164.gct).	GPL18573	Yujin,,Hoshida	University of Texas Southwestern Medical Center	5323 Harry Hines Blvd	Dallas	TX	75390	USA	0	Illumina NextSeq 500	cDNA	transcriptomic	RNA-Seq	SRA: https://www.ncbi.nlm.nih.gov/sra?term=SRX13614039	NONE	SRR17442915
SRR17442914	2022-07-01 08:11:25	2022-01-05 10:27:20	21966351	1669442676	0	76	590		https://sra-downloadb.be-md.ncbi.nlm.nih.gov/sos8/sra-pub-zq-818/SRR017/17442/SRR17442914/SRR17442914.lite.1	SRX13614040	GSM5772519	RNA-Seq	cDNA	TRANSCRIPTOMIC	SINGLE	0	0	ILLUMINA	NextSeq 500	SRP353609	PRJNA794357	3	794357	SRS11503165	SAMN24648836	simple	9606	Homo sapiens	GSM5772519							no					UT SOUTHWESTERN MEDICAL CENTER	SRA1352300		public	8D62A8BF45592C40B9F44498C8F502F4	9D0942049CDCC146A46715DEED5A1D90	HUnafld020	GSM5772519	Public on Jul 01 2022	Jan 05 2022	Jul 01 2022	SRA	1	HUnafld020	Homo sapiens	Liver	1st biopsy	31	male	1	6	high-risk	total RNA	Truseq RNA Exome kit (Illumina, CA) following manufacturer’s protocol.	9606	NASH.HUn164.gct	Supplementary_files_format_and_content: .gct file format (tab-delimited text) including normalized gene expression levels normalized within 106 1st biopsy tissues (NAFLD.HUn106.gct) and within the 58 high-risk patients with paired biopsy tissues (NAFLD.HUn164.gct).	GPL18573	Yujin,,Hoshida	University of Texas Southwestern Medical Center	5323 Harry Hines Blvd	Dallas	TX	75390	USA	0	Illumina NextSeq 500	cDNA	transcriptomic	RNA-Seq	SRA: https://www.ncbi.nlm.nih.gov/sra?term=SRX13614040	NONE	SRR17442914
SRR17442913	2022-07-01 08:11:25	2022-01-05 10:28:17	29524898	2243892248	0	76	784		https://sra-downloadb.be-md.ncbi.nlm.nih.gov/sos1/sra-pub-zq-38/SRR017/17442/SRR17442913/SRR17442913.lite.1	SRX13614041	GSM5772520	RNA-Seq	cDNA	TRANSCRIPTOMIC	SINGLE	0	0	ILLUMINA	NextSeq 500	SRP353609	PRJNA794357	3	794357	SRS11503166	SAMN24648835	simple	9606	Homo sapiens	GSM5772520							no					UT SOUTHWESTERN MEDICAL CENTER	SRA1352300		public	22E650D676166D41DA6B0181E9107AB2	F8F9AE41E92A5002119B70B7299A6CD2	HUnafld021	GSM5772520	Public on Jul 01 2022	Jan 05 2022	Jul 01 2022	SRA	1	HUnafld021	Homo sapiens	Liver	1st biopsy	51	male	1	4	low-risk	total RNA	Truseq RNA Exome kit (Illumina, CA) following manufacturer’s protocol.	9606	NASH.HUn164.gct	Supplementary_files_format_and_content: .gct file format (tab-delimited text) including normalized gene expression levels normalized within 106 1st biopsy tissues (NAFLD.HUn106.gct) and within the 58 high-risk patients with paired biopsy tissues (NAFLD.HUn164.gct).	GPL18573	Yujin,,Hoshida	University of Texas Southwestern Medical Center	5323 Harry Hines Blvd	Dallas	TX	75390	USA	0	Illumina NextSeq 500	cDNA	transcriptomic	RNA-Seq	SRA: https://www.ncbi.nlm.nih.gov/sra?term=SRX13614041	NONE	SRR17442913
SRR17442912	2022-07-01 08:11:25	2022-01-05 10:27:18	20288001	1541888076	0	76	544		https://sra-downloadb.be-md.ncbi.nlm.nih.gov/sos1/sra-pub-zq-38/SRR017/17442/SRR17442912/SRR17442912.lite.1	SRX13614042	GSM5772521	RNA-Seq	cDNA	TRANSCRIPTOMIC	SINGLE	0	0	ILLUMINA	NextSeq 500	SRP353609	PRJNA794357	3	794357	SRS11503167	SAMN24648834	simple	9606	Homo sapiens	GSM5772521							no					UT SOUTHWESTERN MEDICAL CENTER	SRA1352300		public	11AA054025688364B20A750682A8BC8D	C9D27563C0AFA90853227D2BE50405EC	HUnafld023	GSM5772521	Public on Jul 01 2022	Jan 05 2022	Jul 01 2022	SRA	1	HUnafld023	Homo sapiens	Liver	1st biopsy	31	male	1	4	low-risk	total RNA	Truseq RNA Exome kit (Illumina, CA) following manufacturer’s protocol.	9606	NASH.HUn164.gct	Supplementary_files_format_and_content: .gct file format (tab-delimited text) including normalized gene expression levels normalized within 106 1st biopsy tissues (NAFLD.HUn106.gct) and within the 58 high-risk patients with paired biopsy tissues (NAFLD.HUn164.gct).	GPL18573	Yujin,,Hoshida	University of Texas Southwestern Medical Center	5323 Harry Hines Blvd	Dallas	TX	75390	USA	0	Illumina NextSeq 500	cDNA	transcriptomic	RNA-Seq	SRA: https://www.ncbi.nlm.nih.gov/sra?term=SRX13614042	NONE	SRR17442912
SRR17442911	2022-07-01 08:11:25	2022-01-05 10:27:01	20760571	1577803396	0	76	551		https://sra-downloadb.be-md.ncbi.nlm.nih.gov/sos1/sra-pub-zq-38/SRR017/17442/SRR17442911/SRR17442911.lite.1	SRX13614043	GSM5772522	RNA-Seq	cDNA	TRANSCRIPTOMIC	SINGLE	0	0	ILLUMINA	NextSeq 500	SRP353609	PRJNA794357	3	794357	SRS11503168	SAMN24648833	simple	9606	Homo sapiens	GSM5772522							no					UT SOUTHWESTERN MEDICAL CENTER	SRA1352300		public	7EED303F3E575708E660C9E8834100ED	0368F1FC477FC7577419B141EF550081	HUnafld024	GSM5772522	Public on Jul 01 2022	Jan 05 2022	Jul 01 2022	SRA	1	HUnafld024	Homo sapiens	Liver	1st biopsy	57	female	1	6	high-risk	total RNA	Truseq RNA Exome kit (Illumina, CA) following manufacturer’s protocol.	9606	NASH.HUn164.gct	Supplementary_files_format_and_content: .gct file format (tab-delimited text) including normalized gene expression levels normalized within 106 1st biopsy tissues (NAFLD.HUn106.gct) and within the 58 high-risk patients with paired biopsy tissues (NAFLD.HUn164.gct).	GPL18573	Yujin,,Hoshida	University of Texas Southwestern Medical Center	5323 Harry Hines Blvd	Dallas	TX	75390	USA	0	Illumina NextSeq 500	cDNA	transcriptomic	RNA-Seq	SRA: https://www.ncbi.nlm.nih.gov/sra?term=SRX13614043	NONE	SRR17442911
SRR17442910	2022-07-01 08:11:25	2022-01-05 10:28:13	24972419	1897903844	0	76	665		https://sra-downloadb.be-md.ncbi.nlm.nih.gov/sos1/sra-pub-zq-38/SRR017/17442/SRR17442910/SRR17442910.lite.1	SRX13614044	GSM5772523	RNA-Seq	cDNA	TRANSCRIPTOMIC	SINGLE	0	0	ILLUMINA	NextSeq 500	SRP353609	PRJNA794357	3	794357	SRS11503169	SAMN24648832	simple	9606	Homo sapiens	GSM5772523							no					UT SOUTHWESTERN MEDICAL CENTER	SRA1352300		public	46FCE44D7FF5B1BAEB6138217A244A83	2674B8C89E7BB8DA6CF960CF19AFA146	HUnafld025	GSM5772523	Public on Jul 01 2022	Jan 05 2022	Jul 01 2022	SRA	1	HUnafld025	Homo sapiens	Liver	1st biopsy	54	female	1	3	low-risk	total RNA	Truseq RNA Exome kit (Illumina, CA) following manufacturer’s protocol.	9606	NASH.HUn164.gct	Supplementary_files_format_and_content: .gct file format (tab-delimited text) including normalized gene expression levels normalized within 106 1st biopsy tissues (NAFLD.HUn106.gct) and within the 58 high-risk patients with paired biopsy tissues (NAFLD.HUn164.gct).	GPL18573	Yujin,,Hoshida	University of Texas Southwestern Medical Center	5323 Harry Hines Blvd	Dallas	TX	75390	USA	0	Illumina NextSeq 500	cDNA	transcriptomic	RNA-Seq	SRA: https://www.ncbi.nlm.nih.gov/sra?term=SRX13614044	NONE	SRR17442910
SRR17442909	2022-07-01 08:11:25	2022-01-05 10:30:30	38282262	2909451912	0	76	1018		https://sra-downloadb.be-md.ncbi.nlm.nih.gov/sos4/sra-pub-zq-1/SRR017/17442/SRR17442909/SRR17442909.lite.1	SRX13614045	GSM5772524	RNA-Seq	cDNA	TRANSCRIPTOMIC	SINGLE	0	0	ILLUMINA	NextSeq 500	SRP353609	PRJNA794357	3	794357	SRS11503170	SAMN24648831	simple	9606	Homo sapiens	GSM5772524							no					UT SOUTHWESTERN MEDICAL CENTER	SRA1352300		public	C4170EEE4DBB82607BDFC601F48727EF	CBE1D4CB818A283D36FD5017E0F36A2F	HUnafld026	GSM5772524	Public on Jul 01 2022	Jan 05 2022	Jul 01 2022	SRA	1	HUnafld026	Homo sapiens	Liver	1st biopsy	57	female	1	3	high-risk	total RNA	Truseq RNA Exome kit (Illumina, CA) following manufacturer’s protocol.	9606	NASH.HUn164.gct	Supplementary_files_format_and_content: .gct file format (tab-delimited text) including normalized gene expression levels normalized within 106 1st biopsy tissues (NAFLD.HUn106.gct) and within the 58 high-risk patients with paired biopsy tissues (NAFLD.HUn164.gct).	GPL18573	Yujin,,Hoshida	University of Texas Southwestern Medical Center	5323 Harry Hines Blvd	Dallas	TX	75390	USA	0	Illumina NextSeq 500	cDNA	transcriptomic	RNA-Seq	SRA: https://www.ncbi.nlm.nih.gov/sra?term=SRX13614045	NONE	SRR17442909
SRR17442908	2022-07-01 08:11:25	2022-01-05 10:27:34	22899485	1740360860	0	76	608		https://sra-downloadb.be-md.ncbi.nlm.nih.gov/sos1/sra-pub-zq-38/SRR017/17442/SRR17442908/SRR17442908.lite.1	SRX13614046	GSM5772525	RNA-Seq	cDNA	TRANSCRIPTOMIC	SINGLE	0	0	ILLUMINA	NextSeq 500	SRP353609	PRJNA794357	3	794357	SRS11503171	SAMN24648830	simple	9606	Homo sapiens	GSM5772525							no					UT SOUTHWESTERN MEDICAL CENTER	SRA1352300		public	AA449FCC01FD75653E6C0BF378C029C6	4DAEB3ED70849CF7BD8085C8EEB03211	HUnafld027	GSM5772525	Public on Jul 01 2022	Jan 05 2022	Jul 01 2022	SRA	1	HUnafld027	Homo sapiens	Liver	1st biopsy	63	male	1	3	high-risk	total RNA	Truseq RNA Exome kit (Illumina, CA) following manufacturer’s protocol.	9606	NASH.HUn164.gct	Supplementary_files_format_and_content: .gct file format (tab-delimited text) including normalized gene expression levels normalized within 106 1st biopsy tissues (NAFLD.HUn106.gct) and within the 58 high-risk patients with paired biopsy tissues (NAFLD.HUn164.gct).	GPL18573	Yujin,,Hoshida	University of Texas Southwestern Medical Center	5323 Harry Hines Blvd	Dallas	TX	75390	USA	0	Illumina NextSeq 500	cDNA	transcriptomic	RNA-Seq	SRA: https://www.ncbi.nlm.nih.gov/sra?term=SRX13614046	NONE	SRR17442908
SRR17442907	2022-07-01 08:11:25	2022-01-05 10:26:36	23127361	1757679436	0	76	591		https://sra-downloadb.be-md.ncbi.nlm.nih.gov/sos1/sra-pub-zq-38/SRR017/17442/SRR17442907/SRR17442907.lite.1	SRX13614047	GSM5772526	RNA-Seq	cDNA	TRANSCRIPTOMIC	SINGLE	0	0	ILLUMINA	NextSeq 500	SRP353609	PRJNA794357	3	794357	SRS11503172	SAMN24648829	simple	9606	Homo sapiens	GSM5772526							no					UT SOUTHWESTERN MEDICAL CENTER	SRA1352300		public	0FEFACD2A643FAC77FACCDF78DB47826	9121D6A579D5A302F0B80C8646E829B0	HUnafld029	GSM5772526	Public on Jul 01 2022	Jan 05 2022	Jul 01 2022	SRA	1	HUnafld029	Homo sapiens	Liver	1st biopsy	51	female	1	3	low-risk	total RNA	Truseq RNA Exome kit (Illumina, CA) following manufacturer’s protocol.	9606	NASH.HUn164.gct	Supplementary_files_format_and_content: .gct file format (tab-delimited text) including normalized gene expression levels normalized within 106 1st biopsy tissues (NAFLD.HUn106.gct) and within the 58 high-risk patients with paired biopsy tissues (NAFLD.HUn164.gct).	GPL18573	Yujin,,Hoshida	University of Texas Southwestern Medical Center	5323 Harry Hines Blvd	Dallas	TX	75390	USA	0	Illumina NextSeq 500	cDNA	transcriptomic	RNA-Seq	SRA: https://www.ncbi.nlm.nih.gov/sra?term=SRX13614047	NONE	SRR17442907
SRR17442906	2022-07-01 08:11:25	2022-01-05 10:29:07	27351505	2078714380	0	76	727		https://sra-downloadb.be-md.ncbi.nlm.nih.gov/sos4/sra-pub-zq-1/SRR017/17442/SRR17442906/SRR17442906.lite.1	SRX13614048	GSM5772527	RNA-Seq	cDNA	TRANSCRIPTOMIC	SINGLE	0	0	ILLUMINA	NextSeq 500	SRP353609	PRJNA794357	3	794357	SRS11503173	SAMN24648828	simple	9606	Homo sapiens	GSM5772527							no					UT SOUTHWESTERN MEDICAL CENTER	SRA1352300		public	0E3E1FBA593D09D05420FF647113B728	DF669383D8AB8EC8D489B6BC28333C57	HUnafld034	GSM5772527	Public on Jul 01 2022	Jan 05 2022	Jul 01 2022	SRA	1	HUnafld034	Homo sapiens	Liver	1st biopsy	62	female	2	5	low-risk	total RNA	Truseq RNA Exome kit (Illumina, CA) following manufacturer’s protocol.	9606	NASH.HUn164.gct	Supplementary_files_format_and_content: .gct file format (tab-delimited text) including normalized gene expression levels normalized within 106 1st biopsy tissues (NAFLD.HUn106.gct) and within the 58 high-risk patients with paired biopsy tissues (NAFLD.HUn164.gct).	GPL18573	Yujin,,Hoshida	University of Texas Southwestern Medical Center	5323 Harry Hines Blvd	Dallas	TX	75390	USA	0	Illumina NextSeq 500	cDNA	transcriptomic	RNA-Seq	SRA: https://www.ncbi.nlm.nih.gov/sra?term=SRX13614048	NONE	SRR17442906
SRR17442905	2022-07-01 08:11:25	2022-01-05 10:26:58	24845380	1888248880	0	76	659		https://sra-downloadb.be-md.ncbi.nlm.nih.gov/sos1/sra-pub-zq-38/SRR017/17442/SRR17442905/SRR17442905.lite.1	SRX13614049	GSM5772528	RNA-Seq	cDNA	TRANSCRIPTOMIC	SINGLE	0	0	ILLUMINA	NextSeq 500	SRP353609	PRJNA794357	3	794357	SRS11503174	SAMN24648827	simple	9606	Homo sapiens	GSM5772528							no					UT SOUTHWESTERN MEDICAL CENTER	SRA1352300		public	EB3167481DFC55B995E9E239384E6418	37C5C37B60CC4C7BD1FA38F3D7C09337	HUnafld035_1	GSM5772528	Public on Jul 01 2022	Jan 05 2022	Jul 01 2022	SRA	1	HUnafld035_1	Homo sapiens	Liver	1st biopsy	20	male	2	4	high-risk	total RNA	Truseq RNA Exome kit (Illumina, CA) following manufacturer’s protocol.	9606	NASH.HUn164.gct	Supplementary_files_format_and_content: .gct file format (tab-delimited text) including normalized gene expression levels normalized within 106 1st biopsy tissues (NAFLD.HUn106.gct) and within the 58 high-risk patients with paired biopsy tissues (NAFLD.HUn164.gct).	GPL18573	Yujin,,Hoshida	University of Texas Southwestern Medical Center	5323 Harry Hines Blvd	Dallas	TX	75390	USA	0	Illumina NextSeq 500	cDNA	transcriptomic	RNA-Seq	SRA: https://www.ncbi.nlm.nih.gov/sra?term=SRX13614049	NONE	SRR17442905
SRR17442904	2022-07-01 08:11:24	2022-01-05 10:30:40	29928148	2274539248	0	76	779		https://sra-downloadb.be-md.ncbi.nlm.nih.gov/sos9/sra-pub-zq-924/SRR017/17442/SRR17442904/SRR17442904.lite.1	SRX13614050	GSM5772585	RNA-Seq	cDNA	TRANSCRIPTOMIC	SINGLE	0	0	ILLUMINA	NextSeq 500	SRP353609	PRJNA794357	3	794357	SRS11503175	SAMN24648770	simple	9606	Homo sapiens	GSM5772585							no					UT SOUTHWESTERN MEDICAL CENTER	SRA1352300		public	9D2373AAE7F64A79FC4B38F6F5296989	12A7929E17FE88425157D899094F3C30	HUnafld092_1	GSM5772585	Public on Jul 01 2022	Jan 05 2022	Jul 01 2022	SRA	1	HUnafld092_1	Homo sapiens	Liver	1st biopsy	69	female	3	2	high-risk	total RNA	Truseq RNA Exome kit (Illumina, CA) following manufacturer’s protocol.	9606	NASH.HUn164.gct	Supplementary_files_format_and_content: .gct file format (tab-delimited text) including normalized gene expression levels normalized within 106 1st biopsy tissues (NAFLD.HUn106.gct) and within the 58 high-risk patients with paired biopsy tissues (NAFLD.HUn164.gct).	GPL18573	Yujin,,Hoshida	University of Texas Southwestern Medical Center	5323 Harry Hines Blvd	Dallas	TX	75390	USA	0	Illumina NextSeq 500	cDNA	transcriptomic	RNA-Seq	SRA: https://www.ncbi.nlm.nih.gov/sra?term=SRX13614050	NONE	SRR17442904
SRR17442903	2022-07-01 08:11:24	2022-01-05 10:26:03	19532367	1484459892	0	76	508		https://sra-downloadb.be-md.ncbi.nlm.nih.gov/sos1/sra-pub-zq-38/SRR017/17442/SRR17442903/SRR17442903.lite.1	SRX13614051	GSM5772586	RNA-Seq	cDNA	TRANSCRIPTOMIC	SINGLE	0	0	ILLUMINA	NextSeq 500	SRP353609	PRJNA794357	3	794357	SRS11503176	SAMN24648769	simple	9606	Homo sapiens	GSM5772586							no					UT SOUTHWESTERN MEDICAL CENTER	SRA1352300		public	FBE533403D96E5809942DE083032EC43	CB0999BFF40A195B3E9F480D51FC4846	HUnafld093_1	GSM5772586	Public on Jul 01 2022	Jan 05 2022	Jul 01 2022	SRA	1	HUnafld093_1	Homo sapiens	Liver	1st biopsy	61	female	1	5	high-risk	total RNA	Truseq RNA Exome kit (Illumina, CA) following manufacturer’s protocol.	9606	NASH.HUn164.gct	Supplementary_files_format_and_content: .gct file format (tab-delimited text) including normalized gene expression levels normalized within 106 1st biopsy tissues (NAFLD.HUn106.gct) and within the 58 high-risk patients with paired biopsy tissues (NAFLD.HUn164.gct).	GPL18573	Yujin,,Hoshida	University of Texas Southwestern Medical Center	5323 Harry Hines Blvd	Dallas	TX	75390	USA	0	Illumina NextSeq 500	cDNA	transcriptomic	RNA-Seq	SRA: https://www.ncbi.nlm.nih.gov/sra?term=SRX13614051	NONE	SRR17442903
SRR17442902	2022-07-01 08:11:24	2022-01-05 10:26:47	21490516	1633279216	0	76	561		https://sra-downloadb.be-md.ncbi.nlm.nih.gov/sos1/sra-pub-zq-38/SRR017/17442/SRR17442902/SRR17442902.lite.1	SRX13614052	GSM5772587	RNA-Seq	cDNA	TRANSCRIPTOMIC	SINGLE	0	0	ILLUMINA	NextSeq 500	SRP353609	PRJNA794357	3	794357	SRS11503177	SAMN24648768	simple	9606	Homo sapiens	GSM5772587							no					UT SOUTHWESTERN MEDICAL CENTER	SRA1352300		public	8FFDCA29171C3E3B32977FE296CF7255	59A93C9031FE77764703E224F59FDDF2	HUnafld094_1	GSM5772587	Public on Jul 01 2022	Jan 05 2022	Jul 01 2022	SRA	1	HUnafld094_1	Homo sapiens	Liver	1st biopsy	63	male	2	6	high-risk	total RNA	Truseq RNA Exome kit (Illumina, CA) following manufacturer’s protocol.	9606	NASH.HUn164.gct	Supplementary_files_format_and_content: .gct file format (tab-delimited text) including normalized gene expression levels normalized within 106 1st biopsy tissues (NAFLD.HUn106.gct) and within the 58 high-risk patients with paired biopsy tissues (NAFLD.HUn164.gct).	GPL18573	Yujin,,Hoshida	University of Texas Southwestern Medical Center	5323 Harry Hines Blvd	Dallas	TX	75390	USA	0	Illumina NextSeq 500	cDNA	transcriptomic	RNA-Seq	SRA: https://www.ncbi.nlm.nih.gov/sra?term=SRX13614052	NONE	SRR17442902
SRR17442901	2022-07-01 08:11:24	2022-01-05 10:28:08	23380708	1776933808	0	76	606		https://sra-downloadb.be-md.ncbi.nlm.nih.gov/sos1/sra-pub-zq-38/SRR017/17442/SRR17442901/SRR17442901.lite.1	SRX13614053	GSM5772588	RNA-Seq	cDNA	TRANSCRIPTOMIC	SINGLE	0	0	ILLUMINA	NextSeq 500	SRP353609	PRJNA794357	3	794357	SRS11503178	SAMN24648767	simple	9606	Homo sapiens	GSM5772588							no					UT SOUTHWESTERN MEDICAL CENTER	SRA1352300		public	02B26903DB3CCDAF5253730586D63250	9F5FBB3E60806A12807A280A1324CD61	HUnafld095_1	GSM5772588	Public on Jul 01 2022	Jan 05 2022	Jul 01 2022	SRA	1	HUnafld095_1	Homo sapiens	Liver	1st biopsy	79	female	3	5	high-risk	total RNA	Truseq RNA Exome kit (Illumina, CA) following manufacturer’s protocol.	9606	NASH.HUn164.gct	Supplementary_files_format_and_content: .gct file format (tab-delimited text) including normalized gene expression levels normalized within 106 1st biopsy tissues (NAFLD.HUn106.gct) and within the 58 high-risk patients with paired biopsy tissues (NAFLD.HUn164.gct).	GPL18573	Yujin,,Hoshida	University of Texas Southwestern Medical Center	5323 Harry Hines Blvd	Dallas	TX	75390	USA	0	Illumina NextSeq 500	cDNA	transcriptomic	RNA-Seq	SRA: https://www.ncbi.nlm.nih.gov/sra?term=SRX13614053	NONE	SRR17442901
SRR17442900	2022-07-01 08:11:24	2022-01-05 10:24:11	12216459	928450884	0	76	329		https://sra-downloadb.be-md.ncbi.nlm.nih.gov/sos1/sra-pub-zq-38/SRR017/17442/SRR17442900/SRR17442900.lite.1	SRX13614054	GSM5772589	RNA-Seq	cDNA	TRANSCRIPTOMIC	SINGLE	0	0	ILLUMINA	NextSeq 500	SRP353609	PRJNA794357	3	794357	SRS11503179	SAMN24648766	simple	9606	Homo sapiens	GSM5772589							no					UT SOUTHWESTERN MEDICAL CENTER	SRA1352300		public	472BF4572A5561F36F5EACF87A4B002D	2002ED5E585F0976487867247DC122BF	HUnafld096_1	GSM5772589	Public on Jul 01 2022	Jan 05 2022	Jul 01 2022	SRA	1	HUnafld096_1	Homo sapiens	Liver	1st biopsy	34	male	2	5	high-risk	total RNA	Truseq RNA Exome kit (Illumina, CA) following manufacturer’s protocol.	9606	NASH.HUn164.gct	Supplementary_files_format_and_content: .gct file format (tab-delimited text) including normalized gene expression levels normalized within 106 1st biopsy tissues (NAFLD.HUn106.gct) and within the 58 high-risk patients with paired biopsy tissues (NAFLD.HUn164.gct).	GPL18573	Yujin,,Hoshida	University of Texas Southwestern Medical Center	5323 Harry Hines Blvd	Dallas	TX	75390	USA	0	Illumina NextSeq 500	cDNA	transcriptomic	RNA-Seq	SRA: https://www.ncbi.nlm.nih.gov/sra?term=SRX13614054	NONE	SRR17442900
SRR17442899	2022-07-01 08:11:24	2022-01-05 10:29:59	28540495	2169077620	0	76	740		https://sra-downloadb.be-md.ncbi.nlm.nih.gov/sos1/sra-pub-zq-38/SRR017/17442/SRR17442899/SRR17442899.lite.1	SRX13614055	GSM5772590	RNA-Seq	cDNA	TRANSCRIPTOMIC	SINGLE	0	0	ILLUMINA	NextSeq 500	SRP353609	PRJNA794357	3	794357	SRS11503180	SAMN24648765	simple	9606	Homo sapiens	GSM5772590							no					UT SOUTHWESTERN MEDICAL CENTER	SRA1352300		public	36A6F4B3B80A65AF5D5115DCD305A63D	65B9E34EF4F673CF378021358B09E13E	HUnafld097_1	GSM5772590	Public on Jul 01 2022	Jan 05 2022	Jul 01 2022	SRA	1	HUnafld097_1	Homo sapiens	Liver	1st biopsy	33	male	1	4	high-risk	total RNA	Truseq RNA Exome kit (Illumina, CA) following manufacturer’s protocol.	9606	NASH.HUn164.gct	Supplementary_files_format_and_content: .gct file format (tab-delimited text) including normalized gene expression levels normalized within 106 1st biopsy tissues (NAFLD.HUn106.gct) and within the 58 high-risk patients with paired biopsy tissues (NAFLD.HUn164.gct).	GPL18573	Yujin,,Hoshida	University of Texas Southwestern Medical Center	5323 Harry Hines Blvd	Dallas	TX	75390	USA	0	Illumina NextSeq 500	cDNA	transcriptomic	RNA-Seq	SRA: https://www.ncbi.nlm.nih.gov/sra?term=SRX13614055	NONE	SRR17442899
SRR17442898	2022-07-01 08:11:24	2022-01-05 10:30:04	31164645	2368513020	0	76	806		https://sra-downloadb.be-md.ncbi.nlm.nih.gov/sos9/sra-pub-zq-924/SRR017/17442/SRR17442898/SRR17442898.lite.1	SRX13614056	GSM5772591	RNA-Seq	cDNA	TRANSCRIPTOMIC	SINGLE	0	0	ILLUMINA	NextSeq 500	SRP353609	PRJNA794357	3	794357	SRS11503181	SAMN24648764	simple	9606	Homo sapiens	GSM5772591							no					UT SOUTHWESTERN MEDICAL CENTER	SRA1352300		public	0A6FD39ECD828061C127A79F93F3E4E8	7D1FFB0023B7A1F4CDFFCD4DD1B26907	HUnafld098_1	GSM5772591	Public on Jul 01 2022	Jan 05 2022	Jul 01 2022	SRA	1	HUnafld098_1	Homo sapiens	Liver	1st biopsy	38	male	2	7	high-risk	total RNA	Truseq RNA Exome kit (Illumina, CA) following manufacturer’s protocol.	9606	NASH.HUn164.gct	Supplementary_files_format_and_content: .gct file format (tab-delimited text) including normalized gene expression levels normalized within 106 1st biopsy tissues (NAFLD.HUn106.gct) and within the 58 high-risk patients with paired biopsy tissues (NAFLD.HUn164.gct).	GPL18573	Yujin,,Hoshida	University of Texas Southwestern Medical Center	5323 Harry Hines Blvd	Dallas	TX	75390	USA	0	Illumina NextSeq 500	cDNA	transcriptomic	RNA-Seq	SRA: https://www.ncbi.nlm.nih.gov/sra?term=SRX13614056	NONE	SRR17442898
SRR17442897	2022-07-01 08:11:24	2022-01-05 10:26:02	18141310	1378739560	0	76	473		https://sra-downloadb.be-md.ncbi.nlm.nih.gov/sos1/sra-pub-zq-38/SRR017/17442/SRR17442897/SRR17442897.lite.1	SRX13614057	GSM5772592	RNA-Seq	cDNA	TRANSCRIPTOMIC	SINGLE	0	0	ILLUMINA	NextSeq 500	SRP353609	PRJNA794357	3	794357	SRS11503182	SAMN24648763	simple	9606	Homo sapiens	GSM5772592							no					UT SOUTHWESTERN MEDICAL CENTER	SRA1352300		public	D0B9DE31FCB916C00D9E80657B9DB672	E6EA5EB7196557F25591C6D08CAB28C1	HUnafld099_1	GSM5772592	Public on Jul 01 2022	Jan 05 2022	Jul 01 2022	SRA	1	HUnafld099_1	Homo sapiens	Liver	1st biopsy	47	female	2	3	high-risk	total RNA	Truseq RNA Exome kit (Illumina, CA) following manufacturer’s protocol.	9606	NASH.HUn164.gct	Supplementary_files_format_and_content: .gct file format (tab-delimited text) including normalized gene expression levels normalized within 106 1st biopsy tissues (NAFLD.HUn106.gct) and within the 58 high-risk patients with paired biopsy tissues (NAFLD.HUn164.gct).	GPL18573	Yujin,,Hoshida	University of Texas Southwestern Medical Center	5323 Harry Hines Blvd	Dallas	TX	75390	USA	0	Illumina NextSeq 500	cDNA	transcriptomic	RNA-Seq	SRA: https://www.ncbi.nlm.nih.gov/sra?term=SRX13614057	NONE	SRR17442897
SRR17442896	2022-07-01 08:11:24	2022-01-05 10:27:39	22489385	1709193260	0	76	583		https://sra-downloadb.be-md.ncbi.nlm.nih.gov/sos9/sra-pub-zq-924/SRR017/17442/SRR17442896/SRR17442896.lite.1	SRX13614058	GSM5772593	RNA-Seq	cDNA	TRANSCRIPTOMIC	SINGLE	0	0	ILLUMINA	NextSeq 500	SRP353609	PRJNA794357	3	794357	SRS11503183	SAMN24648762	simple	9606	Homo sapiens	GSM5772593							no					UT SOUTHWESTERN MEDICAL CENTER	SRA1352300		public	36F513DCE290DE45B34E4D7DED6381B3	2036A87E2B99208BEDA6FA040253C41E	HUnafld100	GSM5772593	Public on Jul 01 2022	Jan 05 2022	Jul 01 2022	SRA	1	HUnafld100	Homo sapiens	Liver	1st biopsy	55	male	1	5	low-risk	total RNA	Truseq RNA Exome kit (Illumina, CA) following manufacturer’s protocol.	9606	NASH.HUn164.gct	Supplementary_files_format_and_content: .gct file format (tab-delimited text) including normalized gene expression levels normalized within 106 1st biopsy tissues (NAFLD.HUn106.gct) and within the 58 high-risk patients with paired biopsy tissues (NAFLD.HUn164.gct).	GPL18573	Yujin,,Hoshida	University of Texas Southwestern Medical Center	5323 Harry Hines Blvd	Dallas	TX	75390	USA	0	Illumina NextSeq 500	cDNA	transcriptomic	RNA-Seq	SRA: https://www.ncbi.nlm.nih.gov/sra?term=SRX13614058	NONE	SRR17442896
SRR17442895	2022-07-01 08:11:24	2022-01-05 10:28:13	25483869	1936774044	0	76	660		https://sra-downloadb.be-md.ncbi.nlm.nih.gov/sos9/sra-pub-zq-924/SRR017/17442/SRR17442895/SRR17442895.lite.1	SRX13614059	GSM5772594	RNA-Seq	cDNA	TRANSCRIPTOMIC	SINGLE	0	0	ILLUMINA	NextSeq 500	SRP353609	PRJNA794357	3	794357	SRS11503184	SAMN24648761	simple	9606	Homo sapiens	GSM5772594							no					UT SOUTHWESTERN MEDICAL CENTER	SRA1352300		public	863A648D2E1979146C0E1F81C67BEBDB	A506498E4B56A021A759B69DA98C9BF1	HUnafld101_1	GSM5772594	Public on Jul 01 2022	Jan 05 2022	Jul 01 2022	SRA	1	HUnafld101_1	Homo sapiens	Liver	1st biopsy	64	female	3	4	high-risk	total RNA	Truseq RNA Exome kit (Illumina, CA) following manufacturer’s protocol.	9606	NASH.HUn164.gct	Supplementary_files_format_and_content: .gct file format (tab-delimited text) including normalized gene expression levels normalized within 106 1st biopsy tissues (NAFLD.HUn106.gct) and within the 58 high-risk patients with paired biopsy tissues (NAFLD.HUn164.gct).	GPL18573	Yujin,,Hoshida	University of Texas Southwestern Medical Center	5323 Harry Hines Blvd	Dallas	TX	75390	USA	0	Illumina NextSeq 500	cDNA	transcriptomic	RNA-Seq	SRA: https://www.ncbi.nlm.nih.gov/sra?term=SRX13614059	NONE	SRR17442895
SRR17442894	2022-07-01 08:11:24	2022-01-05 10:24:09	14161659	1076286084	0	76	369		https://sra-downloadb.be-md.ncbi.nlm.nih.gov/sos1/sra-pub-zq-38/SRR017/17442/SRR17442894/SRR17442894.lite.1	SRX13614060	GSM5772595	RNA-Seq	cDNA	TRANSCRIPTOMIC	SINGLE	0	0	ILLUMINA	NextSeq 500	SRP353609	PRJNA794357	3	794357	SRS11503185	SAMN24648760	simple	9606	Homo sapiens	GSM5772595							no					UT SOUTHWESTERN MEDICAL CENTER	SRA1352300		public	9A0D677B859D7F85710EF6EB70106867	3D49C4C3DB33BCDB7729EF7AF6E85B65	HUnafld102_1	GSM5772595	Public on Jul 01 2022	Jan 05 2022	Jul 01 2022	SRA	1	HUnafld102_1	Homo sapiens	Liver	1st biopsy	73	female	2	7	high-risk	total RNA	Truseq RNA Exome kit (Illumina, CA) following manufacturer’s protocol.	9606	NASH.HUn164.gct	Supplementary_files_format_and_content: .gct file format (tab-delimited text) including normalized gene expression levels normalized within 106 1st biopsy tissues (NAFLD.HUn106.gct) and within the 58 high-risk patients with paired biopsy tissues (NAFLD.HUn164.gct).	GPL18573	Yujin,,Hoshida	University of Texas Southwestern Medical Center	5323 Harry Hines Blvd	Dallas	TX	75390	USA	0	Illumina NextSeq 500	cDNA	transcriptomic	RNA-Seq	SRA: https://www.ncbi.nlm.nih.gov/sra?term=SRX13614060	NONE	SRR17442894
SRR17442893	2022-07-01 08:11:24	2022-01-05 10:26:20	19003630	1444275880	0	76	495		https://sra-downloadb.be-md.ncbi.nlm.nih.gov/sos1/sra-pub-zq-38/SRR017/17442/SRR17442893/SRR17442893.lite.1	SRX13614061	GSM5772596	RNA-Seq	cDNA	TRANSCRIPTOMIC	SINGLE	0	0	ILLUMINA	NextSeq 500	SRP353609	PRJNA794357	3	794357	SRS11503186	SAMN24648759	simple	9606	Homo sapiens	GSM5772596							no					UT SOUTHWESTERN MEDICAL CENTER	SRA1352300		public	D2A738EED987E5053EB2F10FD2DD3283	B95ADA76A7D74B649FE26695B8AA75E9	HUnafld103_1	GSM5772596	Public on Jul 01 2022	Jan 05 2022	Jul 01 2022	SRA	1	HUnafld103_1	Homo sapiens	Liver	1st biopsy	35	male	1	6	high-risk	total RNA	Truseq RNA Exome kit (Illumina, CA) following manufacturer’s protocol.	9606	NASH.HUn164.gct	Supplementary_files_format_and_content: .gct file format (tab-delimited text) including normalized gene expression levels normalized within 106 1st biopsy tissues (NAFLD.HUn106.gct) and within the 58 high-risk patients with paired biopsy tissues (NAFLD.HUn164.gct).	GPL18573	Yujin,,Hoshida	University of Texas Southwestern Medical Center	5323 Harry Hines Blvd	Dallas	TX	75390	USA	0	Illumina NextSeq 500	cDNA	transcriptomic	RNA-Seq	SRA: https://www.ncbi.nlm.nih.gov/sra?term=SRX13614061	NONE	SRR17442893
SRR17442892	2022-07-01 08:11:24	2022-01-05 10:25:36	18159286	1380105736	0	76	476		https://sra-downloadb.be-md.ncbi.nlm.nih.gov/sos9/sra-pub-zq-924/SRR017/17442/SRR17442892/SRR17442892.lite.1	SRX13614062	GSM5772597	RNA-Seq	cDNA	TRANSCRIPTOMIC	SINGLE	0	0	ILLUMINA	NextSeq 500	SRP353609	PRJNA794357	3	794357	SRS11503187	SAMN24648758	simple	9606	Homo sapiens	GSM5772597							no					UT SOUTHWESTERN MEDICAL CENTER	SRA1352300		public	4EEFCA04C3A3123C32C3230C69B3A811	17A4616EBF6ECF3BC8929B1FDAB06CA7	HUnafld104	GSM5772597	Public on Jul 01 2022	Jan 05 2022	Jul 01 2022	SRA	1	HUnafld104	Homo sapiens	Liver	1st biopsy	54	female	1	3	low-risk	total RNA	Truseq RNA Exome kit (Illumina, CA) following manufacturer’s protocol.	9606	NASH.HUn164.gct	Supplementary_files_format_and_content: .gct file format (tab-delimited text) including normalized gene expression levels normalized within 106 1st biopsy tissues (NAFLD.HUn106.gct) and within the 58 high-risk patients with paired biopsy tissues (NAFLD.HUn164.gct).	GPL18573	Yujin,,Hoshida	University of Texas Southwestern Medical Center	5323 Harry Hines Blvd	Dallas	TX	75390	USA	0	Illumina NextSeq 500	cDNA	transcriptomic	RNA-Seq	SRA: https://www.ncbi.nlm.nih.gov/sra?term=SRX13614062	NONE	SRR17442892
SRR17442891	2022-07-01 08:11:24	2022-01-05 10:25:50	17717286	1346513736	0	76	463		https://sra-downloadb.be-md.ncbi.nlm.nih.gov/sos1/sra-pub-zq-38/SRR017/17442/SRR17442891/SRR17442891.lite.1	SRX13614063	GSM5772598	RNA-Seq	cDNA	TRANSCRIPTOMIC	SINGLE	0	0	ILLUMINA	NextSeq 500	SRP353609	PRJNA794357	3	794357	SRS11503188	SAMN24648757	simple	9606	Homo sapiens	GSM5772598							no					UT SOUTHWESTERN MEDICAL CENTER	SRA1352300		public	E715BBFC0238E96C90ADCFC88A450F71	877D26DDF88C0622367D44DB54FD1B40	HUnafld105	GSM5772598	Public on Jul 01 2022	Jan 05 2022	Jul 01 2022	SRA	1	HUnafld105	Homo sapiens	Liver	1st biopsy	38	male	2	3	low-risk	total RNA	Truseq RNA Exome kit (Illumina, CA) following manufacturer’s protocol.	9606	NASH.HUn164.gct	Supplementary_files_format_and_content: .gct file format (tab-delimited text) including normalized gene expression levels normalized within 106 1st biopsy tissues (NAFLD.HUn106.gct) and within the 58 high-risk patients with paired biopsy tissues (NAFLD.HUn164.gct).	GPL18573	Yujin,,Hoshida	University of Texas Southwestern Medical Center	5323 Harry Hines Blvd	Dallas	TX	75390	USA	0	Illumina NextSeq 500	cDNA	transcriptomic	RNA-Seq	SRA: https://www.ncbi.nlm.nih.gov/sra?term=SRX13614063	NONE	SRR17442891
SRR17442890	2022-07-01 08:11:24	2022-01-05 10:26:33	22276635	1693024260	0	76	578		https://sra-downloadb.be-md.ncbi.nlm.nih.gov/sos1/sra-pub-zq-38/SRR017/17442/SRR17442890/SRR17442890.lite.1	SRX13614064	GSM5772599	RNA-Seq	cDNA	TRANSCRIPTOMIC	SINGLE	0	0	ILLUMINA	NextSeq 500	SRP353609	PRJNA794357	3	794357	SRS11503189	SAMN24648756	simple	9606	Homo sapiens	GSM5772599							no					UT SOUTHWESTERN MEDICAL CENTER	SRA1352300		public	F27225E5B755A2513783EA719DC8AC4D	AE5634E8A89E76AFBB4CD2738D5ED862	HUnafld106_1	GSM5772599	Public on Jul 01 2022	Jan 05 2022	Jul 01 2022	SRA	1	HUnafld106_1	Homo sapiens	Liver	1st biopsy	74	female	3	3	high-risk	total RNA	Truseq RNA Exome kit (Illumina, CA) following manufacturer’s protocol.	9606	NASH.HUn164.gct	Supplementary_files_format_and_content: .gct file format (tab-delimited text) including normalized gene expression levels normalized within 106 1st biopsy tissues (NAFLD.HUn106.gct) and within the 58 high-risk patients with paired biopsy tissues (NAFLD.HUn164.gct).	GPL18573	Yujin,,Hoshida	University of Texas Southwestern Medical Center	5323 Harry Hines Blvd	Dallas	TX	75390	USA	0	Illumina NextSeq 500	cDNA	transcriptomic	RNA-Seq	SRA: https://www.ncbi.nlm.nih.gov/sra?term=SRX13614064	NONE	SRR17442890
SRR17442889	2022-07-01 08:11:24	2022-01-05 10:25:36	17122424	1301304224	0	76	445		https://sra-downloadb.be-md.ncbi.nlm.nih.gov/sos9/sra-pub-zq-922/SRR017/17442/SRR17442889/SRR17442889.lite.1	SRX13614065	GSM5772600	RNA-Seq	cDNA	TRANSCRIPTOMIC	SINGLE	0	0	ILLUMINA	NextSeq 500	SRP353609	PRJNA794357	3	794357	SRS11503190	SAMN24648755	simple	9606	Homo sapiens	GSM5772600							no					UT SOUTHWESTERN MEDICAL CENTER	SRA1352300		public	E8263E83CF05A3CD2CCFA86811EA0188	968681ED1A4EB2C24AB86117116A55F2	HUnafld107_1	GSM5772600	Public on Jul 01 2022	Jan 05 2022	Jul 01 2022	SRA	1	HUnafld107_1	Homo sapiens	Liver	1st biopsy	43	female	3	3	high-risk	total RNA	Truseq RNA Exome kit (Illumina, CA) following manufacturer’s protocol.	9606	NASH.HUn164.gct	Supplementary_files_format_and_content: .gct file format (tab-delimited text) including normalized gene expression levels normalized within 106 1st biopsy tissues (NAFLD.HUn106.gct) and within the 58 high-risk patients with paired biopsy tissues (NAFLD.HUn164.gct).	GPL18573	Yujin,,Hoshida	University of Texas Southwestern Medical Center	5323 Harry Hines Blvd	Dallas	TX	75390	USA	0	Illumina NextSeq 500	cDNA	transcriptomic	RNA-Seq	SRA: https://www.ncbi.nlm.nih.gov/sra?term=SRX13614065	NONE	SRR17442889
SRR17442888	2022-07-01 08:11:24	2022-01-05 10:26:18	20042459	1523226884	0	76	520		https://sra-downloadb.be-md.ncbi.nlm.nih.gov/sos1/sra-pub-zq-38/SRR017/17442/SRR17442888/SRR17442888.lite.1	SRX13614066	GSM5772601	RNA-Seq	cDNA	TRANSCRIPTOMIC	SINGLE	0	0	ILLUMINA	NextSeq 500	SRP353609	PRJNA794357	3	794357	SRS11503191	SAMN24648754	simple	9606	Homo sapiens	GSM5772601							no					UT SOUTHWESTERN MEDICAL CENTER	SRA1352300		public	5AE41A870A173F91D6528ABF9E30611D	D2A6143B9C3C13D54DF70F87DC2451C8	HUnafld108_1	GSM5772601	Public on Jul 01 2022	Jan 05 2022	Jul 01 2022	SRA	1	HUnafld108_1	Homo sapiens	Liver	1st biopsy	48	female	1	6	high-risk	total RNA	Truseq RNA Exome kit (Illumina, CA) following manufacturer’s protocol.	9606	NASH.HUn164.gct	Supplementary_files_format_and_content: .gct file format (tab-delimited text) including normalized gene expression levels normalized within 106 1st biopsy tissues (NAFLD.HUn106.gct) and within the 58 high-risk patients with paired biopsy tissues (NAFLD.HUn164.gct).	GPL18573	Yujin,,Hoshida	University of Texas Southwestern Medical Center	5323 Harry Hines Blvd	Dallas	TX	75390	USA	0	Illumina NextSeq 500	cDNA	transcriptomic	RNA-Seq	SRA: https://www.ncbi.nlm.nih.gov/sra?term=SRX13614066	NONE	SRR17442888
SRR17442887	2022-07-01 08:11:24	2022-01-05 10:30:56	34587114	2628620664	0	76	899		https://sra-downloadb.be-md.ncbi.nlm.nih.gov/sos1/sra-pub-zq-38/SRR017/17442/SRR17442887/SRR17442887.lite.1	SRX13614067	GSM5772602	RNA-Seq	cDNA	TRANSCRIPTOMIC	SINGLE	0	0	ILLUMINA	NextSeq 500	SRP353609	PRJNA794357	3	794357	SRS11503192	SAMN24648753	simple	9606	Homo sapiens	GSM5772602							no					UT SOUTHWESTERN MEDICAL CENTER	SRA1352300		public	B7EFDE2B8E35C9D0ABCBAEA62FD7A278	B0E060F6C0DA0B2A3A2FA025A7080F08	HUnafld109_1	GSM5772602	Public on Jul 01 2022	Jan 05 2022	Jul 01 2022	SRA	1	HUnafld109_1	Homo sapiens	Liver	1st biopsy	71	female	3	3	high-risk	total RNA	Truseq RNA Exome kit (Illumina, CA) following manufacturer’s protocol.	9606	NASH.HUn164.gct	Supplementary_files_format_and_content: .gct file format (tab-delimited text) including normalized gene expression levels normalized within 106 1st biopsy tissues (NAFLD.HUn106.gct) and within the 58 high-risk patients with paired biopsy tissues (NAFLD.HUn164.gct).	GPL18573	Yujin,,Hoshida	University of Texas Southwestern Medical Center	5323 Harry Hines Blvd	Dallas	TX	75390	USA	0	Illumina NextSeq 500	cDNA	transcriptomic	RNA-Seq	SRA: https://www.ncbi.nlm.nih.gov/sra?term=SRX13614067	NONE	SRR17442887
SRR17442886	2022-07-01 08:11:24	2022-01-05 10:26:02	18612827	1414574852	0	76	477		https://sra-downloadb.be-md.ncbi.nlm.nih.gov/sos1/sra-pub-zq-38/SRR017/17442/SRR17442886/SRR17442886.lite.1	SRX13614068	GSM5772603	RNA-Seq	cDNA	TRANSCRIPTOMIC	SINGLE	0	0	ILLUMINA	NextSeq 500	SRP353609	PRJNA794357	3	794357	SRS11503193	SAMN24648752	simple	9606	Homo sapiens	GSM5772603							no					UT SOUTHWESTERN MEDICAL CENTER	SRA1352300		public	54BA43849C3702B5C8BBC574FADB4A80	04CC6D8F5B8C21853D0D0888D8471FE6	HUnafld110_1	GSM5772603	Public on Jul 01 2022	Jan 05 2022	Jul 01 2022	SRA	1	HUnafld110_1	Homo sapiens	Liver	1st biopsy	61	female	3	3	high-risk	total RNA	Truseq RNA Exome kit (Illumina, CA) following manufacturer’s protocol.	9606	NASH.HUn164.gct	Supplementary_files_format_and_content: .gct file format (tab-delimited text) including normalized gene expression levels normalized within 106 1st biopsy tissues (NAFLD.HUn106.gct) and within the 58 high-risk patients with paired biopsy tissues (NAFLD.HUn164.gct).	GPL18573	Yujin,,Hoshida	University of Texas Southwestern Medical Center	5323 Harry Hines Blvd	Dallas	TX	75390	USA	0	Illumina NextSeq 500	cDNA	transcriptomic	RNA-Seq	SRA: https://www.ncbi.nlm.nih.gov/sra?term=SRX13614068	NONE	SRR17442886
SRR17442885	2022-07-01 08:11:24	2022-01-05 10:25:39	17943658	1363718008	0	76	459		https://sra-downloadb.be-md.ncbi.nlm.nih.gov/sos1/sra-pub-zq-38/SRR017/17442/SRR17442885/SRR17442885.lite.1	SRX13614069	GSM5772604	RNA-Seq	cDNA	TRANSCRIPTOMIC	SINGLE	0	0	ILLUMINA	NextSeq 500	SRP353609	PRJNA794357	3	794357	SRS11503194	SAMN24648751	simple	9606	Homo sapiens	GSM5772604							no					UT SOUTHWESTERN MEDICAL CENTER	SRA1352300		public	94C128FCC5C8055A71594864E94979DD	5D80EA1AC65485668BBEEF7F7CDA7F8F	HUnafld111_1	GSM5772604	Public on Jul 01 2022	Jan 05 2022	Jul 01 2022	SRA	1	HUnafld111_1	Homo sapiens	Liver	1st biopsy	33	male	1	3	high-risk	total RNA	Truseq RNA Exome kit (Illumina, CA) following manufacturer’s protocol.	9606	NASH.HUn164.gct	Supplementary_files_format_and_content: .gct file format (tab-delimited text) including normalized gene expression levels normalized within 106 1st biopsy tissues (NAFLD.HUn106.gct) and within the 58 high-risk patients with paired biopsy tissues (NAFLD.HUn164.gct).	GPL18573	Yujin,,Hoshida	University of Texas Southwestern Medical Center	5323 Harry Hines Blvd	Dallas	TX	75390	USA	0	Illumina NextSeq 500	cDNA	transcriptomic	RNA-Seq	SRA: https://www.ncbi.nlm.nih.gov/sra?term=SRX13614069	NONE	SRR17442885
SRR17442884	2022-07-01 08:11:24	2022-01-05 10:25:55	17575488	1335737088	0	76	450		https://sra-downloadb.be-md.ncbi.nlm.nih.gov/sos9/sra-pub-zq-922/SRR017/17442/SRR17442884/SRR17442884.lite.1	SRX13614070	GSM5772605	RNA-Seq	cDNA	TRANSCRIPTOMIC	SINGLE	0	0	ILLUMINA	NextSeq 500	SRP353609	PRJNA794357	3	794357	SRS11503195	SAMN24648750	simple	9606	Homo sapiens	GSM5772605							no					UT SOUTHWESTERN MEDICAL CENTER	SRA1352300		public	BFCA66279A30B113CCD6E380DD5E84ED	A4F25A0A2DB32B6EA049F2D25B6245F5	HUnafld112_1	GSM5772605	Public on Jul 01 2022	Jan 05 2022	Jul 01 2022	SRA	1	HUnafld112_1	Homo sapiens	Liver	1st biopsy	57	female	1	3	high-risk	total RNA	Truseq RNA Exome kit (Illumina, CA) following manufacturer’s protocol.	9606	NASH.HUn164.gct	Supplementary_files_format_and_content: .gct file format (tab-delimited text) including normalized gene expression levels normalized within 106 1st biopsy tissues (NAFLD.HUn106.gct) and within the 58 high-risk patients with paired biopsy tissues (NAFLD.HUn164.gct).	GPL18573	Yujin,,Hoshida	University of Texas Southwestern Medical Center	5323 Harry Hines Blvd	Dallas	TX	75390	USA	0	Illumina NextSeq 500	cDNA	transcriptomic	RNA-Seq	SRA: https://www.ncbi.nlm.nih.gov/sra?term=SRX13614070	NONE	SRR17442884
SRR17442883	2022-07-01 08:11:24	2022-01-05 10:28:43	26417373	2007720348	0	76	676		https://sra-downloadb.be-md.ncbi.nlm.nih.gov/sos8/sra-pub-zq-818/SRR017/17442/SRR17442883/SRR17442883.lite.1	SRX13614071	GSM5772606	RNA-Seq	cDNA	TRANSCRIPTOMIC	SINGLE	0	0	ILLUMINA	NextSeq 500	SRP353609	PRJNA794357	3	794357	SRS11503196	SAMN24648749	simple	9606	Homo sapiens	GSM5772606							no					UT SOUTHWESTERN MEDICAL CENTER	SRA1352300		public	2C85CC30A36330BB1631E191D857DA01	CF2B73B39C3247497925A58C5D1136E5	HUnafld113	GSM5772606	Public on Jul 01 2022	Jan 05 2022	Jul 01 2022	SRA	1	HUnafld113	Homo sapiens	Liver	1st biopsy	55	female	2	3	low-risk	total RNA	Truseq RNA Exome kit (Illumina, CA) following manufacturer’s protocol.	9606	NASH.HUn164.gct	Supplementary_files_format_and_content: .gct file format (tab-delimited text) including normalized gene expression levels normalized within 106 1st biopsy tissues (NAFLD.HUn106.gct) and within the 58 high-risk patients with paired biopsy tissues (NAFLD.HUn164.gct).	GPL18573	Yujin,,Hoshida	University of Texas Southwestern Medical Center	5323 Harry Hines Blvd	Dallas	TX	75390	USA	0	Illumina NextSeq 500	cDNA	transcriptomic	RNA-Seq	SRA: https://www.ncbi.nlm.nih.gov/sra?term=SRX13614071	NONE	SRR17442883
SRR17442882	2022-07-01 08:11:24	2022-01-05 10:28:53	31368444	2384001744	0	76	801		https://sra-downloadb.be-md.ncbi.nlm.nih.gov/sos1/sra-pub-zq-38/SRR017/17442/SRR17442882/SRR17442882.lite.1	SRX13614072	GSM5772607	RNA-Seq	cDNA	TRANSCRIPTOMIC	SINGLE	0	0	ILLUMINA	NextSeq 500	SRP353609	PRJNA794357	3	794357	SRS11503197	SAMN24648748	simple	9606	Homo sapiens	GSM5772607							no					UT SOUTHWESTERN MEDICAL CENTER	SRA1352300		public	45DB836C08F4412422AA88FA71BE60BE	92E355BA24A637019F3AFAA6E49C3683	HUnafld035_2	GSM5772607	Public on Jul 01 2022	Jan 05 2022	Jul 01 2022	SRA	1	HUnafld035_2	Homo sapiens	Liver	2nd biopsy	23	male	2	4		total RNA	Truseq RNA Exome kit (Illumina, CA) following manufacturer’s protocol.	9606		Supplementary_files_format_and_content: .gct file format (tab-delimited text) including normalized gene expression levels normalized within 106 1st biopsy tissues (NAFLD.HUn106.gct) and within the 58 high-risk patients with paired biopsy tissues (NAFLD.HUn164.gct).	GPL18573	Yujin,,Hoshida	University of Texas Southwestern Medical Center	5323 Harry Hines Blvd	Dallas	TX	75390	USA	0	Illumina NextSeq 500	cDNA	transcriptomic	RNA-Seq	SRA: https://www.ncbi.nlm.nih.gov/sra?term=SRX13614072	NONE	SRR17442882
SRR17442881	2022-07-01 08:11:24	2022-01-05 10:31:40	36021025	2737597900	0	76	924		https://sra-downloadb.be-md.ncbi.nlm.nih.gov/sos1/sra-pub-zq-38/SRR017/17442/SRR17442881/SRR17442881.lite.1	SRX13614073	GSM5772608	RNA-Seq	cDNA	TRANSCRIPTOMIC	SINGLE	0	0	ILLUMINA	NextSeq 500	SRP353609	PRJNA794357	3	794357	SRS11503198	SAMN24648747	simple	9606	Homo sapiens	GSM5772608							no					UT SOUTHWESTERN MEDICAL CENTER	SRA1352300		public	FA61F30E0B836A485DB1872D9B36A1B6	CC9B8F195FE539FD63E3D6DF569215C8	HUnafld038_2	GSM5772608	Public on Jul 01 2022	Jan 05 2022	Jul 01 2022	SRA	1	HUnafld038_2	Homo sapiens	Liver	2nd biopsy	44	male	2	3		total RNA	Truseq RNA Exome kit (Illumina, CA) following manufacturer’s protocol.	9606		Supplementary_files_format_and_content: .gct file format (tab-delimited text) including normalized gene expression levels normalized within 106 1st biopsy tissues (NAFLD.HUn106.gct) and within the 58 high-risk patients with paired biopsy tissues (NAFLD.HUn164.gct).	GPL18573	Yujin,,Hoshida	University of Texas Southwestern Medical Center	5323 Harry Hines Blvd	Dallas	TX	75390	USA	0	Illumina NextSeq 500	cDNA	transcriptomic	RNA-Seq	SRA: https://www.ncbi.nlm.nih.gov/sra?term=SRX13614073	NONE	SRR17442881
SRR17442880	2022-07-01 08:11:24	2022-01-05 10:25:03	17033307	1294531332	0	76	441		https://sra-downloadb.be-md.ncbi.nlm.nih.gov/sos1/sra-pub-zq-38/SRR017/17442/SRR17442880/SRR17442880.lite.1	SRX13614074	GSM5772609	RNA-Seq	cDNA	TRANSCRIPTOMIC	SINGLE	0	0	ILLUMINA	NextSeq 500	SRP353609	PRJNA794357	3	794357	SRS11503199	SAMN24648746	simple	9606	Homo sapiens	GSM5772609							no					UT SOUTHWESTERN MEDICAL CENTER	SRA1352300		public	1626446B90C4213F71F9A5592410227D	BA79FC2ABA5C8A08AEFF6E8ADA03D595	HUnafld039_2	GSM5772609	Public on Jul 01 2022	Jan 05 2022	Jul 01 2022	SRA	1	HUnafld039_2	Homo sapiens	Liver	2nd biopsy	58	male	2	1		total RNA	Truseq RNA Exome kit (Illumina, CA) following manufacturer’s protocol.	9606		Supplementary_files_format_and_content: .gct file format (tab-delimited text) including normalized gene expression levels normalized within 106 1st biopsy tissues (NAFLD.HUn106.gct) and within the 58 high-risk patients with paired biopsy tissues (NAFLD.HUn164.gct).	GPL18573	Yujin,,Hoshida	University of Texas Southwestern Medical Center	5323 Harry Hines Blvd	Dallas	TX	75390	USA	0	Illumina NextSeq 500	cDNA	transcriptomic	RNA-Seq	SRA: https://www.ncbi.nlm.nih.gov/sra?term=SRX13614074	NONE	SRR17442880
SRR17442879	2022-07-01 08:11:24	2022-01-05 10:25:47	18203305	1383451180	0	76	472		https://sra-downloadb.be-md.ncbi.nlm.nih.gov/sos1/sra-pub-zq-38/SRR017/17442/SRR17442879/SRR17442879.lite.1	SRX13614075	GSM5772610	RNA-Seq	cDNA	TRANSCRIPTOMIC	SINGLE	0	0	ILLUMINA	NextSeq 500	SRP353609	PRJNA794357	3	794357	SRS11503200	SAMN24648745	simple	9606	Homo sapiens	GSM5772610							no					UT SOUTHWESTERN MEDICAL CENTER	SRA1352300		public	E8E392D0737FBA21FF225ABF16FB7637	9A6875F640DFCB4028232AEDD8F7693E	HUnafld046_2	GSM5772610	Public on Jul 01 2022	Jan 05 2022	Jul 01 2022	SRA	1	HUnafld046_2	Homo sapiens	Liver	2nd biopsy	64	female	2	3		total RNA	Truseq RNA Exome kit (Illumina, CA) following manufacturer’s protocol.	9606		Supplementary_files_format_and_content: .gct file format (tab-delimited text) including normalized gene expression levels normalized within 106 1st biopsy tissues (NAFLD.HUn106.gct) and within the 58 high-risk patients with paired biopsy tissues (NAFLD.HUn164.gct).	GPL18573	Yujin,,Hoshida	University of Texas Southwestern Medical Center	5323 Harry Hines Blvd	Dallas	TX	75390	USA	0	Illumina NextSeq 500	cDNA	transcriptomic	RNA-Seq	SRA: https://www.ncbi.nlm.nih.gov/sra?term=SRX13614075	NONE	SRR17442879
SRR17442878	2022-07-01 08:11:24	2022-01-05 10:23:17	12255891	931447716	0	76	318		https://sra-downloadb.be-md.ncbi.nlm.nih.gov/sos1/sra-pub-zq-38/SRR017/17442/SRR17442878/SRR17442878.lite.1	SRX13614076	GSM5772611	RNA-Seq	cDNA	TRANSCRIPTOMIC	SINGLE	0	0	ILLUMINA	NextSeq 500	SRP353609	PRJNA794357	3	794357	SRS11503201	SAMN24648744	simple	9606	Homo sapiens	GSM5772611							no					UT SOUTHWESTERN MEDICAL CENTER	SRA1352300		public	5E95182920D9647045287A38A28BAAAE	C7EC43FF085AE4B8352962116577EAD6	HUnafld047_2	GSM5772611	Public on Jul 01 2022	Jan 05 2022	Jul 01 2022	SRA	1	HUnafld047_2	Homo sapiens	Liver	2nd biopsy	53	male	1	4		total RNA	Truseq RNA Exome kit (Illumina, CA) following manufacturer’s protocol.	9606		Supplementary_files_format_and_content: .gct file format (tab-delimited text) including normalized gene expression levels normalized within 106 1st biopsy tissues (NAFLD.HUn106.gct) and within the 58 high-risk patients with paired biopsy tissues (NAFLD.HUn164.gct).	GPL18573	Yujin,,Hoshida	University of Texas Southwestern Medical Center	5323 Harry Hines Blvd	Dallas	TX	75390	USA	0	Illumina NextSeq 500	cDNA	transcriptomic	RNA-Seq	SRA: https://www.ncbi.nlm.nih.gov/sra?term=SRX13614076	NONE	SRR17442878
SRR17442876	2022-07-01 08:11:25	2022-01-05 10:26:40	21076175	1601789300	0	76	562		https://sra-downloadb.be-md.ncbi.nlm.nih.gov/sos8/sra-pub-zq-818/SRR017/17442/SRR17442876/SRR17442876.lite.1	SRX13614078	GSM5772529	RNA-Seq	cDNA	TRANSCRIPTOMIC	SINGLE	0	0	ILLUMINA	NextSeq 500	SRP353609	PRJNA794357	3	794357	SRS11503203	SAMN24648826	simple	9606	Homo sapiens	GSM5772529							no					UT SOUTHWESTERN MEDICAL CENTER	SRA1352300		public	4B5FBD1E0A5D8E3F937829914866BCD4	B9318B5036830D967D4B64611787499B	HUnafld036	GSM5772529	Public on Jul 01 2022	Jan 05 2022	Jul 01 2022	SRA	1	HUnafld036	Homo sapiens	Liver	1st biopsy	39	male	3	4	low-risk	total RNA	Truseq RNA Exome kit (Illumina, CA) following manufacturer’s protocol.	9606	NASH.HUn164.gct	Supplementary_files_format_and_content: .gct file format (tab-delimited text) including normalized gene expression levels normalized within 106 1st biopsy tissues (NAFLD.HUn106.gct) and within the 58 high-risk patients with paired biopsy tissues (NAFLD.HUn164.gct).	GPL18573	Yujin,,Hoshida	University of Texas Southwestern Medical Center	5323 Harry Hines Blvd	Dallas	TX	75390	USA	0	Illumina NextSeq 500	cDNA	transcriptomic	RNA-Seq	SRA: https://www.ncbi.nlm.nih.gov/sra?term=SRX13614078	NONE	SRR17442876
SRR17442875	2022-07-01 08:11:25	2022-01-05 10:25:56	21543228	1637285328	0	76	573		https://sra-downloadb.be-md.ncbi.nlm.nih.gov/sos1/sra-pub-zq-38/SRR017/17442/SRR17442875/SRR17442875.lite.1	SRX13614079	GSM5772530	RNA-Seq	cDNA	TRANSCRIPTOMIC	SINGLE	0	0	ILLUMINA	NextSeq 500	SRP353609	PRJNA794357	3	794357	SRS11503204	SAMN24648825	simple	9606	Homo sapiens	GSM5772530							no					UT SOUTHWESTERN MEDICAL CENTER	SRA1352300		public	35B3B349A7B38961141CB530101C0F78	849F037BD1B57D2DE2EE7116DD5ED74C	HUnafld037	GSM5772530	Public on Jul 01 2022	Jan 05 2022	Jul 01 2022	SRA	1	HUnafld037	Homo sapiens	Liver	1st biopsy	45	male	2	3	low-risk	total RNA	Truseq RNA Exome kit (Illumina, CA) following manufacturer’s protocol.	9606	NASH.HUn164.gct	Supplementary_files_format_and_content: .gct file format (tab-delimited text) including normalized gene expression levels normalized within 106 1st biopsy tissues (NAFLD.HUn106.gct) and within the 58 high-risk patients with paired biopsy tissues (NAFLD.HUn164.gct).	GPL18573	Yujin,,Hoshida	University of Texas Southwestern Medical Center	5323 Harry Hines Blvd	Dallas	TX	75390	USA	0	Illumina NextSeq 500	cDNA	transcriptomic	RNA-Seq	SRA: https://www.ncbi.nlm.nih.gov/sra?term=SRX13614079	NONE	SRR17442875
SRR17442874	2022-07-01 08:11:25	2022-01-05 10:26:40	19779156	1503215856	0	76	526		https://sra-downloadb.be-md.ncbi.nlm.nih.gov/sos8/sra-pub-zq-818/SRR017/17442/SRR17442874/SRR17442874.lite.1	SRX13614080	GSM5772531	RNA-Seq	cDNA	TRANSCRIPTOMIC	SINGLE	0	0	ILLUMINA	NextSeq 500	SRP353609	PRJNA794357	3	794357	SRS11503205	SAMN24648824	simple	9606	Homo sapiens	GSM5772531							no					UT SOUTHWESTERN MEDICAL CENTER	SRA1352300		public	43B17877410B8D00F55D429AE3AD062C	2A2D03BC1F239A3570BD28E98CC01A4A	HUnafld038_1	GSM5772531	Public on Jul 01 2022	Jan 05 2022	Jul 01 2022	SRA	1	HUnafld038_1	Homo sapiens	Liver	1st biopsy	42	male	2	6	high-risk	total RNA	Truseq RNA Exome kit (Illumina, CA) following manufacturer’s protocol.	9606	NASH.HUn164.gct	Supplementary_files_format_and_content: .gct file format (tab-delimited text) including normalized gene expression levels normalized within 106 1st biopsy tissues (NAFLD.HUn106.gct) and within the 58 high-risk patients with paired biopsy tissues (NAFLD.HUn164.gct).	GPL18573	Yujin,,Hoshida	University of Texas Southwestern Medical Center	5323 Harry Hines Blvd	Dallas	TX	75390	USA	0	Illumina NextSeq 500	cDNA	transcriptomic	RNA-Seq	SRA: https://www.ncbi.nlm.nih.gov/sra?term=SRX13614080	NONE	SRR17442874
SRR17442873	2022-07-01 08:11:25	2022-01-05 10:28:49	33771955	2566668580	0	76	897		https://sra-downloadb.be-md.ncbi.nlm.nih.gov/sos1/sra-pub-zq-38/SRR017/17442/SRR17442873/SRR17442873.lite.1	SRX13614081	GSM5772532	RNA-Seq	cDNA	TRANSCRIPTOMIC	SINGLE	0	0	ILLUMINA	NextSeq 500	SRP353609	PRJNA794357	3	794357	SRS11503206	SAMN24648823	simple	9606	Homo sapiens	GSM5772532							no					UT SOUTHWESTERN MEDICAL CENTER	SRA1352300		public	3577E17CF0C15F7CB135B14A9CDA936D	827E6AE6739808C6A297D5F5A93B852C	HUnafld039_1	GSM5772532	Public on Jul 01 2022	Jan 05 2022	Jul 01 2022	SRA	1	HUnafld039_1	Homo sapiens	Liver	1st biopsy	55	male	2	3	high-risk	total RNA	Truseq RNA Exome kit (Illumina, CA) following manufacturer’s protocol.	9606	NASH.HUn164.gct	Supplementary_files_format_and_content: .gct file format (tab-delimited text) including normalized gene expression levels normalized within 106 1st biopsy tissues (NAFLD.HUn106.gct) and within the 58 high-risk patients with paired biopsy tissues (NAFLD.HUn164.gct).	GPL18573	Yujin,,Hoshida	University of Texas Southwestern Medical Center	5323 Harry Hines Blvd	Dallas	TX	75390	USA	0	Illumina NextSeq 500	cDNA	transcriptomic	RNA-Seq	SRA: https://www.ncbi.nlm.nih.gov/sra?term=SRX13614081	NONE	SRR17442873
SRR17442877	2022-07-01 08:11:24	2022-01-05 10:24:54	14904006	1132704456	0	76	387		https://sra-downloadb.be-md.ncbi.nlm.nih.gov/sos1/sra-pub-zq-38/SRR017/17442/SRR17442877/SRR17442877.lite.1	SRX13614077	GSM5772612	RNA-Seq	cDNA	TRANSCRIPTOMIC	SINGLE	0	0	ILLUMINA	NextSeq 500	SRP353609	PRJNA794357	3	794357	SRS11503202	SAMN24648743	simple	9606	Homo sapiens	GSM5772612							no					UT SOUTHWESTERN MEDICAL CENTER	SRA1352300		public	9B29F4D8488452589A9E59B8971D0C2E	02B3BC96A7CE33368EDC76FCE75B25F8	HUnafld048_2	GSM5772612	Public on Jul 01 2022	Jan 05 2022	Jul 01 2022	SRA	1	HUnafld048_2	Homo sapiens	Liver	2nd biopsy	48	male	1	2		total RNA	Truseq RNA Exome kit (Illumina, CA) following manufacturer’s protocol.	9606		Supplementary_files_format_and_content: .gct file format (tab-delimited text) including normalized gene expression levels normalized within 106 1st biopsy tissues (NAFLD.HUn106.gct) and within the 58 high-risk patients with paired biopsy tissues (NAFLD.HUn164.gct).	GPL18573	Yujin,,Hoshida	University of Texas Southwestern Medical Center	5323 Harry Hines Blvd	Dallas	TX	75390	USA	0	Illumina NextSeq 500	cDNA	transcriptomic	RNA-Seq	SRA: https://www.ncbi.nlm.nih.gov/sra?term=SRX13614077	NONE	SRR17442877
SRR17442872	2022-07-01 08:11:25	2022-01-05 10:25:18	19750561	1501042636	0	76	512		https://sra-downloadb.be-md.ncbi.nlm.nih.gov/sos1/sra-pub-zq-38/SRR017/17442/SRR17442872/SRR17442872.lite.1	SRX13614082	GSM5772533	RNA-Seq	cDNA	TRANSCRIPTOMIC	SINGLE	0	0	ILLUMINA	NextSeq 500	SRP353609	PRJNA794357	3	794357	SRS11503207	SAMN24648822	simple	9606	Homo sapiens	GSM5772533							no					UT SOUTHWESTERN MEDICAL CENTER	SRA1352300		public	41B96CE473CA26256998B06FB6DF93C9	F580D3B50376A09106F5102F957085D7	HUnafld040	GSM5772533	Public on Jul 01 2022	Jan 05 2022	Jul 01 2022	SRA	1	HUnafld040	Homo sapiens	Liver	1st biopsy	55	female	2	3	low-risk	total RNA	Truseq RNA Exome kit (Illumina, CA) following manufacturer’s protocol.	9606	NASH.HUn164.gct	Supplementary_files_format_and_content: .gct file format (tab-delimited text) including normalized gene expression levels normalized within 106 1st biopsy tissues (NAFLD.HUn106.gct) and within the 58 high-risk patients with paired biopsy tissues (NAFLD.HUn164.gct).	GPL18573	Yujin,,Hoshida	University of Texas Southwestern Medical Center	5323 Harry Hines Blvd	Dallas	TX	75390	USA	0	Illumina NextSeq 500	cDNA	transcriptomic	RNA-Seq	SRA: https://www.ncbi.nlm.nih.gov/sra?term=SRX13614082	NONE	SRR17442872
SRR17442871	2022-07-01 08:11:25	2022-01-05 10:25:16	19231194	1461570744	0	76	506		https://sra-downloadb.be-md.ncbi.nlm.nih.gov/sos1/sra-pub-zq-38/SRR017/17442/SRR17442871/SRR17442871.lite.1	SRX13614083	GSM5772534	RNA-Seq	cDNA	TRANSCRIPTOMIC	SINGLE	0	0	ILLUMINA	NextSeq 500	SRP353609	PRJNA794357	3	794357	SRS11503208	SAMN24648821	simple	9606	Homo sapiens	GSM5772534							no					UT SOUTHWESTERN MEDICAL CENTER	SRA1352300		public	DF4C6E39445897DA889343F573C2B1FB	2F51DD5B34EBD04DCC3225863BACACDF	HUnafld041	GSM5772534	Public on Jul 01 2022	Jan 05 2022	Jul 01 2022	SRA	1	HUnafld041	Homo sapiens	Liver	1st biopsy	41	male	1	4	low-risk	total RNA	Truseq RNA Exome kit (Illumina, CA) following manufacturer’s protocol.	9606	NASH.HUn164.gct	Supplementary_files_format_and_content: .gct file format (tab-delimited text) including normalized gene expression levels normalized within 106 1st biopsy tissues (NAFLD.HUn106.gct) and within the 58 high-risk patients with paired biopsy tissues (NAFLD.HUn164.gct).	GPL18573	Yujin,,Hoshida	University of Texas Southwestern Medical Center	5323 Harry Hines Blvd	Dallas	TX	75390	USA	0	Illumina NextSeq 500	cDNA	transcriptomic	RNA-Seq	SRA: https://www.ncbi.nlm.nih.gov/sra?term=SRX13614083	NONE	SRR17442871
SRR17442870	2022-07-01 08:11:25	2022-01-05 10:28:55	18769376	1426472576	0	76	503		https://sra-downloadb.be-md.ncbi.nlm.nih.gov/sos4/sra-pub-zq-1/SRR017/17442/SRR17442870/SRR17442870.lite.1	SRX13614084	GSM5772535	RNA-Seq	cDNA	TRANSCRIPTOMIC	SINGLE	0	0	ILLUMINA	NextSeq 500	SRP353609	PRJNA794357	3	794357	SRS11503209	SAMN24648820	simple	9606	Homo sapiens	GSM5772535							no					UT SOUTHWESTERN MEDICAL CENTER	SRA1352300		public	4B487BC9F09D854038BC0F09624AB82C	1A29B9B0602906C018A52361F38B2115	HUnafld042	GSM5772535	Public on Jul 01 2022	Jan 05 2022	Jul 01 2022	SRA	1	HUnafld042	Homo sapiens	Liver	1st biopsy	62	male	2	3	low-risk	total RNA	Truseq RNA Exome kit (Illumina, CA) following manufacturer’s protocol.	9606	NASH.HUn164.gct	Supplementary_files_format_and_content: .gct file format (tab-delimited text) including normalized gene expression levels normalized within 106 1st biopsy tissues (NAFLD.HUn106.gct) and within the 58 high-risk patients with paired biopsy tissues (NAFLD.HUn164.gct).	GPL18573	Yujin,,Hoshida	University of Texas Southwestern Medical Center	5323 Harry Hines Blvd	Dallas	TX	75390	USA	0	Illumina NextSeq 500	cDNA	transcriptomic	RNA-Seq	SRA: https://www.ncbi.nlm.nih.gov/sra?term=SRX13614084	NONE	SRR17442870
SRR17442869	2022-07-01 08:11:25	2022-01-05 10:25:56	24325788	1848759888	0	76	637		https://sra-downloadb.be-md.ncbi.nlm.nih.gov/sos1/sra-pub-zq-38/SRR017/17442/SRR17442869/SRR17442869.lite.1	SRX13614085	GSM5772536	RNA-Seq	cDNA	TRANSCRIPTOMIC	SINGLE	0	0	ILLUMINA	NextSeq 500	SRP353609	PRJNA794357	3	794357	SRS11503210	SAMN24648819	simple	9606	Homo sapiens	GSM5772536							no					UT SOUTHWESTERN MEDICAL CENTER	SRA1352300		public	F963B9BE84FCF80CE68C74693473B1CE	D40027BD97A334AB734DDE45CB1E1AC8	HUnafld043	GSM5772536	Public on Jul 01 2022	Jan 05 2022	Jul 01 2022	SRA	1	HUnafld043	Homo sapiens	Liver	1st biopsy	36	male	2	4	low-risk	total RNA	Truseq RNA Exome kit (Illumina, CA) following manufacturer’s protocol.	9606	NASH.HUn164.gct	Supplementary_files_format_and_content: .gct file format (tab-delimited text) including normalized gene expression levels normalized within 106 1st biopsy tissues (NAFLD.HUn106.gct) and within the 58 high-risk patients with paired biopsy tissues (NAFLD.HUn164.gct).	GPL18573	Yujin,,Hoshida	University of Texas Southwestern Medical Center	5323 Harry Hines Blvd	Dallas	TX	75390	USA	0	Illumina NextSeq 500	cDNA	transcriptomic	RNA-Seq	SRA: https://www.ncbi.nlm.nih.gov/sra?term=SRX13614085	NONE	SRR17442869
SRR17442868	2022-07-01 08:11:25	2022-01-05 10:28:36	29774651	2262873476	0	76	782		https://sra-downloadb.be-md.ncbi.nlm.nih.gov/sos9/sra-pub-zq-924/SRR017/17442/SRR17442868/SRR17442868.lite.1	SRX13614086	GSM5772537	RNA-Seq	cDNA	TRANSCRIPTOMIC	SINGLE	0	0	ILLUMINA	NextSeq 500	SRP353609	PRJNA794357	3	794357	SRS11503211	SAMN24648818	simple	9606	Homo sapiens	GSM5772537							no					UT SOUTHWESTERN MEDICAL CENTER	SRA1352300		public	E337119E6467E0FFA24EFBBC1775DA4F	EF50AA9A881D6B89CB830AFE87593227	HUnafld044	GSM5772537	Public on Jul 01 2022	Jan 05 2022	Jul 01 2022	SRA	1	HUnafld044	Homo sapiens	Liver	1st biopsy	42	male	2	3	low-risk	total RNA	Truseq RNA Exome kit (Illumina, CA) following manufacturer’s protocol.	9606	NASH.HUn164.gct	Supplementary_files_format_and_content: .gct file format (tab-delimited text) including normalized gene expression levels normalized within 106 1st biopsy tissues (NAFLD.HUn106.gct) and within the 58 high-risk patients with paired biopsy tissues (NAFLD.HUn164.gct).	GPL18573	Yujin,,Hoshida	University of Texas Southwestern Medical Center	5323 Harry Hines Blvd	Dallas	TX	75390	USA	0	Illumina NextSeq 500	cDNA	transcriptomic	RNA-Seq	SRA: https://www.ncbi.nlm.nih.gov/sra?term=SRX13614086	NONE	SRR17442868
SRR17442867	2022-07-01 08:11:25	2022-01-05 10:25:04	14919118	1133852968	0	76	381		https://sra-downloadb.be-md.ncbi.nlm.nih.gov/sos8/sra-pub-zq-820/SRR017/17442/SRR17442867/SRR17442867.lite.1	SRX13614087	GSM5772538	RNA-Seq	cDNA	TRANSCRIPTOMIC	SINGLE	0	0	ILLUMINA	NextSeq 500	SRP353609	PRJNA794357	3	794357	SRS11503212	SAMN24648817	simple	9606	Homo sapiens	GSM5772538							no					UT SOUTHWESTERN MEDICAL CENTER	SRA1352300		public	E38B23E498E8F840B917EC358DF411B0	9572F646FB76B0B1EB374690F35515B6	HUnafld045	GSM5772538	Public on Jul 01 2022	Jan 05 2022	Jul 01 2022	SRA	1	HUnafld045	Homo sapiens	Liver	1st biopsy	64	male	1	2	low-risk	total RNA	Truseq RNA Exome kit (Illumina, CA) following manufacturer’s protocol.	9606	NASH.HUn164.gct	Supplementary_files_format_and_content: .gct file format (tab-delimited text) including normalized gene expression levels normalized within 106 1st biopsy tissues (NAFLD.HUn106.gct) and within the 58 high-risk patients with paired biopsy tissues (NAFLD.HUn164.gct).	GPL18573	Yujin,,Hoshida	University of Texas Southwestern Medical Center	5323 Harry Hines Blvd	Dallas	TX	75390	USA	0	Illumina NextSeq 500	cDNA	transcriptomic	RNA-Seq	SRA: https://www.ncbi.nlm.nih.gov/sra?term=SRX13614087	NONE	SRR17442867
SRR17442866	2022-07-01 08:11:25	2022-01-05 10:27:57	24964955	1897336580	0	76	645		https://sra-downloadb.be-md.ncbi.nlm.nih.gov/sos1/sra-pub-zq-38/SRR017/17442/SRR17442866/SRR17442866.lite.1	SRX13614088	GSM5772539	RNA-Seq	cDNA	TRANSCRIPTOMIC	SINGLE	0	0	ILLUMINA	NextSeq 500	SRP353609	PRJNA794357	3	794357	SRS11503213	SAMN24648816	simple	9606	Homo sapiens	GSM5772539							no					UT SOUTHWESTERN MEDICAL CENTER	SRA1352300		public	C2D9E825AC91F3E8242801DB60B69A1E	E63496379B5E04B5842EDFDD1E0A02E3	HUnafld046_1	GSM5772539	Public on Jul 01 2022	Jan 05 2022	Jul 01 2022	SRA	1	HUnafld046_1	Homo sapiens	Liver	1st biopsy	63	female	2	3	high-risk	total RNA	Truseq RNA Exome kit (Illumina, CA) following manufacturer’s protocol.	9606	NASH.HUn164.gct	Supplementary_files_format_and_content: .gct file format (tab-delimited text) including normalized gene expression levels normalized within 106 1st biopsy tissues (NAFLD.HUn106.gct) and within the 58 high-risk patients with paired biopsy tissues (NAFLD.HUn164.gct).	GPL18573	Yujin,,Hoshida	University of Texas Southwestern Medical Center	5323 Harry Hines Blvd	Dallas	TX	75390	USA	0	Illumina NextSeq 500	cDNA	transcriptomic	RNA-Seq	SRA: https://www.ncbi.nlm.nih.gov/sra?term=SRX13614088	NONE	SRR17442866
SRR17442865	2022-07-01 08:11:25	2022-01-05 10:25:54	20096649	1527345324	0	76	526		https://sra-downloadb.be-md.ncbi.nlm.nih.gov/sos1/sra-pub-zq-38/SRR017/17442/SRR17442865/SRR17442865.lite.1	SRX13614089	GSM5772540	RNA-Seq	cDNA	TRANSCRIPTOMIC	SINGLE	0	0	ILLUMINA	NextSeq 500	SRP353609	PRJNA794357	3	794357	SRS11503214	SAMN24648815	simple	9606	Homo sapiens	GSM5772540							no					UT SOUTHWESTERN MEDICAL CENTER	SRA1352300		public	3482F7D5302E8EF1457B4867D37B0291	64D154370853A62DECA790132FF0A95D	HUnafld047_1	GSM5772540	Public on Jul 01 2022	Jan 05 2022	Jul 01 2022	SRA	1	HUnafld047_1	Homo sapiens	Liver	1st biopsy	50	male	1	5	high-risk	total RNA	Truseq RNA Exome kit (Illumina, CA) following manufacturer’s protocol.	9606	NASH.HUn164.gct	Supplementary_files_format_and_content: .gct file format (tab-delimited text) including normalized gene expression levels normalized within 106 1st biopsy tissues (NAFLD.HUn106.gct) and within the 58 high-risk patients with paired biopsy tissues (NAFLD.HUn164.gct).	GPL18573	Yujin,,Hoshida	University of Texas Southwestern Medical Center	5323 Harry Hines Blvd	Dallas	TX	75390	USA	0	Illumina NextSeq 500	cDNA	transcriptomic	RNA-Seq	SRA: https://www.ncbi.nlm.nih.gov/sra?term=SRX13614089	NONE	SRR17442865
SRR17442864	2022-07-01 08:11:25	2022-01-05 10:25:25	16697488	1269009088	0	76	435		https://sra-downloadb.be-md.ncbi.nlm.nih.gov/sos8/sra-pub-zq-820/SRR017/17442/SRR17442864/SRR17442864.lite.1	SRX13614090	GSM5772541	RNA-Seq	cDNA	TRANSCRIPTOMIC	SINGLE	0	0	ILLUMINA	NextSeq 500	SRP353609	PRJNA794357	3	794357	SRS11503215	SAMN24648814	simple	9606	Homo sapiens	GSM5772541							no					UT SOUTHWESTERN MEDICAL CENTER	SRA1352300		public	CBD9B91EA78FBA695EB89773FF778789	A86E9680D72BF74CBCCEF4A1C2E3CC28	HUnafld048_1	GSM5772541	Public on Jul 01 2022	Jan 05 2022	Jul 01 2022	SRA	1	HUnafld048_1	Homo sapiens	Liver	1st biopsy	46	male	1	3	high-risk	total RNA	Truseq RNA Exome kit (Illumina, CA) following manufacturer’s protocol.	9606	NASH.HUn164.gct	Supplementary_files_format_and_content: .gct file format (tab-delimited text) including normalized gene expression levels normalized within 106 1st biopsy tissues (NAFLD.HUn106.gct) and within the 58 high-risk patients with paired biopsy tissues (NAFLD.HUn164.gct).	GPL18573	Yujin,,Hoshida	University of Texas Southwestern Medical Center	5323 Harry Hines Blvd	Dallas	TX	75390	USA	0	Illumina NextSeq 500	cDNA	transcriptomic	RNA-Seq	SRA: https://www.ncbi.nlm.nih.gov/sra?term=SRX13614090	NONE	SRR17442864
SRR17442863	2022-07-01 08:11:25	2022-01-05 10:25:08	20972347	1593898372	0	76	532		https://sra-downloadb.be-md.ncbi.nlm.nih.gov/sos1/sra-pub-zq-38/SRR017/17442/SRR17442863/SRR17442863.lite.1	SRX13614091	GSM5772542	RNA-Seq	cDNA	TRANSCRIPTOMIC	SINGLE	0	0	ILLUMINA	NextSeq 500	SRP353609	PRJNA794357	3	794357	SRS11503216	SAMN24648813	simple	9606	Homo sapiens	GSM5772542							no					UT SOUTHWESTERN MEDICAL CENTER	SRA1352300		public	D3744C719D2A940AE74A64D521656502	830121479261D87E349EEF631FAB24BC	HUnafld049_1	GSM5772542	Public on Jul 01 2022	Jan 05 2022	Jul 01 2022	SRA	1	HUnafld049_1	Homo sapiens	Liver	1st biopsy	57	male	2	3	high-risk	total RNA	Truseq RNA Exome kit (Illumina, CA) following manufacturer’s protocol.	9606	NASH.HUn164.gct	Supplementary_files_format_and_content: .gct file format (tab-delimited text) including normalized gene expression levels normalized within 106 1st biopsy tissues (NAFLD.HUn106.gct) and within the 58 high-risk patients with paired biopsy tissues (NAFLD.HUn164.gct).	GPL18573	Yujin,,Hoshida	University of Texas Southwestern Medical Center	5323 Harry Hines Blvd	Dallas	TX	75390	USA	0	Illumina NextSeq 500	cDNA	transcriptomic	RNA-Seq	SRA: https://www.ncbi.nlm.nih.gov/sra?term=SRX13614091	NONE	SRR17442863
SRR17442862	2022-07-01 08:11:25	2022-01-05 10:27:16	26540626	2017087576	0	76	667		https://sra-downloadb.be-md.ncbi.nlm.nih.gov/sos8/sra-pub-zq-820/SRR017/17442/SRR17442862/SRR17442862.lite.1	SRX13614092	GSM5772543	RNA-Seq	cDNA	TRANSCRIPTOMIC	SINGLE	0	0	ILLUMINA	NextSeq 500	SRP353609	PRJNA794357	3	794357	SRS11503217	SAMN24648812	simple	9606	Homo sapiens	GSM5772543							no					UT SOUTHWESTERN MEDICAL CENTER	SRA1352300		public	AA0A7A6B67095F688C8F61AF47C38717	7D27895AC8C14ACDF9DEA7F6312EFE24	HUnafld050_1	GSM5772543	Public on Jul 01 2022	Jan 05 2022	Jul 01 2022	SRA	1	HUnafld050_1	Homo sapiens	Liver	1st biopsy	69	male	3	4	high-risk	total RNA	Truseq RNA Exome kit (Illumina, CA) following manufacturer’s protocol.	9606	NASH.HUn164.gct	Supplementary_files_format_and_content: .gct file format (tab-delimited text) including normalized gene expression levels normalized within 106 1st biopsy tissues (NAFLD.HUn106.gct) and within the 58 high-risk patients with paired biopsy tissues (NAFLD.HUn164.gct).	GPL18573	Yujin,,Hoshida	University of Texas Southwestern Medical Center	5323 Harry Hines Blvd	Dallas	TX	75390	USA	0	Illumina NextSeq 500	cDNA	transcriptomic	RNA-Seq	SRA: https://www.ncbi.nlm.nih.gov/sra?term=SRX13614092	NONE	SRR17442862
SRR17442861	2022-07-01 08:11:25	2022-01-05 10:28:59	26170996	1988995696	0	76	660		https://sra-downloadb.be-md.ncbi.nlm.nih.gov/sos1/sra-pub-zq-38/SRR017/17442/SRR17442861/SRR17442861.lite.1	SRX13614093	GSM5772544	RNA-Seq	cDNA	TRANSCRIPTOMIC	SINGLE	0	0	ILLUMINA	NextSeq 500	SRP353609	PRJNA794357	3	794357	SRS11503218	SAMN24648811	simple	9606	Homo sapiens	GSM5772544							no					UT SOUTHWESTERN MEDICAL CENTER	SRA1352300		public	8CBF23EDBB18D334AB02238CCBE6C642	72B791F2C05172083BE0946FF503FCD8	HUnafld051	GSM5772544	Public on Jul 01 2022	Jan 05 2022	Jul 01 2022	SRA	1	HUnafld051	Homo sapiens	Liver	1st biopsy	52	male	2	3	low-risk	total RNA	Truseq RNA Exome kit (Illumina, CA) following manufacturer’s protocol.	9606	NASH.HUn164.gct	Supplementary_files_format_and_content: .gct file format (tab-delimited text) including normalized gene expression levels normalized within 106 1st biopsy tissues (NAFLD.HUn106.gct) and within the 58 high-risk patients with paired biopsy tissues (NAFLD.HUn164.gct).	GPL18573	Yujin,,Hoshida	University of Texas Southwestern Medical Center	5323 Harry Hines Blvd	Dallas	TX	75390	USA	0	Illumina NextSeq 500	cDNA	transcriptomic	RNA-Seq	SRA: https://www.ncbi.nlm.nih.gov/sra?term=SRX13614093	NONE	SRR17442861
SRR17442860	2022-07-01 08:11:25	2022-01-05 10:25:53	18813343	1429814068	0	76	476		https://sra-downloadb.be-md.ncbi.nlm.nih.gov/sos9/sra-pub-zq-924/SRR017/17442/SRR17442860/SRR17442860.lite.1	SRX13614094	GSM5772545	RNA-Seq	cDNA	TRANSCRIPTOMIC	SINGLE	0	0	ILLUMINA	NextSeq 500	SRP353609	PRJNA794357	3	794357	SRS11503219	SAMN24648810	simple	9606	Homo sapiens	GSM5772545							no					UT SOUTHWESTERN MEDICAL CENTER	SRA1352300		public	8D8AA2005C8F0EC140586E844E962F7A	72CD14CA76D4D24EA8449D07A7555EB5	HUnafld052_1	GSM5772545	Public on Jul 01 2022	Jan 05 2022	Jul 01 2022	SRA	1	HUnafld052_1	Homo sapiens	Liver	1st biopsy	69	male	3	2	high-risk	total RNA	Truseq RNA Exome kit (Illumina, CA) following manufacturer’s protocol.	9606	NASH.HUn164.gct	Supplementary_files_format_and_content: .gct file format (tab-delimited text) including normalized gene expression levels normalized within 106 1st biopsy tissues (NAFLD.HUn106.gct) and within the 58 high-risk patients with paired biopsy tissues (NAFLD.HUn164.gct).	GPL18573	Yujin,,Hoshida	University of Texas Southwestern Medical Center	5323 Harry Hines Blvd	Dallas	TX	75390	USA	0	Illumina NextSeq 500	cDNA	transcriptomic	RNA-Seq	SRA: https://www.ncbi.nlm.nih.gov/sra?term=SRX13614094	NONE	SRR17442860
SRR17442859	2022-07-01 08:11:25	2022-01-05 10:26:44	21342220	1622008720	0	76	542		https://sra-downloadb.be-md.ncbi.nlm.nih.gov/sos1/sra-pub-zq-38/SRR017/17442/SRR17442859/SRR17442859.lite.1	SRX13614095	GSM5772546	RNA-Seq	cDNA	TRANSCRIPTOMIC	SINGLE	0	0	ILLUMINA	NextSeq 500	SRP353609	PRJNA794357	3	794357	SRS11503220	SAMN24648809	simple	9606	Homo sapiens	GSM5772546							no					UT SOUTHWESTERN MEDICAL CENTER	SRA1352300		public	9DF6BE5FFED70E5539D9B1CA20821B10	968A5285D16762436648BEC64E4E1EB6	HUnafld053_1	GSM5772546	Public on Jul 01 2022	Jan 05 2022	Jul 01 2022	SRA	1	HUnafld053_1	Homo sapiens	Liver	1st biopsy	49	male	2	4	high-risk	total RNA	Truseq RNA Exome kit (Illumina, CA) following manufacturer’s protocol.	9606	NASH.HUn164.gct	Supplementary_files_format_and_content: .gct file format (tab-delimited text) including normalized gene expression levels normalized within 106 1st biopsy tissues (NAFLD.HUn106.gct) and within the 58 high-risk patients with paired biopsy tissues (NAFLD.HUn164.gct).	GPL18573	Yujin,,Hoshida	University of Texas Southwestern Medical Center	5323 Harry Hines Blvd	Dallas	TX	75390	USA	0	Illumina NextSeq 500	cDNA	transcriptomic	RNA-Seq	SRA: https://www.ncbi.nlm.nih.gov/sra?term=SRX13614095	NONE	SRR17442859
SRR17442858	2022-07-01 08:11:25	2022-01-05 10:28:05	25179451	1913638276	0	76	638		https://sra-downloadb.be-md.ncbi.nlm.nih.gov/sos1/sra-pub-zq-38/SRR017/17442/SRR17442858/SRR17442858.lite.1	SRX13614096	GSM5772547	RNA-Seq	cDNA	TRANSCRIPTOMIC	SINGLE	0	0	ILLUMINA	NextSeq 500	SRP353609	PRJNA794357	3	794357	SRS11503221	SAMN24648808	simple	9606	Homo sapiens	GSM5772547							no					UT SOUTHWESTERN MEDICAL CENTER	SRA1352300		public	B797F969C1DD144A1F06C6BF83F97FB8	DED2FF7942C9888ED2A575AD0D666BAE	HUnafld054_1	GSM5772547	Public on Jul 01 2022	Jan 05 2022	Jul 01 2022	SRA	1	HUnafld054_1	Homo sapiens	Liver	1st biopsy	45	female	2	3	high-risk	total RNA	Truseq RNA Exome kit (Illumina, CA) following manufacturer’s protocol.	9606	NASH.HUn164.gct	Supplementary_files_format_and_content: .gct file format (tab-delimited text) including normalized gene expression levels normalized within 106 1st biopsy tissues (NAFLD.HUn106.gct) and within the 58 high-risk patients with paired biopsy tissues (NAFLD.HUn164.gct).	GPL18573	Yujin,,Hoshida	University of Texas Southwestern Medical Center	5323 Harry Hines Blvd	Dallas	TX	75390	USA	0	Illumina NextSeq 500	cDNA	transcriptomic	RNA-Seq	SRA: https://www.ncbi.nlm.nih.gov/sra?term=SRX13614096	NONE	SRR17442858
SRR17442857	2022-07-01 08:11:25	2022-01-05 10:32:01	27550737	2093856012	0	76	699		https://sra-downloadb.be-md.ncbi.nlm.nih.gov/sos9/sra-pub-zq-924/SRR017/17442/SRR17442857/SRR17442857.lite.1	SRX13614097	GSM5772548	RNA-Seq	cDNA	TRANSCRIPTOMIC	SINGLE	0	0	ILLUMINA	NextSeq 500	SRP353609	PRJNA794357	3	794357	SRS11503222	SAMN24648807	simple	9606	Homo sapiens	GSM5772548							no					UT SOUTHWESTERN MEDICAL CENTER	SRA1352300		public	99312968BD66843C33ED3360735F4ABB	21700C1C0DD76CF16F49CC67D76F37A0	HUnafld055	GSM5772548	Public on Jul 01 2022	Jan 05 2022	Jul 01 2022	SRA	1	HUnafld055	Homo sapiens	Liver	1st biopsy	50	female	3	7	high-risk	total RNA	Truseq RNA Exome kit (Illumina, CA) following manufacturer’s protocol.	9606	NASH.HUn164.gct	Supplementary_files_format_and_content: .gct file format (tab-delimited text) including normalized gene expression levels normalized within 106 1st biopsy tissues (NAFLD.HUn106.gct) and within the 58 high-risk patients with paired biopsy tissues (NAFLD.HUn164.gct).	GPL18573	Yujin,,Hoshida	University of Texas Southwestern Medical Center	5323 Harry Hines Blvd	Dallas	TX	75390	USA	0	Illumina NextSeq 500	cDNA	transcriptomic	RNA-Seq	SRA: https://www.ncbi.nlm.nih.gov/sra?term=SRX13614097	NONE	SRR17442857
SRR17442856	2022-07-01 08:11:25	2022-01-05 10:27:18	21847406	1660402856	0	76	555		https://sra-downloadb.be-md.ncbi.nlm.nih.gov/sos1/sra-pub-zq-38/SRR017/17442/SRR17442856/SRR17442856.lite.1	SRX13614098	GSM5772549	RNA-Seq	cDNA	TRANSCRIPTOMIC	SINGLE	0	0	ILLUMINA	NextSeq 500	SRP353609	PRJNA794357	3	794357	SRS11503223	SAMN24648806	simple	9606	Homo sapiens	GSM5772549							no					UT SOUTHWESTERN MEDICAL CENTER	SRA1352300		public	146A325D616174F2D0C31F87DF86DDAB	C578A956FCD172EABD04317AFF2F9E57	HUnafld056_1	GSM5772549	Public on Jul 01 2022	Jan 05 2022	Jul 01 2022	SRA	1	HUnafld056_1	Homo sapiens	Liver	1st biopsy	60	male	3	7	high-risk	total RNA	Truseq RNA Exome kit (Illumina, CA) following manufacturer’s protocol.	9606	NASH.HUn164.gct	Supplementary_files_format_and_content: .gct file format (tab-delimited text) including normalized gene expression levels normalized within 106 1st biopsy tissues (NAFLD.HUn106.gct) and within the 58 high-risk patients with paired biopsy tissues (NAFLD.HUn164.gct).	GPL18573	Yujin,,Hoshida	University of Texas Southwestern Medical Center	5323 Harry Hines Blvd	Dallas	TX	75390	USA	0	Illumina NextSeq 500	cDNA	transcriptomic	RNA-Seq	SRA: https://www.ncbi.nlm.nih.gov/sra?term=SRX13614098	NONE	SRR17442856
SRR17442855	2022-07-01 08:11:25	2022-01-05 10:24:57	18066316	1373040016	0	76	474		https://sra-downloadb.be-md.ncbi.nlm.nih.gov/sos1/sra-pub-zq-38/SRR017/17442/SRR17442855/SRR17442855.lite.1	SRX13614099	GSM5772550	RNA-Seq	cDNA	TRANSCRIPTOMIC	SINGLE	0	0	ILLUMINA	NextSeq 500	SRP353609	PRJNA794357	3	794357	SRS11503224	SAMN24648805	simple	9606	Homo sapiens	GSM5772550							no					UT SOUTHWESTERN MEDICAL CENTER	SRA1352300		public	B146C4B66FB7C39CA3BAEEC82AA4DF3A	C7142FA3327BAD6C627DDCFC77332F75	HUnafld057_1	GSM5772550	Public on Jul 01 2022	Jan 05 2022	Jul 01 2022	SRA	1	HUnafld057_1	Homo sapiens	Liver	1st biopsy	68	female	3	4	high-risk	total RNA	Truseq RNA Exome kit (Illumina, CA) following manufacturer’s protocol.	9606	NASH.HUn164.gct	Supplementary_files_format_and_content: .gct file format (tab-delimited text) including normalized gene expression levels normalized within 106 1st biopsy tissues (NAFLD.HUn106.gct) and within the 58 high-risk patients with paired biopsy tissues (NAFLD.HUn164.gct).	GPL18573	Yujin,,Hoshida	University of Texas Southwestern Medical Center	5323 Harry Hines Blvd	Dallas	TX	75390	USA	0	Illumina NextSeq 500	cDNA	transcriptomic	RNA-Seq	SRA: https://www.ncbi.nlm.nih.gov/sra?term=SRX13614099	NONE	SRR17442855
SRR17442854	2022-07-01 08:11:24	2022-01-05 10:28:16	27075899	2057768324	0	76	686		https://sra-downloadb.be-md.ncbi.nlm.nih.gov/sos1/sra-pub-zq-38/SRR017/17442/SRR17442854/SRR17442854.lite.1	SRX13614100	GSM5772551	RNA-Seq	cDNA	TRANSCRIPTOMIC	SINGLE	0	0	ILLUMINA	NextSeq 500	SRP353609	PRJNA794357	3	794357	SRS11503225	SAMN24648804	simple	9606	Homo sapiens	GSM5772551							no					UT SOUTHWESTERN MEDICAL CENTER	SRA1352300		public	04F09B8306BE561A3FDE6776F1708638	738C979D944763E6984DFDA5F4902F47	HUnafld058_1	GSM5772551	Public on Jul 01 2022	Jan 05 2022	Jul 01 2022	SRA	1	HUnafld058_1	Homo sapiens	Liver	1st biopsy	74	female	2	4	high-risk	total RNA	Truseq RNA Exome kit (Illumina, CA) following manufacturer’s protocol.	9606	NASH.HUn164.gct	Supplementary_files_format_and_content: .gct file format (tab-delimited text) including normalized gene expression levels normalized within 106 1st biopsy tissues (NAFLD.HUn106.gct) and within the 58 high-risk patients with paired biopsy tissues (NAFLD.HUn164.gct).	GPL18573	Yujin,,Hoshida	University of Texas Southwestern Medical Center	5323 Harry Hines Blvd	Dallas	TX	75390	USA	0	Illumina NextSeq 500	cDNA	transcriptomic	RNA-Seq	SRA: https://www.ncbi.nlm.nih.gov/sra?term=SRX13614100	NONE	SRR17442854
SRR17442853	2022-07-01 08:11:24	2022-01-05 10:25:01	16987523	1291051748	0	76	431		https://sra-downloadb.be-md.ncbi.nlm.nih.gov/sos1/sra-pub-zq-38/SRR017/17442/SRR17442853/SRR17442853.lite.1	SRX13614101	GSM5772552	RNA-Seq	cDNA	TRANSCRIPTOMIC	SINGLE	0	0	ILLUMINA	NextSeq 500	SRP353609	PRJNA794357	3	794357	SRS11503226	SAMN24648803	simple	9606	Homo sapiens	GSM5772552							no					UT SOUTHWESTERN MEDICAL CENTER	SRA1352300		public	7639AB5D9541180D45BA1C4D30478D63	DABD4080762607BA4E1232093DC67EA8	HUnafld059_1	GSM5772552	Public on Jul 01 2022	Jan 05 2022	Jul 01 2022	SRA	1	HUnafld059_1	Homo sapiens	Liver	1st biopsy	62	female	3	7	high-risk	total RNA	Truseq RNA Exome kit (Illumina, CA) following manufacturer’s protocol.	9606	NASH.HUn164.gct	Supplementary_files_format_and_content: .gct file format (tab-delimited text) including normalized gene expression levels normalized within 106 1st biopsy tissues (NAFLD.HUn106.gct) and within the 58 high-risk patients with paired biopsy tissues (NAFLD.HUn164.gct).	GPL18573	Yujin,,Hoshida	University of Texas Southwestern Medical Center	5323 Harry Hines Blvd	Dallas	TX	75390	USA	0	Illumina NextSeq 500	cDNA	transcriptomic	RNA-Seq	SRA: https://www.ncbi.nlm.nih.gov/sra?term=SRX13614101	NONE	SRR17442853
SRR17442852	2022-07-01 08:11:24	2022-01-05 10:26:05	22693904	1724736704	0	76	576		https://sra-downloadb.be-md.ncbi.nlm.nih.gov/sos1/sra-pub-zq-38/SRR017/17442/SRR17442852/SRR17442852.lite.1	SRX13614102	GSM5772553	RNA-Seq	cDNA	TRANSCRIPTOMIC	SINGLE	0	0	ILLUMINA	NextSeq 500	SRP353609	PRJNA794357	3	794357	SRS11503227	SAMN24648802	simple	9606	Homo sapiens	GSM5772553							no					UT SOUTHWESTERN MEDICAL CENTER	SRA1352300		public	CA0975390CCDC2E9A09561F7E35F058A	06332C4E132C472C45C39517180E4D1D	HUnafld060_1	GSM5772553	Public on Jul 01 2022	Jan 05 2022	Jul 01 2022	SRA	1	HUnafld060_1	Homo sapiens	Liver	1st biopsy	33	male	2	4	high-risk	total RNA	Truseq RNA Exome kit (Illumina, CA) following manufacturer’s protocol.	9606	NASH.HUn164.gct	Supplementary_files_format_and_content: .gct file format (tab-delimited text) including normalized gene expression levels normalized within 106 1st biopsy tissues (NAFLD.HUn106.gct) and within the 58 high-risk patients with paired biopsy tissues (NAFLD.HUn164.gct).	GPL18573	Yujin,,Hoshida	University of Texas Southwestern Medical Center	5323 Harry Hines Blvd	Dallas	TX	75390	USA	0	Illumina NextSeq 500	cDNA	transcriptomic	RNA-Seq	SRA: https://www.ncbi.nlm.nih.gov/sra?term=SRX13614102	NONE	SRR17442852
SRR17442851	2022-07-01 08:11:24	2022-01-05 10:24:24	15895275	1208040900	0	76	402		https://sra-downloadb.be-md.ncbi.nlm.nih.gov/sos1/sra-pub-zq-38/SRR017/17442/SRR17442851/SRR17442851.lite.1	SRX13614103	GSM5772554	RNA-Seq	cDNA	TRANSCRIPTOMIC	SINGLE	0	0	ILLUMINA	NextSeq 500	SRP353609	PRJNA794357	3	794357	SRS11503228	SAMN24648801	simple	9606	Homo sapiens	GSM5772554							no					UT SOUTHWESTERN MEDICAL CENTER	SRA1352300		public	EC1C08AE56DB20FC87B9D40930CF56FA	A2D810A3E7C1C3470544AB22DA0859CB	HUnafld061	GSM5772554	Public on Jul 01 2022	Jan 05 2022	Jul 01 2022	SRA	1	HUnafld061	Homo sapiens	Liver	1st biopsy	60	male	2	4	low-risk	total RNA	Truseq RNA Exome kit (Illumina, CA) following manufacturer’s protocol.	9606	NASH.HUn164.gct	Supplementary_files_format_and_content: .gct file format (tab-delimited text) including normalized gene expression levels normalized within 106 1st biopsy tissues (NAFLD.HUn106.gct) and within the 58 high-risk patients with paired biopsy tissues (NAFLD.HUn164.gct).	GPL18573	Yujin,,Hoshida	University of Texas Southwestern Medical Center	5323 Harry Hines Blvd	Dallas	TX	75390	USA	0	Illumina NextSeq 500	cDNA	transcriptomic	RNA-Seq	SRA: https://www.ncbi.nlm.nih.gov/sra?term=SRX13614103	NONE	SRR17442851
SRR17442850	2022-07-01 08:11:24	2022-01-05 10:28:53	27300310	2074823560	0	76	692		https://sra-downloadb.be-md.ncbi.nlm.nih.gov/sos1/sra-pub-zq-38/SRR017/17442/SRR17442850/SRR17442850.lite.1	SRX13614104	GSM5772555	RNA-Seq	cDNA	TRANSCRIPTOMIC	SINGLE	0	0	ILLUMINA	NextSeq 500	SRP353609	PRJNA794357	3	794357	SRS11503229	SAMN24648800	simple	9606	Homo sapiens	GSM5772555							no					UT SOUTHWESTERN MEDICAL CENTER	SRA1352300		public	396D3F13B23CA2B640392CD4E467A63F	B96FF1087FF4E3CA8BD00897FDEE8587	HUnafld062	GSM5772555	Public on Jul 01 2022	Jan 05 2022	Jul 01 2022	SRA	1	HUnafld062	Homo sapiens	Liver	1st biopsy	31	female	2	7	high-risk	total RNA	Truseq RNA Exome kit (Illumina, CA) following manufacturer’s protocol.	9606	NASH.HUn164.gct	Supplementary_files_format_and_content: .gct file format (tab-delimited text) including normalized gene expression levels normalized within 106 1st biopsy tissues (NAFLD.HUn106.gct) and within the 58 high-risk patients with paired biopsy tissues (NAFLD.HUn164.gct).	GPL18573	Yujin,,Hoshida	University of Texas Southwestern Medical Center	5323 Harry Hines Blvd	Dallas	TX	75390	USA	0	Illumina NextSeq 500	cDNA	transcriptomic	RNA-Seq	SRA: https://www.ncbi.nlm.nih.gov/sra?term=SRX13614104	NONE	SRR17442850
SRR17442849	2022-07-01 08:11:24	2022-01-05 10:24:57	16455281	1250601356	0	76	416		https://sra-downloadb.be-md.ncbi.nlm.nih.gov/sos9/sra-pub-zq-924/SRR017/17442/SRR17442849/SRR17442849.lite.1	SRX13614105	GSM5772556	RNA-Seq	cDNA	TRANSCRIPTOMIC	SINGLE	0	0	ILLUMINA	NextSeq 500	SRP353609	PRJNA794357	3	794357	SRS11503230	SAMN24648799	simple	9606	Homo sapiens	GSM5772556							no					UT SOUTHWESTERN MEDICAL CENTER	SRA1352300		public	041D7FD8BE46594907D3753FA46B64E4	A2A472FF43A30724CC9AF11A9C8F98E8	HUnafld063_1	GSM5772556	Public on Jul 01 2022	Jan 05 2022	Jul 01 2022	SRA	1	HUnafld063_1	Homo sapiens	Liver	1st biopsy	60	female	3	3	high-risk	total RNA	Truseq RNA Exome kit (Illumina, CA) following manufacturer’s protocol.	9606	NASH.HUn164.gct	Supplementary_files_format_and_content: .gct file format (tab-delimited text) including normalized gene expression levels normalized within 106 1st biopsy tissues (NAFLD.HUn106.gct) and within the 58 high-risk patients with paired biopsy tissues (NAFLD.HUn164.gct).	GPL18573	Yujin,,Hoshida	University of Texas Southwestern Medical Center	5323 Harry Hines Blvd	Dallas	TX	75390	USA	0	Illumina NextSeq 500	cDNA	transcriptomic	RNA-Seq	SRA: https://www.ncbi.nlm.nih.gov/sra?term=SRX13614105	NONE	SRR17442849
SRR17442848	2022-07-01 08:11:25	2022-01-05 10:27:49	27109463	2060319188	0	76	696		https://sra-downloadb.be-md.ncbi.nlm.nih.gov/sos1/sra-pub-zq-38/SRR017/17442/SRR17442848/SRR17442848.lite.1	SRX13614106	GSM5772641	RNA-Seq	cDNA	TRANSCRIPTOMIC	SINGLE	0	0	ILLUMINA	NextSeq 500	SRP353609	PRJNA794357	3	794357	SRS11503231	SAMN24648714	simple	9606	Homo sapiens	GSM5772641							no					UT SOUTHWESTERN MEDICAL CENTER	SRA1352300		public	5BCD4BBF42B1DC17FF49319909EB2F44	D0A9CA093CC267E34BBC7C0930D5629D	HUnafld085_2	GSM5772641	Public on Jul 01 2022	Jan 05 2022	Jul 01 2022	SRA	1	HUnafld085_2	Homo sapiens	Liver	2nd biopsy	33	male	2	5		total RNA	Truseq RNA Exome kit (Illumina, CA) following manufacturer’s protocol.	9606		Supplementary_files_format_and_content: .gct file format (tab-delimited text) including normalized gene expression levels normalized within 106 1st biopsy tissues (NAFLD.HUn106.gct) and within the 58 high-risk patients with paired biopsy tissues (NAFLD.HUn164.gct).	GPL18573	Yujin,,Hoshida	University of Texas Southwestern Medical Center	5323 Harry Hines Blvd	Dallas	TX	75390	USA	0	Illumina NextSeq 500	cDNA	transcriptomic	RNA-Seq	SRA: https://www.ncbi.nlm.nih.gov/sra?term=SRX13614106	NONE	SRR17442848
SRR17442847	2022-07-01 08:11:25	2022-01-05 10:27:16	22219331	1688669156	0	76	574		https://sra-downloadb.be-md.ncbi.nlm.nih.gov/sos1/sra-pub-zq-38/SRR017/17442/SRR17442847/SRR17442847.lite.1	SRX13614107	GSM5772642	RNA-Seq	cDNA	TRANSCRIPTOMIC	SINGLE	0	0	ILLUMINA	NextSeq 500	SRP353609	PRJNA794357	3	794357	SRS11503232	SAMN24648713	simple	9606	Homo sapiens	GSM5772642							no					UT SOUTHWESTERN MEDICAL CENTER	SRA1352300		public	CA602516850C4C5C9AD37D457097EFCE	B221246082A7299CCCE2838716E0FDB4	HUnafld087_2	GSM5772642	Public on Jul 01 2022	Jan 05 2022	Jul 01 2022	SRA	1	HUnafld087_2	Homo sapiens	Liver	2nd biopsy	65	female	2	3		total RNA	Truseq RNA Exome kit (Illumina, CA) following manufacturer’s protocol.	9606		Supplementary_files_format_and_content: .gct file format (tab-delimited text) including normalized gene expression levels normalized within 106 1st biopsy tissues (NAFLD.HUn106.gct) and within the 58 high-risk patients with paired biopsy tissues (NAFLD.HUn164.gct).	GPL18573	Yujin,,Hoshida	University of Texas Southwestern Medical Center	5323 Harry Hines Blvd	Dallas	TX	75390	USA	0	Illumina NextSeq 500	cDNA	transcriptomic	RNA-Seq	SRA: https://www.ncbi.nlm.nih.gov/sra?term=SRX13614107	NONE	SRR17442847
SRR17442846	2022-07-01 08:11:25	2022-01-05 10:30:34	30139649	2290613324	0	76	786		https://sra-downloadb.be-md.ncbi.nlm.nih.gov/sos9/sra-pub-zq-924/SRR017/17442/SRR17442846/SRR17442846.lite.1	SRX13614108	GSM5772643	RNA-Seq	cDNA	TRANSCRIPTOMIC	SINGLE	0	0	ILLUMINA	NextSeq 500	SRP353609	PRJNA794357	3	794357	SRS11503233	SAMN24648712	simple	9606	Homo sapiens	GSM5772643							no					UT SOUTHWESTERN MEDICAL CENTER	SRA1352300		public	CC84DEFFA57EC4FD03A8E07A70AE8846	098AF1B441470446B499F22371B5B519	HUnafld088_2	GSM5772643	Public on Jul 01 2022	Jan 05 2022	Jul 01 2022	SRA	1	HUnafld088_2	Homo sapiens	Liver	2nd biopsy	63	male	3	3		total RNA	Truseq RNA Exome kit (Illumina, CA) following manufacturer’s protocol.	9606		Supplementary_files_format_and_content: .gct file format (tab-delimited text) including normalized gene expression levels normalized within 106 1st biopsy tissues (NAFLD.HUn106.gct) and within the 58 high-risk patients with paired biopsy tissues (NAFLD.HUn164.gct).	GPL18573	Yujin,,Hoshida	University of Texas Southwestern Medical Center	5323 Harry Hines Blvd	Dallas	TX	75390	USA	0	Illumina NextSeq 500	cDNA	transcriptomic	RNA-Seq	SRA: https://www.ncbi.nlm.nih.gov/sra?term=SRX13614108	NONE	SRR17442846
SRR17442845	2022-07-01 08:11:25	2022-01-05 10:27:32	29591879	2248982804	0	76	762		https://sra-downloadb.be-md.ncbi.nlm.nih.gov/sos8/sra-pub-zq-820/SRR017/17442/SRR17442845/SRR17442845.lite.1	SRX13614109	GSM5772644	RNA-Seq	cDNA	TRANSCRIPTOMIC	SINGLE	0	0	ILLUMINA	NextSeq 500	SRP353609	PRJNA794357	3	794357	SRS11503234	SAMN24648711	simple	9606	Homo sapiens	GSM5772644							no					UT SOUTHWESTERN MEDICAL CENTER	SRA1352300		public	78A96887594CB85E61A7BED2FEFD2B70	067D4AB4DAA2AFDD62CBE332A835AEA7	HUnafld089_2	GSM5772644	Public on Jul 01 2022	Jan 05 2022	Jul 01 2022	SRA	1	HUnafld089_2	Homo sapiens	Liver	2nd biopsy	60	male	2	4		total RNA	Truseq RNA Exome kit (Illumina, CA) following manufacturer’s protocol.	9606		Supplementary_files_format_and_content: .gct file format (tab-delimited text) including normalized gene expression levels normalized within 106 1st biopsy tissues (NAFLD.HUn106.gct) and within the 58 high-risk patients with paired biopsy tissues (NAFLD.HUn164.gct).	GPL18573	Yujin,,Hoshida	University of Texas Southwestern Medical Center	5323 Harry Hines Blvd	Dallas	TX	75390	USA	0	Illumina NextSeq 500	cDNA	transcriptomic	RNA-Seq	SRA: https://www.ncbi.nlm.nih.gov/sra?term=SRX13614109	NONE	SRR17442845
SRR17442844	2022-07-01 08:11:25	2022-01-05 10:24:49	16337982	1241686632	0	76	436		https://sra-downloadb.be-md.ncbi.nlm.nih.gov/sos1/sra-pub-zq-38/SRR017/17442/SRR17442844/SRR17442844.lite.1	SRX13614110	GSM5772645	RNA-Seq	cDNA	TRANSCRIPTOMIC	SINGLE	0	0	ILLUMINA	NextSeq 500	SRP353609	PRJNA794357	3	794357	SRS11503235	SAMN24648710	simple	9606	Homo sapiens	GSM5772645							no					UT SOUTHWESTERN MEDICAL CENTER	SRA1352300		public	114C71707A70B4A6A3117A926E85DAD0	98B6A5CC90E0BC18BE1F5F8CA5B6BD21	HUnafld090_2	GSM5772645	Public on Jul 01 2022	Jan 05 2022	Jul 01 2022	SRA	1	HUnafld090_2	Homo sapiens	Liver	2nd biopsy	35	male	2	3		total RNA	Truseq RNA Exome kit (Illumina, CA) following manufacturer’s protocol.	9606		Supplementary_files_format_and_content: .gct file format (tab-delimited text) including normalized gene expression levels normalized within 106 1st biopsy tissues (NAFLD.HUn106.gct) and within the 58 high-risk patients with paired biopsy tissues (NAFLD.HUn164.gct).	GPL18573	Yujin,,Hoshida	University of Texas Southwestern Medical Center	5323 Harry Hines Blvd	Dallas	TX	75390	USA	0	Illumina NextSeq 500	cDNA	transcriptomic	RNA-Seq	SRA: https://www.ncbi.nlm.nih.gov/sra?term=SRX13614110	NONE	SRR17442844
SRR17442843	2022-07-01 08:11:25	2022-01-05 10:24:29	17839871	1355830196	0	76	481		https://sra-downloadb.be-md.ncbi.nlm.nih.gov/sos9/sra-pub-zq-924/SRR017/17442/SRR17442843/SRR17442843.lite.1	SRX13614111	GSM5772646	RNA-Seq	cDNA	TRANSCRIPTOMIC	SINGLE	0	0	ILLUMINA	NextSeq 500	SRP353609	PRJNA794357	3	794357	SRS11503236	SAMN24648709	simple	9606	Homo sapiens	GSM5772646							no					UT SOUTHWESTERN MEDICAL CENTER	SRA1352300		public	1C70BDCA29037ECB5C262A282A0AF125	C8D0CFB39B0845D7EF40DDF8E0EB838B	HUnafld091_2	GSM5772646	Public on Jul 01 2022	Jan 05 2022	Jul 01 2022	SRA	1	HUnafld091_2	Homo sapiens	Liver	2nd biopsy	75	male	2	3		total RNA	Truseq RNA Exome kit (Illumina, CA) following manufacturer’s protocol.	9606		Supplementary_files_format_and_content: .gct file format (tab-delimited text) including normalized gene expression levels normalized within 106 1st biopsy tissues (NAFLD.HUn106.gct) and within the 58 high-risk patients with paired biopsy tissues (NAFLD.HUn164.gct).	GPL18573	Yujin,,Hoshida	University of Texas Southwestern Medical Center	5323 Harry Hines Blvd	Dallas	TX	75390	USA	0	Illumina NextSeq 500	cDNA	transcriptomic	RNA-Seq	SRA: https://www.ncbi.nlm.nih.gov/sra?term=SRX13614111	NONE	SRR17442843
SRR17442842	2022-07-01 08:11:25	2022-01-05 10:27:29	24786582	1883780232	0	76	650		https://sra-downloadb.be-md.ncbi.nlm.nih.gov/sos1/sra-pub-zq-38/SRR017/17442/SRR17442842/SRR17442842.lite.1	SRX13614112	GSM5772647	RNA-Seq	cDNA	TRANSCRIPTOMIC	SINGLE	0	0	ILLUMINA	NextSeq 500	SRP353609	PRJNA794357	3	794357	SRS11503237	SAMN24648708	simple	9606	Homo sapiens	GSM5772647							no					UT SOUTHWESTERN MEDICAL CENTER	SRA1352300		public	2A951E829D759A7C29317118BB44FB81	93CDCBF7613826EE425746AE8140CFFF	HUnafld092_2	GSM5772647	Public on Jul 01 2022	Jan 05 2022	Jul 01 2022	SRA	1	HUnafld092_2	Homo sapiens	Liver	2nd biopsy	76	female	1	3		total RNA	Truseq RNA Exome kit (Illumina, CA) following manufacturer’s protocol.	9606		Supplementary_files_format_and_content: .gct file format (tab-delimited text) including normalized gene expression levels normalized within 106 1st biopsy tissues (NAFLD.HUn106.gct) and within the 58 high-risk patients with paired biopsy tissues (NAFLD.HUn164.gct).	GPL18573	Yujin,,Hoshida	University of Texas Southwestern Medical Center	5323 Harry Hines Blvd	Dallas	TX	75390	USA	0	Illumina NextSeq 500	cDNA	transcriptomic	RNA-Seq	SRA: https://www.ncbi.nlm.nih.gov/sra?term=SRX13614112	NONE	SRR17442842
SRR17442841	2022-07-01 08:11:25	2022-01-05 10:28:15	26319455	2000278580	0	76	696		https://sra-downloadb.be-md.ncbi.nlm.nih.gov/sos1/sra-pub-zq-38/SRR017/17442/SRR17442841/SRR17442841.lite.1	SRX13614113	GSM5772648	RNA-Seq	cDNA	TRANSCRIPTOMIC	SINGLE	0	0	ILLUMINA	NextSeq 500	SRP353609	PRJNA794357	3	794357	SRS11503238	SAMN24648707	simple	9606	Homo sapiens	GSM5772648							no					UT SOUTHWESTERN MEDICAL CENTER	SRA1352300		public	4180A5052CF8CF745712C3F878D7F4C0	32DCE63E43BC54161F6273F5B2E43667	HUnafld093_2	GSM5772648	Public on Jul 01 2022	Jan 05 2022	Jul 01 2022	SRA	1	HUnafld093_2	Homo sapiens	Liver	2nd biopsy	62	female	2	3		total RNA	Truseq RNA Exome kit (Illumina, CA) following manufacturer’s protocol.	9606		Supplementary_files_format_and_content: .gct file format (tab-delimited text) including normalized gene expression levels normalized within 106 1st biopsy tissues (NAFLD.HUn106.gct) and within the 58 high-risk patients with paired biopsy tissues (NAFLD.HUn164.gct).	GPL18573	Yujin,,Hoshida	University of Texas Southwestern Medical Center	5323 Harry Hines Blvd	Dallas	TX	75390	USA	0	Illumina NextSeq 500	cDNA	transcriptomic	RNA-Seq	SRA: https://www.ncbi.nlm.nih.gov/sra?term=SRX13614113	NONE	SRR17442841
SRR17442840	2022-07-01 08:11:25	2022-01-05 10:26:58	25999044	1975927344	0	76	683		https://sra-downloadb.be-md.ncbi.nlm.nih.gov/sos9/sra-pub-zq-924/SRR017/17442/SRR17442840/SRR17442840.lite.1	SRX13614114	GSM5772649	RNA-Seq	cDNA	TRANSCRIPTOMIC	SINGLE	0	0	ILLUMINA	NextSeq 500	SRP353609	PRJNA794357	3	794357	SRS11503239	SAMN24648706	simple	9606	Homo sapiens	GSM5772649							no					UT SOUTHWESTERN MEDICAL CENTER	SRA1352300		public	3C546EADF46F34DC795996F2101B30D9	5898EE015499A2FF903D376EE53D5835	HUnafld094_2	GSM5772649	Public on Jul 01 2022	Jan 05 2022	Jul 01 2022	SRA	1	HUnafld094_2	Homo sapiens	Liver	2nd biopsy	66	male	3	3		total RNA	Truseq RNA Exome kit (Illumina, CA) following manufacturer’s protocol.	9606		Supplementary_files_format_and_content: .gct file format (tab-delimited text) including normalized gene expression levels normalized within 106 1st biopsy tissues (NAFLD.HUn106.gct) and within the 58 high-risk patients with paired biopsy tissues (NAFLD.HUn164.gct).	GPL18573	Yujin,,Hoshida	University of Texas Southwestern Medical Center	5323 Harry Hines Blvd	Dallas	TX	75390	USA	0	Illumina NextSeq 500	cDNA	transcriptomic	RNA-Seq	SRA: https://www.ncbi.nlm.nih.gov/sra?term=SRX13614114	NONE	SRR17442840
SRR17442839	2022-07-01 08:11:25	2022-01-05 10:29:47	26300433	1998832908	0	76	696		https://sra-downloadb.be-md.ncbi.nlm.nih.gov/sos1/sra-pub-zq-38/SRR017/17442/SRR17442839/SRR17442839.lite.1	SRX13614115	GSM5772650	RNA-Seq	cDNA	TRANSCRIPTOMIC	SINGLE	0	0	ILLUMINA	NextSeq 500	SRP353609	PRJNA794357	3	794357	SRS11503240	SAMN24648705	simple	9606	Homo sapiens	GSM5772650							no					UT SOUTHWESTERN MEDICAL CENTER	SRA1352300		public	C3A1D8745DE09ADE7D534FF439C88263	FD0E08E233417045392A6CF455839FB4	HUnafld095_2	GSM5772650	Public on Jul 01 2022	Jan 05 2022	Jul 01 2022	SRA	1	HUnafld095_2	Homo sapiens	Liver	2nd biopsy	83	female	4	5		total RNA	Truseq RNA Exome kit (Illumina, CA) following manufacturer’s protocol.	9606		Supplementary_files_format_and_content: .gct file format (tab-delimited text) including normalized gene expression levels normalized within 106 1st biopsy tissues (NAFLD.HUn106.gct) and within the 58 high-risk patients with paired biopsy tissues (NAFLD.HUn164.gct).	GPL18573	Yujin,,Hoshida	University of Texas Southwestern Medical Center	5323 Harry Hines Blvd	Dallas	TX	75390	USA	0	Illumina NextSeq 500	cDNA	transcriptomic	RNA-Seq	SRA: https://www.ncbi.nlm.nih.gov/sra?term=SRX13614115	NONE	SRR17442839
SRR17442838	2022-07-01 08:11:25	2022-01-05 10:22:38	7550414	573831464	0	76	204		https://sra-downloadb.be-md.ncbi.nlm.nih.gov/sos1/sra-pub-zq-38/SRR017/17442/SRR17442838/SRR17442838.lite.1	SRX13614116	GSM5772651	RNA-Seq	cDNA	TRANSCRIPTOMIC	SINGLE	0	0	ILLUMINA	NextSeq 500	SRP353609	PRJNA794357	3	794357	SRS11503241	SAMN24648704	simple	9606	Homo sapiens	GSM5772651							no					UT SOUTHWESTERN MEDICAL CENTER	SRA1352300		public	EE48C488C5051D8C23651433AB1E1E34	72A403901924F7CABD1FF22C9DD956F4	HUnafld096_2	GSM5772651	Public on Jul 01 2022	Jan 05 2022	Jul 01 2022	SRA	1	HUnafld096_2	Homo sapiens	Liver	2nd biopsy	37	male	3	3		total RNA	Truseq RNA Exome kit (Illumina, CA) following manufacturer’s protocol.	9606		Supplementary_files_format_and_content: .gct file format (tab-delimited text) including normalized gene expression levels normalized within 106 1st biopsy tissues (NAFLD.HUn106.gct) and within the 58 high-risk patients with paired biopsy tissues (NAFLD.HUn164.gct).	GPL18573	Yujin,,Hoshida	University of Texas Southwestern Medical Center	5323 Harry Hines Blvd	Dallas	TX	75390	USA	0	Illumina NextSeq 500	cDNA	transcriptomic	RNA-Seq	SRA: https://www.ncbi.nlm.nih.gov/sra?term=SRX13614116	NONE	SRR17442838
SRR17442837	2022-07-01 08:11:25	2022-01-05 10:26:48	20647885	1569239260	0	76	549		https://sra-downloadb.be-md.ncbi.nlm.nih.gov/sos1/sra-pub-zq-38/SRR017/17442/SRR17442837/SRR17442837.lite.1	SRX13614117	GSM5772652	RNA-Seq	cDNA	TRANSCRIPTOMIC	SINGLE	0	0	ILLUMINA	NextSeq 500	SRP353609	PRJNA794357	3	794357	SRS11503242	SAMN24648703	simple	9606	Homo sapiens	GSM5772652							no					UT SOUTHWESTERN MEDICAL CENTER	SRA1352300		public	B014310188D30F280CF7779AF013B4F1	C90B17CDCC471C1F818A995A9552DA65	HUnafld097_2	GSM5772652	Public on Jul 01 2022	Jan 05 2022	Jul 01 2022	SRA	1	HUnafld097_2	Homo sapiens	Liver	2nd biopsy	39	male	2	3		total RNA	Truseq RNA Exome kit (Illumina, CA) following manufacturer’s protocol.	9606		Supplementary_files_format_and_content: .gct file format (tab-delimited text) including normalized gene expression levels normalized within 106 1st biopsy tissues (NAFLD.HUn106.gct) and within the 58 high-risk patients with paired biopsy tissues (NAFLD.HUn164.gct).	GPL18573	Yujin,,Hoshida	University of Texas Southwestern Medical Center	5323 Harry Hines Blvd	Dallas	TX	75390	USA	0	Illumina NextSeq 500	cDNA	transcriptomic	RNA-Seq	SRA: https://www.ncbi.nlm.nih.gov/sra?term=SRX13614117	NONE	SRR17442837
SRR17442836	2022-07-01 08:11:25	2022-01-05 10:26:47	24615627	1870787652	0	76	651		https://sra-downloadb.be-md.ncbi.nlm.nih.gov/sos8/sra-pub-zq-818/SRR017/17442/SRR17442836/SRR17442836.lite.1	SRX13614118	GSM5772653	RNA-Seq	cDNA	TRANSCRIPTOMIC	SINGLE	0	0	ILLUMINA	NextSeq 500	SRP353609	PRJNA794357	3	794357	SRS11503243	SAMN24648702	simple	9606	Homo sapiens	GSM5772653							no					UT SOUTHWESTERN MEDICAL CENTER	SRA1352300		public	E4A0F08B88BCF82DBDC970B6E80E7947	352EC3CB4A94FDFF429775EC0C8B0873	HUnafld098_2	GSM5772653	Public on Jul 01 2022	Jan 05 2022	Jul 01 2022	SRA	1	HUnafld098_2	Homo sapiens	Liver	2nd biopsy	43	male	3	7		total RNA	Truseq RNA Exome kit (Illumina, CA) following manufacturer’s protocol.	9606		Supplementary_files_format_and_content: .gct file format (tab-delimited text) including normalized gene expression levels normalized within 106 1st biopsy tissues (NAFLD.HUn106.gct) and within the 58 high-risk patients with paired biopsy tissues (NAFLD.HUn164.gct).	GPL18573	Yujin,,Hoshida	University of Texas Southwestern Medical Center	5323 Harry Hines Blvd	Dallas	TX	75390	USA	0	Illumina NextSeq 500	cDNA	transcriptomic	RNA-Seq	SRA: https://www.ncbi.nlm.nih.gov/sra?term=SRX13614118	NONE	SRR17442836
SRR17442835	2022-07-01 08:11:25	2022-01-05 10:26:53	20493568	1557511168	0	76	542		https://sra-downloadb.be-md.ncbi.nlm.nih.gov/sos9/sra-pub-zq-924/SRR017/17442/SRR17442835/SRR17442835.lite.1	SRX13614119	GSM5772654	RNA-Seq	cDNA	TRANSCRIPTOMIC	SINGLE	0	0	ILLUMINA	NextSeq 500	SRP353609	PRJNA794357	3	794357	SRS11503244	SAMN24648701	simple	9606	Homo sapiens	GSM5772654							no					UT SOUTHWESTERN MEDICAL CENTER	SRA1352300		public	6484F81BE67E68D9755B7137FF483EA1	BE714D7B5C51E6D51566C8B7DFF90338	HUnafld099_2	GSM5772654	Public on Jul 01 2022	Jan 05 2022	Jul 01 2022	SRA	1	HUnafld099_2	Homo sapiens	Liver	2nd biopsy	49	female	2	3		total RNA	Truseq RNA Exome kit (Illumina, CA) following manufacturer’s protocol.	9606		Supplementary_files_format_and_content: .gct file format (tab-delimited text) including normalized gene expression levels normalized within 106 1st biopsy tissues (NAFLD.HUn106.gct) and within the 58 high-risk patients with paired biopsy tissues (NAFLD.HUn164.gct).	GPL18573	Yujin,,Hoshida	University of Texas Southwestern Medical Center	5323 Harry Hines Blvd	Dallas	TX	75390	USA	0	Illumina NextSeq 500	cDNA	transcriptomic	RNA-Seq	SRA: https://www.ncbi.nlm.nih.gov/sra?term=SRX13614119	NONE	SRR17442835
SRR17442834	2022-07-01 08:11:25	2022-01-05 10:28:01	33831143	2571166868	0	76	898		https://sra-downloadb.be-md.ncbi.nlm.nih.gov/sos1/sra-pub-zq-38/SRR017/17442/SRR17442834/SRR17442834.lite.1	SRX13614120	GSM5772655	RNA-Seq	cDNA	TRANSCRIPTOMIC	SINGLE	0	0	ILLUMINA	NextSeq 500	SRP353609	PRJNA794357	3	794357	SRS11503245	SAMN24648700	simple	9606	Homo sapiens	GSM5772655							no					UT SOUTHWESTERN MEDICAL CENTER	SRA1352300		public	1E8164CD6DEEFD9BE1F6C2BF31EEC0FA	46254B5B80EA498793CE87AE212B1F22	HUnafld101_2	GSM5772655	Public on Jul 01 2022	Jan 05 2022	Jul 01 2022	SRA	1	HUnafld101_2	Homo sapiens	Liver	2nd biopsy	65	female	2	5		total RNA	Truseq RNA Exome kit (Illumina, CA) following manufacturer’s protocol.	9606		Supplementary_files_format_and_content: .gct file format (tab-delimited text) including normalized gene expression levels normalized within 106 1st biopsy tissues (NAFLD.HUn106.gct) and within the 58 high-risk patients with paired biopsy tissues (NAFLD.HUn164.gct).	GPL18573	Yujin,,Hoshida	University of Texas Southwestern Medical Center	5323 Harry Hines Blvd	Dallas	TX	75390	USA	0	Illumina NextSeq 500	cDNA	transcriptomic	RNA-Seq	SRA: https://www.ncbi.nlm.nih.gov/sra?term=SRX13614120	NONE	SRR17442834
SRR17442833	2022-07-01 08:11:25	2022-01-05 10:29:08	26785142	2035670792	0	76	701		https://sra-downloadb.be-md.ncbi.nlm.nih.gov/sos1/sra-pub-zq-38/SRR017/17442/SRR17442833/SRR17442833.lite.1	SRX13614121	GSM5772656	RNA-Seq	cDNA	TRANSCRIPTOMIC	SINGLE	0	0	ILLUMINA	NextSeq 500	SRP353609	PRJNA794357	3	794357	SRS11503246	SAMN24648699	simple	9606	Homo sapiens	GSM5772656							no					UT SOUTHWESTERN MEDICAL CENTER	SRA1352300		public	AC6A3BF48E6E4902743B22FF2EC0CE25	DD27300BF084D69BD48C58548F28A320	HUnafld102_2	GSM5772656	Public on Jul 01 2022	Jan 05 2022	Jul 01 2022	SRA	1	HUnafld102_2	Homo sapiens	Liver	2nd biopsy	75	female	3	3		total RNA	Truseq RNA Exome kit (Illumina, CA) following manufacturer’s protocol.	9606		Supplementary_files_format_and_content: .gct file format (tab-delimited text) including normalized gene expression levels normalized within 106 1st biopsy tissues (NAFLD.HUn106.gct) and within the 58 high-risk patients with paired biopsy tissues (NAFLD.HUn164.gct).	GPL18573	Yujin,,Hoshida	University of Texas Southwestern Medical Center	5323 Harry Hines Blvd	Dallas	TX	75390	USA	0	Illumina NextSeq 500	cDNA	transcriptomic	RNA-Seq	SRA: https://www.ncbi.nlm.nih.gov/sra?term=SRX13614121	NONE	SRR17442833
SRR17442832	2022-07-01 08:11:25	2022-01-05 10:27:01	20601070	1565681320	0	76	542		https://sra-downloadb.be-md.ncbi.nlm.nih.gov/sos1/sra-pub-zq-38/SRR017/17442/SRR17442832/SRR17442832.lite.1	SRX13614122	GSM5772657	RNA-Seq	cDNA	TRANSCRIPTOMIC	SINGLE	0	0	ILLUMINA	NextSeq 500	SRP353609	PRJNA794357	3	794357	SRS11503247	SAMN24648698	simple	9606	Homo sapiens	GSM5772657							no					UT SOUTHWESTERN MEDICAL CENTER	SRA1352300		public	566067BB71FEC1A210FD1631D66C3307	D1331559009127CE9AF36E5D8DEB3D3C	HUnafld103_2	GSM5772657	Public on Jul 01 2022	Jan 05 2022	Jul 01 2022	SRA	1	HUnafld103_2	Homo sapiens	Liver	2nd biopsy	38	male	2	4		total RNA	Truseq RNA Exome kit (Illumina, CA) following manufacturer’s protocol.	9606		Supplementary_files_format_and_content: .gct file format (tab-delimited text) including normalized gene expression levels normalized within 106 1st biopsy tissues (NAFLD.HUn106.gct) and within the 58 high-risk patients with paired biopsy tissues (NAFLD.HUn164.gct).	GPL18573	Yujin,,Hoshida	University of Texas Southwestern Medical Center	5323 Harry Hines Blvd	Dallas	TX	75390	USA	0	Illumina NextSeq 500	cDNA	transcriptomic	RNA-Seq	SRA: https://www.ncbi.nlm.nih.gov/sra?term=SRX13614122	NONE	SRR17442832
SRR17442831	2022-07-01 08:11:25	2022-01-05 10:26:53	21867730	1661947480	0	76	576		https://sra-downloadb.be-md.ncbi.nlm.nih.gov/sos1/sra-pub-zq-38/SRR017/17442/SRR17442831/SRR17442831.lite.1	SRX13614123	GSM5772658	RNA-Seq	cDNA	TRANSCRIPTOMIC	SINGLE	0	0	ILLUMINA	NextSeq 500	SRP353609	PRJNA794357	3	794357	SRS11503248	SAMN24648697	simple	9606	Homo sapiens	GSM5772658							no					UT SOUTHWESTERN MEDICAL CENTER	SRA1352300		public	00CF2FACCF2D5B0041523CA84FA496A0	E6F26C72EBB33E199AAA9EA61BD3908A	HUnafld106_2	GSM5772658	Public on Jul 01 2022	Jan 05 2022	Jul 01 2022	SRA	1	HUnafld106_2	Homo sapiens	Liver	2nd biopsy	77	female	3	5		total RNA	Truseq RNA Exome kit (Illumina, CA) following manufacturer’s protocol.	9606		Supplementary_files_format_and_content: .gct file format (tab-delimited text) including normalized gene expression levels normalized within 106 1st biopsy tissues (NAFLD.HUn106.gct) and within the 58 high-risk patients with paired biopsy tissues (NAFLD.HUn164.gct).	GPL18573	Yujin,,Hoshida	University of Texas Southwestern Medical Center	5323 Harry Hines Blvd	Dallas	TX	75390	USA	0	Illumina NextSeq 500	cDNA	transcriptomic	RNA-Seq	SRA: https://www.ncbi.nlm.nih.gov/sra?term=SRX13614123	NONE	SRR17442831
SRR17442830	2022-07-01 08:11:25	2022-01-05 10:27:52	23877663	1814702388	0	76	649		https://sra-downloadb.be-md.ncbi.nlm.nih.gov/sos1/sra-pub-zq-38/SRR017/17442/SRR17442830/SRR17442830.lite.1	SRX13614124	GSM5772659	RNA-Seq	cDNA	TRANSCRIPTOMIC	SINGLE	0	0	ILLUMINA	NextSeq 500	SRP353609	PRJNA794357	3	794357	SRS11503249	SAMN24648696	simple	9606	Homo sapiens	GSM5772659							no					UT SOUTHWESTERN MEDICAL CENTER	SRA1352300		public	482530728F536977CC5A71610422140C	7070E5C926E1B8911D08C886D80F74A4	HUnafld107_2	GSM5772659	Public on Jul 01 2022	Jan 05 2022	Jul 01 2022	SRA	1	HUnafld107_2	Homo sapiens	Liver	2nd biopsy	46	female	3	4		total RNA	Truseq RNA Exome kit (Illumina, CA) following manufacturer’s protocol.	9606		Supplementary_files_format_and_content: .gct file format (tab-delimited text) including normalized gene expression levels normalized within 106 1st biopsy tissues (NAFLD.HUn106.gct) and within the 58 high-risk patients with paired biopsy tissues (NAFLD.HUn164.gct).	GPL18573	Yujin,,Hoshida	University of Texas Southwestern Medical Center	5323 Harry Hines Blvd	Dallas	TX	75390	USA	0	Illumina NextSeq 500	cDNA	transcriptomic	RNA-Seq	SRA: https://www.ncbi.nlm.nih.gov/sra?term=SRX13614124	NONE	SRR17442830
SRR17442829	2022-07-01 08:11:25	2022-01-05 10:24:45	17350252	1318619152	0	76	462		https://sra-downloadb.be-md.ncbi.nlm.nih.gov/sos1/sra-pub-zq-38/SRR017/17442/SRR17442829/SRR17442829.lite.1	SRX13614125	GSM5772660	RNA-Seq	cDNA	TRANSCRIPTOMIC	SINGLE	0	0	ILLUMINA	NextSeq 500	SRP353609	PRJNA794357	3	794357	SRS11503250	SAMN24648695	simple	9606	Homo sapiens	GSM5772660							no					UT SOUTHWESTERN MEDICAL CENTER	SRA1352300		public	BEA16A75019665D8829508AFCCB6EC24	689B688AE432615B5708C6462A55F75A	HUnafld108_2	GSM5772660	Public on Jul 01 2022	Jan 05 2022	Jul 01 2022	SRA	1	HUnafld108_2	Homo sapiens	Liver	2nd biopsy	51	female	2	5		total RNA	Truseq RNA Exome kit (Illumina, CA) following manufacturer’s protocol.	9606		Supplementary_files_format_and_content: .gct file format (tab-delimited text) including normalized gene expression levels normalized within 106 1st biopsy tissues (NAFLD.HUn106.gct) and within the 58 high-risk patients with paired biopsy tissues (NAFLD.HUn164.gct).	GPL18573	Yujin,,Hoshida	University of Texas Southwestern Medical Center	5323 Harry Hines Blvd	Dallas	TX	75390	USA	0	Illumina NextSeq 500	cDNA	transcriptomic	RNA-Seq	SRA: https://www.ncbi.nlm.nih.gov/sra?term=SRX13614125	NONE	SRR17442829
SRR17442828	2022-07-01 08:11:25	2022-01-05 10:26:35	24911963	1893309188	0	76	654		https://sra-downloadb.be-md.ncbi.nlm.nih.gov/sos1/sra-pub-zq-38/SRR017/17442/SRR17442828/SRR17442828.lite.1	SRX13614126	GSM5772661	RNA-Seq	cDNA	TRANSCRIPTOMIC	SINGLE	0	0	ILLUMINA	NextSeq 500	SRP353609	PRJNA794357	3	794357	SRS11503251	SAMN24648694	simple	9606	Homo sapiens	GSM5772661							no					UT SOUTHWESTERN MEDICAL CENTER	SRA1352300		public	29F9AD7FEFC980A51FC452D7C409E77A	222C7C5C55B3F632266735611C755385	HUnafld109_2	GSM5772661	Public on Jul 01 2022	Jan 05 2022	Jul 01 2022	SRA	1	HUnafld109_2	Homo sapiens	Liver	2nd biopsy	73	female	3	5		total RNA	Truseq RNA Exome kit (Illumina, CA) following manufacturer’s protocol.	9606		Supplementary_files_format_and_content: .gct file format (tab-delimited text) including normalized gene expression levels normalized within 106 1st biopsy tissues (NAFLD.HUn106.gct) and within the 58 high-risk patients with paired biopsy tissues (NAFLD.HUn164.gct).	GPL18573	Yujin,,Hoshida	University of Texas Southwestern Medical Center	5323 Harry Hines Blvd	Dallas	TX	75390	USA	0	Illumina NextSeq 500	cDNA	transcriptomic	RNA-Seq	SRA: https://www.ncbi.nlm.nih.gov/sra?term=SRX13614126	NONE	SRR17442828
SRR17442824	2022-07-01 08:11:24	2022-01-05 10:23:54	13964239	1061282164	0	76	354		https://sra-downloadb.be-md.ncbi.nlm.nih.gov/sos9/sra-pub-zq-922/SRR017/17442/SRR17442824/SRR17442824.lite.1	SRX13614130	GSM5772557	RNA-Seq	cDNA	TRANSCRIPTOMIC	SINGLE	0	0	ILLUMINA	NextSeq 500	SRP353609	PRJNA794357	3	794357	SRS11503255	SAMN24648798	simple	9606	Homo sapiens	GSM5772557							no					UT SOUTHWESTERN MEDICAL CENTER	SRA1352300		public	E8E67D6C814D5637359D77F8529CC4D3	7FBC240021837FE6D4F96AF6EE488FA4	HUnafld064_1	GSM5772557	Public on Jul 01 2022	Jan 05 2022	Jul 01 2022	SRA	1	HUnafld064_1	Homo sapiens	Liver	1st biopsy	51	male	2	5	high-risk	total RNA	Truseq RNA Exome kit (Illumina, CA) following manufacturer’s protocol.	9606	NASH.HUn164.gct	Supplementary_files_format_and_content: .gct file format (tab-delimited text) including normalized gene expression levels normalized within 106 1st biopsy tissues (NAFLD.HUn106.gct) and within the 58 high-risk patients with paired biopsy tissues (NAFLD.HUn164.gct).	GPL18573	Yujin,,Hoshida	University of Texas Southwestern Medical Center	5323 Harry Hines Blvd	Dallas	TX	75390	USA	0	Illumina NextSeq 500	cDNA	transcriptomic	RNA-Seq	SRA: https://www.ncbi.nlm.nih.gov/sra?term=SRX13614130	NONE	SRR17442824
SRR17442823	2022-07-01 08:11:24	2022-01-05 10:22:29	8968010	681568760	0	76	232		https://sra-downloadb.be-md.ncbi.nlm.nih.gov/sos1/sra-pub-zq-38/SRR017/17442/SRR17442823/SRR17442823.lite.1	SRX13614131	GSM5772558	RNA-Seq	cDNA	TRANSCRIPTOMIC	SINGLE	0	0	ILLUMINA	NextSeq 500	SRP353609	PRJNA794357	3	794357	SRS11503257	SAMN24648797	simple	9606	Homo sapiens	GSM5772558							no					UT SOUTHWESTERN MEDICAL CENTER	SRA1352300		public	4B5377137DD997B0A568861C66C0C04D	580DD4EBBF4E826EC7C342FA878CCABF	HUnafld065	GSM5772558	Public on Jul 01 2022	Jan 05 2022	Jul 01 2022	SRA	1	HUnafld065	Homo sapiens	Liver	1st biopsy	48	female	2	4	low-risk	total RNA	Truseq RNA Exome kit (Illumina, CA) following manufacturer’s protocol.	9606	NASH.HUn164.gct	Supplementary_files_format_and_content: .gct file format (tab-delimited text) including normalized gene expression levels normalized within 106 1st biopsy tissues (NAFLD.HUn106.gct) and within the 58 high-risk patients with paired biopsy tissues (NAFLD.HUn164.gct).	GPL18573	Yujin,,Hoshida	University of Texas Southwestern Medical Center	5323 Harry Hines Blvd	Dallas	TX	75390	USA	0	Illumina NextSeq 500	cDNA	transcriptomic	RNA-Seq	SRA: https://www.ncbi.nlm.nih.gov/sra?term=SRX13614131	NONE	SRR17442823
SRR17442827	2022-07-01 08:11:25	2022-01-05 10:26:09	18047209	1371587884	0	76	476		https://sra-downloadb.be-md.ncbi.nlm.nih.gov/sos1/sra-pub-zq-38/SRR017/17442/SRR17442827/SRR17442827.lite.1	SRX13614127	GSM5772662	RNA-Seq	cDNA	TRANSCRIPTOMIC	SINGLE	0	0	ILLUMINA	NextSeq 500	SRP353609	PRJNA794357	3	794357	SRS11503252	SAMN24648693	simple	9606	Homo sapiens	GSM5772662							no					UT SOUTHWESTERN MEDICAL CENTER	SRA1352300		public	51EA156F61F1DE5A5C9A7D03F99922E6	2A15858D24D8DCB973B39F589A42508D	HUnafld110_2	GSM5772662	Public on Jul 01 2022	Jan 05 2022	Jul 01 2022	SRA	1	HUnafld110_2	Homo sapiens	Liver	2nd biopsy	63	female	2	4		total RNA	Truseq RNA Exome kit (Illumina, CA) following manufacturer’s protocol.	9606		Supplementary_files_format_and_content: .gct file format (tab-delimited text) including normalized gene expression levels normalized within 106 1st biopsy tissues (NAFLD.HUn106.gct) and within the 58 high-risk patients with paired biopsy tissues (NAFLD.HUn164.gct).	GPL18573	Yujin,,Hoshida	University of Texas Southwestern Medical Center	5323 Harry Hines Blvd	Dallas	TX	75390	USA	0	Illumina NextSeq 500	cDNA	transcriptomic	RNA-Seq	SRA: https://www.ncbi.nlm.nih.gov/sra?term=SRX13614127	NONE	SRR17442827
SRR17442826	2022-07-01 08:11:25	2022-01-05 10:24:21	13584073	1032389548	0	76	357		https://sra-downloadb.be-md.ncbi.nlm.nih.gov/sos1/sra-pub-zq-38/SRR017/17442/SRR17442826/SRR17442826.lite.1	SRX13614128	GSM5772663	RNA-Seq	cDNA	TRANSCRIPTOMIC	SINGLE	0	0	ILLUMINA	NextSeq 500	SRP353609	PRJNA794357	3	794357	SRS11503253	SAMN24648692	simple	9606	Homo sapiens	GSM5772663							no					UT SOUTHWESTERN MEDICAL CENTER	SRA1352300		public	BFBD200107BA3B105D4E4CACB88A5F7D	30DB8ACE0E5EE84E8A526B19C41C9295	HUnafld111_2	GSM5772663	Public on Jul 01 2022	Jan 05 2022	Jul 01 2022	SRA	1	HUnafld111_2	Homo sapiens	Liver	2nd biopsy	36	male	2	4		total RNA	Truseq RNA Exome kit (Illumina, CA) following manufacturer’s protocol.	9606		Supplementary_files_format_and_content: .gct file format (tab-delimited text) including normalized gene expression levels normalized within 106 1st biopsy tissues (NAFLD.HUn106.gct) and within the 58 high-risk patients with paired biopsy tissues (NAFLD.HUn164.gct).	GPL18573	Yujin,,Hoshida	University of Texas Southwestern Medical Center	5323 Harry Hines Blvd	Dallas	TX	75390	USA	0	Illumina NextSeq 500	cDNA	transcriptomic	RNA-Seq	SRA: https://www.ncbi.nlm.nih.gov/sra?term=SRX13614128	NONE	SRR17442826
SRR17442825	2022-07-01 08:11:25	2022-01-05 10:31:23	35961617	2733082892	0	76	940		https://sra-downloadb.be-md.ncbi.nlm.nih.gov/sos1/sra-pub-zq-38/SRR017/17442/SRR17442825/SRR17442825.lite.1	SRX13614129	GSM5772664	RNA-Seq	cDNA	TRANSCRIPTOMIC	SINGLE	0	0	ILLUMINA	NextSeq 500	SRP353609	PRJNA794357	3	794357	SRS11503254	SAMN24648691	simple	9606	Homo sapiens	GSM5772664							no					UT SOUTHWESTERN MEDICAL CENTER	SRA1352300		public	DB1D3A9293CBBCBBE0B5908A44033305	0E51A02D63AC9829296BA0D024E38D3B	HUnafld112_2	GSM5772664	Public on Jul 01 2022	Jan 05 2022	Jul 01 2022	SRA	1	HUnafld112_2	Homo sapiens	Liver	2nd biopsy	58	female	3	3		total RNA	Truseq RNA Exome kit (Illumina, CA) following manufacturer’s protocol.	9606		Supplementary_files_format_and_content: .gct file format (tab-delimited text) including normalized gene expression levels normalized within 106 1st biopsy tissues (NAFLD.HUn106.gct) and within the 58 high-risk patients with paired biopsy tissues (NAFLD.HUn164.gct).	GPL18573	Yujin,,Hoshida	University of Texas Southwestern Medical Center	5323 Harry Hines Blvd	Dallas	TX	75390	USA	0	Illumina NextSeq 500	cDNA	transcriptomic	RNA-Seq	SRA: https://www.ncbi.nlm.nih.gov/sra?term=SRX13614129	NONE	SRR17442825
SRR17442822	2022-07-01 08:11:24	2022-01-05 10:26:42	20714633	1574312108	0	76	522		https://sra-downloadb.be-md.ncbi.nlm.nih.gov/sos1/sra-pub-zq-38/SRR017/17442/SRR17442822/SRR17442822.lite.1	SRX13614132	GSM5772559	RNA-Seq	cDNA	TRANSCRIPTOMIC	SINGLE	0	0	ILLUMINA	NextSeq 500	SRP353609	PRJNA794357	3	794357	SRS11503256	SAMN24648796	simple	9606	Homo sapiens	GSM5772559							no					UT SOUTHWESTERN MEDICAL CENTER	SRA1352300		public	3E4DFD1E960A24646155DA19C109EDB1	E996AC5B512B695DB97259F9DF6A5485	HUnafld066_1	GSM5772559	Public on Jul 01 2022	Jan 05 2022	Jul 01 2022	SRA	1	HUnafld066_1	Homo sapiens	Liver	1st biopsy	53	male	3	8	high-risk	total RNA	Truseq RNA Exome kit (Illumina, CA) following manufacturer’s protocol.	9606	NASH.HUn164.gct	Supplementary_files_format_and_content: .gct file format (tab-delimited text) including normalized gene expression levels normalized within 106 1st biopsy tissues (NAFLD.HUn106.gct) and within the 58 high-risk patients with paired biopsy tissues (NAFLD.HUn164.gct).	GPL18573	Yujin,,Hoshida	University of Texas Southwestern Medical Center	5323 Harry Hines Blvd	Dallas	TX	75390	USA	0	Illumina NextSeq 500	cDNA	transcriptomic	RNA-Seq	SRA: https://www.ncbi.nlm.nih.gov/sra?term=SRX13614132	NONE	SRR17442822
SRR17442821	2022-07-01 08:11:24	2022-01-05 10:25:03	17387759	1321469684	0	76	440		https://sra-downloadb.be-md.ncbi.nlm.nih.gov/sos1/sra-pub-zq-38/SRR017/17442/SRR17442821/SRR17442821.lite.1	SRX13614133	GSM5772560	RNA-Seq	cDNA	TRANSCRIPTOMIC	SINGLE	0	0	ILLUMINA	NextSeq 500	SRP353609	PRJNA794357	3	794357	SRS11503258	SAMN24648795	simple	9606	Homo sapiens	GSM5772560							no					UT SOUTHWESTERN MEDICAL CENTER	SRA1352300		public	C860DE80E52C940B048A15372EBDD945	18AA47F7620497E54565A1ED793C52A1	HUnafld067_1	GSM5772560	Public on Jul 01 2022	Jan 05 2022	Jul 01 2022	SRA	1	HUnafld067_1	Homo sapiens	Liver	1st biopsy	73	female	3	4	high-risk	total RNA	Truseq RNA Exome kit (Illumina, CA) following manufacturer’s protocol.	9606	NASH.HUn164.gct	Supplementary_files_format_and_content: .gct file format (tab-delimited text) including normalized gene expression levels normalized within 106 1st biopsy tissues (NAFLD.HUn106.gct) and within the 58 high-risk patients with paired biopsy tissues (NAFLD.HUn164.gct).	GPL18573	Yujin,,Hoshida	University of Texas Southwestern Medical Center	5323 Harry Hines Blvd	Dallas	TX	75390	USA	0	Illumina NextSeq 500	cDNA	transcriptomic	RNA-Seq	SRA: https://www.ncbi.nlm.nih.gov/sra?term=SRX13614133	NONE	SRR17442821
SRR17442820	2022-07-01 08:11:24	2022-01-05 10:23:23	11953581	908472156	0	76	303		https://sra-downloadb.be-md.ncbi.nlm.nih.gov/sos1/sra-pub-zq-38/SRR017/17442/SRR17442820/SRR17442820.lite.1	SRX13614134	GSM5772561	RNA-Seq	cDNA	TRANSCRIPTOMIC	SINGLE	0	0	ILLUMINA	NextSeq 500	SRP353609	PRJNA794357	3	794357	SRS11503259	SAMN24648794	simple	9606	Homo sapiens	GSM5772561							no					UT SOUTHWESTERN MEDICAL CENTER	SRA1352300		public	A6B7FF3F99C4774C1BD51328910BE332	86EB407BD07AA7142ECFA7B7CFA894A6	HUnafld068_1	GSM5772561	Public on Jul 01 2022	Jan 05 2022	Jul 01 2022	SRA	1	HUnafld068_1	Homo sapiens	Liver	1st biopsy	59	female	2	3	high-risk	total RNA	Truseq RNA Exome kit (Illumina, CA) following manufacturer’s protocol.	9606	NASH.HUn164.gct	Supplementary_files_format_and_content: .gct file format (tab-delimited text) including normalized gene expression levels normalized within 106 1st biopsy tissues (NAFLD.HUn106.gct) and within the 58 high-risk patients with paired biopsy tissues (NAFLD.HUn164.gct).	GPL18573	Yujin,,Hoshida	University of Texas Southwestern Medical Center	5323 Harry Hines Blvd	Dallas	TX	75390	USA	0	Illumina NextSeq 500	cDNA	transcriptomic	RNA-Seq	SRA: https://www.ncbi.nlm.nih.gov/sra?term=SRX13614134	NONE	SRR17442820
SRR17442819	2022-07-01 08:11:24	2022-01-05 10:29:31	27583383	2096337108	0	76	714		https://sra-downloadb.be-md.ncbi.nlm.nih.gov/sos1/sra-pub-zq-38/SRR017/17442/SRR17442819/SRR17442819.lite.1	SRX13614135	GSM5772562	RNA-Seq	cDNA	TRANSCRIPTOMIC	SINGLE	0	0	ILLUMINA	NextSeq 500	SRP353609	PRJNA794357	3	794357	SRS11503261	SAMN24648793	simple	9606	Homo sapiens	GSM5772562							no					UT SOUTHWESTERN MEDICAL CENTER	SRA1352300		public	A01F9EE154B4B3B76B3FE257ED6EF965	22705D687B4943EECD73F817B39E3068	HUnafld069_1	GSM5772562	Public on Jul 01 2022	Jan 05 2022	Jul 01 2022	SRA	1	HUnafld069_1	Homo sapiens	Liver	1st biopsy	50	female	3	7	high-risk	total RNA	Truseq RNA Exome kit (Illumina, CA) following manufacturer’s protocol.	9606	NASH.HUn164.gct	Supplementary_files_format_and_content: .gct file format (tab-delimited text) including normalized gene expression levels normalized within 106 1st biopsy tissues (NAFLD.HUn106.gct) and within the 58 high-risk patients with paired biopsy tissues (NAFLD.HUn164.gct).	GPL18573	Yujin,,Hoshida	University of Texas Southwestern Medical Center	5323 Harry Hines Blvd	Dallas	TX	75390	USA	0	Illumina NextSeq 500	cDNA	transcriptomic	RNA-Seq	SRA: https://www.ncbi.nlm.nih.gov/sra?term=SRX13614135	NONE	SRR17442819
SRR17442818	2022-07-01 08:11:24	2022-01-05 10:28:29	31719578	2410687928	0	76	827		https://sra-downloadb.be-md.ncbi.nlm.nih.gov/sos1/sra-pub-zq-38/SRR017/17442/SRR17442818/SRR17442818.lite.1	SRX13614136	GSM5772563	RNA-Seq	cDNA	TRANSCRIPTOMIC	SINGLE	0	0	ILLUMINA	NextSeq 500	SRP353609	PRJNA794357	3	794357	SRS11503260	SAMN24648792	simple	9606	Homo sapiens	GSM5772563							no					UT SOUTHWESTERN MEDICAL CENTER	SRA1352300		public	25AC13E6BB3608633F462ADDB8BC9EA8	534D84D255E83FEC02463ABF2810B534	HUnafld070_1	GSM5772563	Public on Jul 01 2022	Jan 05 2022	Jul 01 2022	SRA	1	HUnafld070_1	Homo sapiens	Liver	1st biopsy	55	male	3	7	high-risk	total RNA	Truseq RNA Exome kit (Illumina, CA) following manufacturer’s protocol.	9606	NASH.HUn164.gct	Supplementary_files_format_and_content: .gct file format (tab-delimited text) including normalized gene expression levels normalized within 106 1st biopsy tissues (NAFLD.HUn106.gct) and within the 58 high-risk patients with paired biopsy tissues (NAFLD.HUn164.gct).	GPL18573	Yujin,,Hoshida	University of Texas Southwestern Medical Center	5323 Harry Hines Blvd	Dallas	TX	75390	USA	0	Illumina NextSeq 500	cDNA	transcriptomic	RNA-Seq	SRA: https://www.ncbi.nlm.nih.gov/sra?term=SRX13614136	NONE	SRR17442818
SRR17442817	2022-07-01 08:11:24	2022-01-05 10:23:00	11418315	867791940	0	76	298		https://sra-downloadb.be-md.ncbi.nlm.nih.gov/sos1/sra-pub-zq-38/SRR017/17442/SRR17442817/SRR17442817.lite.1	SRX13614137	GSM5772564	RNA-Seq	cDNA	TRANSCRIPTOMIC	SINGLE	0	0	ILLUMINA	NextSeq 500	SRP353609	PRJNA794357	3	794357	SRS11503263	SAMN24648791	simple	9606	Homo sapiens	GSM5772564							no					UT SOUTHWESTERN MEDICAL CENTER	SRA1352300		public	D789F7195AE2A58CA6559B56B8BED073	6E2AB594D4B500B76E95EEE73FF5BF6F	HUnafld071_1	GSM5772564	Public on Jul 01 2022	Jan 05 2022	Jul 01 2022	SRA	1	HUnafld071_1	Homo sapiens	Liver	1st biopsy	50	female	2	3	high-risk	total RNA	Truseq RNA Exome kit (Illumina, CA) following manufacturer’s protocol.	9606	NASH.HUn164.gct	Supplementary_files_format_and_content: .gct file format (tab-delimited text) including normalized gene expression levels normalized within 106 1st biopsy tissues (NAFLD.HUn106.gct) and within the 58 high-risk patients with paired biopsy tissues (NAFLD.HUn164.gct).	GPL18573	Yujin,,Hoshida	University of Texas Southwestern Medical Center	5323 Harry Hines Blvd	Dallas	TX	75390	USA	0	Illumina NextSeq 500	cDNA	transcriptomic	RNA-Seq	SRA: https://www.ncbi.nlm.nih.gov/sra?term=SRX13614137	NONE	SRR17442817
SRR17442816	2022-07-01 08:11:24	2022-01-05 10:27:20	31818728	2418223328	0	76	824		https://sra-downloadb.be-md.ncbi.nlm.nih.gov/sos1/sra-pub-zq-38/SRR017/17442/SRR17442816/SRR17442816.lite.1	SRX13614138	GSM5772565	RNA-Seq	cDNA	TRANSCRIPTOMIC	SINGLE	0	0	ILLUMINA	NextSeq 500	SRP353609	PRJNA794357	3	794357	SRS11503262	SAMN24648790	simple	9606	Homo sapiens	GSM5772565							no					UT SOUTHWESTERN MEDICAL CENTER	SRA1352300		public	B28D9CC47C1C2E6E15049D6D3392D2CD	7888FEE7C88293B12F158942A606B79A	HUnafld072_1	GSM5772565	Public on Jul 01 2022	Jan 05 2022	Jul 01 2022	SRA	1	HUnafld072_1	Homo sapiens	Liver	1st biopsy	59	male	3	3	high-risk	total RNA	Truseq RNA Exome kit (Illumina, CA) following manufacturer’s protocol.	9606	NASH.HUn164.gct	Supplementary_files_format_and_content: .gct file format (tab-delimited text) including normalized gene expression levels normalized within 106 1st biopsy tissues (NAFLD.HUn106.gct) and within the 58 high-risk patients with paired biopsy tissues (NAFLD.HUn164.gct).	GPL18573	Yujin,,Hoshida	University of Texas Southwestern Medical Center	5323 Harry Hines Blvd	Dallas	TX	75390	USA	0	Illumina NextSeq 500	cDNA	transcriptomic	RNA-Seq	SRA: https://www.ncbi.nlm.nih.gov/sra?term=SRX13614138	NONE	SRR17442816
SRR17442815	2022-07-01 08:11:24	2022-01-05 10:25:12	18905349	1436806524	0	76	490		https://sra-downloadb.be-md.ncbi.nlm.nih.gov/sos1/sra-pub-zq-38/SRR017/17442/SRR17442815/SRR17442815.lite.1	SRX13614139	GSM5772566	RNA-Seq	cDNA	TRANSCRIPTOMIC	SINGLE	0	0	ILLUMINA	NextSeq 500	SRP353609	PRJNA794357	3	794357	SRS11503265	SAMN24648789	simple	9606	Homo sapiens	GSM5772566							no					UT SOUTHWESTERN MEDICAL CENTER	SRA1352300		public	9D6A703D5B84734B4B417F953391E806	4A9A8901BED1BC490F82F9F915EFDCE3	HUnafld073	GSM5772566	Public on Jul 01 2022	Jan 05 2022	Jul 01 2022	SRA	1	HUnafld073	Homo sapiens	Liver	1st biopsy	37	female	2	7	high-risk	total RNA	Truseq RNA Exome kit (Illumina, CA) following manufacturer’s protocol.	9606	NASH.HUn164.gct	Supplementary_files_format_and_content: .gct file format (tab-delimited text) including normalized gene expression levels normalized within 106 1st biopsy tissues (NAFLD.HUn106.gct) and within the 58 high-risk patients with paired biopsy tissues (NAFLD.HUn164.gct).	GPL18573	Yujin,,Hoshida	University of Texas Southwestern Medical Center	5323 Harry Hines Blvd	Dallas	TX	75390	USA	0	Illumina NextSeq 500	cDNA	transcriptomic	RNA-Seq	SRA: https://www.ncbi.nlm.nih.gov/sra?term=SRX13614139	NONE	SRR17442815
SRR17442814	2022-07-01 08:11:24	2022-01-05 10:26:55	24266487	1844253012	0	76	624		https://sra-downloadb.be-md.ncbi.nlm.nih.gov/sos8/sra-pub-zq-818/SRR017/17442/SRR17442814/SRR17442814.lite.1	SRX13614140	GSM5772567	RNA-Seq	cDNA	TRANSCRIPTOMIC	SINGLE	0	0	ILLUMINA	NextSeq 500	SRP353609	PRJNA794357	3	794357	SRS11503264	SAMN24648788	simple	9606	Homo sapiens	GSM5772567							no					UT SOUTHWESTERN MEDICAL CENTER	SRA1352300		public	79A8662FAEEFB27E1A6E5051DAE42E7A	19B691E844B5FD7D4A5E97BD0966AAB4	HUnafld074_1	GSM5772567	Public on Jul 01 2022	Jan 05 2022	Jul 01 2022	SRA	1	HUnafld074_1	Homo sapiens	Liver	1st biopsy	44	male	2	6	high-risk	total RNA	Truseq RNA Exome kit (Illumina, CA) following manufacturer’s protocol.	9606	NASH.HUn164.gct	Supplementary_files_format_and_content: .gct file format (tab-delimited text) including normalized gene expression levels normalized within 106 1st biopsy tissues (NAFLD.HUn106.gct) and within the 58 high-risk patients with paired biopsy tissues (NAFLD.HUn164.gct).	GPL18573	Yujin,,Hoshida	University of Texas Southwestern Medical Center	5323 Harry Hines Blvd	Dallas	TX	75390	USA	0	Illumina NextSeq 500	cDNA	transcriptomic	RNA-Seq	SRA: https://www.ncbi.nlm.nih.gov/sra?term=SRX13614140	NONE	SRR17442814
SRR17442813	2022-07-01 08:11:24	2022-01-05 10:29:07	31597011	2401372836	0	76	813		https://sra-downloadb.be-md.ncbi.nlm.nih.gov/sos1/sra-pub-zq-38/SRR017/17442/SRR17442813/SRR17442813.lite.1	SRX13614141	GSM5772568	RNA-Seq	cDNA	TRANSCRIPTOMIC	SINGLE	0	0	ILLUMINA	NextSeq 500	SRP353609	PRJNA794357	3	794357	SRS11503266	SAMN24648787	simple	9606	Homo sapiens	GSM5772568							no					UT SOUTHWESTERN MEDICAL CENTER	SRA1352300		public	6072C95864DB690C4DF544D02676D9F3	E3EBB395E9094187C79048DE8D5B9BEA	HUnafld075_1	GSM5772568	Public on Jul 01 2022	Jan 05 2022	Jul 01 2022	SRA	1	HUnafld075_1	Homo sapiens	Liver	1st biopsy	46	male	3	6	high-risk	total RNA	Truseq RNA Exome kit (Illumina, CA) following manufacturer’s protocol.	9606	NASH.HUn164.gct	Supplementary_files_format_and_content: .gct file format (tab-delimited text) including normalized gene expression levels normalized within 106 1st biopsy tissues (NAFLD.HUn106.gct) and within the 58 high-risk patients with paired biopsy tissues (NAFLD.HUn164.gct).	GPL18573	Yujin,,Hoshida	University of Texas Southwestern Medical Center	5323 Harry Hines Blvd	Dallas	TX	75390	USA	0	Illumina NextSeq 500	cDNA	transcriptomic	RNA-Seq	SRA: https://www.ncbi.nlm.nih.gov/sra?term=SRX13614141	NONE	SRR17442813
SRR17442812	2022-07-01 08:11:24	2022-01-05 10:27:10	22914467	1741499492	0	76	593		https://sra-downloadb.be-md.ncbi.nlm.nih.gov/sos1/sra-pub-zq-38/SRR017/17442/SRR17442812/SRR17442812.lite.1	SRX13614142	GSM5772569	RNA-Seq	cDNA	TRANSCRIPTOMIC	SINGLE	0	0	ILLUMINA	NextSeq 500	SRP353609	PRJNA794357	3	794357	SRS11503267	SAMN24648786	simple	9606	Homo sapiens	GSM5772569							no					UT SOUTHWESTERN MEDICAL CENTER	SRA1352300		public	D5534BF99675ABCF6F6955EAB20B4D2A	E2C84D254BD24B337CA35B30854C7CC3	HUnafld076_1	GSM5772569	Public on Jul 01 2022	Jan 05 2022	Jul 01 2022	SRA	1	HUnafld076_1	Homo sapiens	Liver	1st biopsy	59	female	3	8	high-risk	total RNA	Truseq RNA Exome kit (Illumina, CA) following manufacturer’s protocol.	9606	NASH.HUn164.gct	Supplementary_files_format_and_content: .gct file format (tab-delimited text) including normalized gene expression levels normalized within 106 1st biopsy tissues (NAFLD.HUn106.gct) and within the 58 high-risk patients with paired biopsy tissues (NAFLD.HUn164.gct).	GPL18573	Yujin,,Hoshida	University of Texas Southwestern Medical Center	5323 Harry Hines Blvd	Dallas	TX	75390	USA	0	Illumina NextSeq 500	cDNA	transcriptomic	RNA-Seq	SRA: https://www.ncbi.nlm.nih.gov/sra?term=SRX13614142	NONE	SRR17442812
SRR17442811	2022-07-01 08:11:24	2022-01-05 10:25:12	18631013	1415956988	0	76	483		https://sra-downloadb.be-md.ncbi.nlm.nih.gov/sos1/sra-pub-zq-38/SRR017/17442/SRR17442811/SRR17442811.lite.1	SRX13614143	GSM5772570	RNA-Seq	cDNA	TRANSCRIPTOMIC	SINGLE	0	0	ILLUMINA	NextSeq 500	SRP353609	PRJNA794357	3	794357	SRS11503268	SAMN24648785	simple	9606	Homo sapiens	GSM5772570							no					UT SOUTHWESTERN MEDICAL CENTER	SRA1352300		public	F2CA008438487625D5B8441504EF3CC6	237D15E1089C63683AC19096FAECBE07	HUnafld077_1	GSM5772570	Public on Jul 01 2022	Jan 05 2022	Jul 01 2022	SRA	1	HUnafld077_1	Homo sapiens	Liver	1st biopsy	37	female	2	6	high-risk	total RNA	Truseq RNA Exome kit (Illumina, CA) following manufacturer’s protocol.	9606	NASH.HUn164.gct	Supplementary_files_format_and_content: .gct file format (tab-delimited text) including normalized gene expression levels normalized within 106 1st biopsy tissues (NAFLD.HUn106.gct) and within the 58 high-risk patients with paired biopsy tissues (NAFLD.HUn164.gct).	GPL18573	Yujin,,Hoshida	University of Texas Southwestern Medical Center	5323 Harry Hines Blvd	Dallas	TX	75390	USA	0	Illumina NextSeq 500	cDNA	transcriptomic	RNA-Seq	SRA: https://www.ncbi.nlm.nih.gov/sra?term=SRX13614143	NONE	SRR17442811
SRR17442810	2022-07-01 08:11:24	2022-01-05 10:31:17	36743441	2792501516	0	76	949		https://sra-downloadb.be-md.ncbi.nlm.nih.gov/sos1/sra-pub-zq-38/SRR017/17442/SRR17442810/SRR17442810.lite.1	SRX13614144	GSM5772571	RNA-Seq	cDNA	TRANSCRIPTOMIC	SINGLE	0	0	ILLUMINA	NextSeq 500	SRP353609	PRJNA794357	3	794357	SRS11503269	SAMN24648784	simple	9606	Homo sapiens	GSM5772571							no					UT SOUTHWESTERN MEDICAL CENTER	SRA1352300		public	352238F662CD99DA65BE6DD828B2E3F4	06D47C4319749887F085CD34EAB3D926	HUnafld078_1	GSM5772571	Public on Jul 01 2022	Jan 05 2022	Jul 01 2022	SRA	1	HUnafld078_1	Homo sapiens	Liver	1st biopsy	53	female	2	3	high-risk	total RNA	Truseq RNA Exome kit (Illumina, CA) following manufacturer’s protocol.	9606	NASH.HUn164.gct	Supplementary_files_format_and_content: .gct file format (tab-delimited text) including normalized gene expression levels normalized within 106 1st biopsy tissues (NAFLD.HUn106.gct) and within the 58 high-risk patients with paired biopsy tissues (NAFLD.HUn164.gct).	GPL18573	Yujin,,Hoshida	University of Texas Southwestern Medical Center	5323 Harry Hines Blvd	Dallas	TX	75390	USA	0	Illumina NextSeq 500	cDNA	transcriptomic	RNA-Seq	SRA: https://www.ncbi.nlm.nih.gov/sra?term=SRX13614144	NONE	SRR17442810
SRR17442809	2022-07-01 08:11:24	2022-01-05 10:25:35	17410798	1323220648	0	76	449		https://sra-downloadb.be-md.ncbi.nlm.nih.gov/sos1/sra-pub-zq-38/SRR017/17442/SRR17442809/SRR17442809.lite.1	SRX13614145	GSM5772572	RNA-Seq	cDNA	TRANSCRIPTOMIC	SINGLE	0	0	ILLUMINA	NextSeq 500	SRP353609	PRJNA794357	3	794357	SRS11503270	SAMN24648783	simple	9606	Homo sapiens	GSM5772572							no					UT SOUTHWESTERN MEDICAL CENTER	SRA1352300		public	BD6B1394CC7EB5B8559CED3926B9B7AC	7C43437A0FEDD33ABEA7829C6AB96264	HUnafld079_1	GSM5772572	Public on Jul 01 2022	Jan 05 2022	Jul 01 2022	SRA	1	HUnafld079_1	Homo sapiens	Liver	1st biopsy	60	male	3	3	high-risk	total RNA	Truseq RNA Exome kit (Illumina, CA) following manufacturer’s protocol.	9606	NASH.HUn164.gct	Supplementary_files_format_and_content: .gct file format (tab-delimited text) including normalized gene expression levels normalized within 106 1st biopsy tissues (NAFLD.HUn106.gct) and within the 58 high-risk patients with paired biopsy tissues (NAFLD.HUn164.gct).	GPL18573	Yujin,,Hoshida	University of Texas Southwestern Medical Center	5323 Harry Hines Blvd	Dallas	TX	75390	USA	0	Illumina NextSeq 500	cDNA	transcriptomic	RNA-Seq	SRA: https://www.ncbi.nlm.nih.gov/sra?term=SRX13614145	NONE	SRR17442809
SRR17442808	2022-07-01 08:11:24	2022-01-05 10:23:01	9019427	685476452	0	76	235		https://sra-downloadb.be-md.ncbi.nlm.nih.gov/sos1/sra-pub-zq-38/SRR017/17442/SRR17442808/SRR17442808.lite.1	SRX13614146	GSM5772573	RNA-Seq	cDNA	TRANSCRIPTOMIC	SINGLE	0	0	ILLUMINA	NextSeq 500	SRP353609	PRJNA794357	3	794357	SRS11503271	SAMN24648782	simple	9606	Homo sapiens	GSM5772573							no					UT SOUTHWESTERN MEDICAL CENTER	SRA1352300		public	C2202BFA2BF9BCE261A0C992BE6C010D	0602C8F16355F7E461A1DA7279837B7F	HUnafld080_1	GSM5772573	Public on Jul 01 2022	Jan 05 2022	Jul 01 2022	SRA	1	HUnafld080_1	Homo sapiens	Liver	1st biopsy	46	male	3	4	high-risk	total RNA	Truseq RNA Exome kit (Illumina, CA) following manufacturer’s protocol.	9606	NASH.HUn164.gct	Supplementary_files_format_and_content: .gct file format (tab-delimited text) including normalized gene expression levels normalized within 106 1st biopsy tissues (NAFLD.HUn106.gct) and within the 58 high-risk patients with paired biopsy tissues (NAFLD.HUn164.gct).	GPL18573	Yujin,,Hoshida	University of Texas Southwestern Medical Center	5323 Harry Hines Blvd	Dallas	TX	75390	USA	0	Illumina NextSeq 500	cDNA	transcriptomic	RNA-Seq	SRA: https://www.ncbi.nlm.nih.gov/sra?term=SRX13614146	NONE	SRR17442808
SRR17442807	2022-07-01 08:11:24	2022-01-05 10:27:02	30603252	2325847152	0	76	813		https://sra-downloadb.be-md.ncbi.nlm.nih.gov/sos1/sra-pub-zq-38/SRR017/17442/SRR17442807/SRR17442807.lite.1	SRX13614147	GSM5772574	RNA-Seq	cDNA	TRANSCRIPTOMIC	SINGLE	0	0	ILLUMINA	NextSeq 500	SRP353609	PRJNA794357	3	794357	SRS11503272	SAMN24648781	simple	9606	Homo sapiens	GSM5772574							no					UT SOUTHWESTERN MEDICAL CENTER	SRA1352300		public	EEAB91E7CD9D80EBF3C36C38FDCDB8B2	5632FB7E4290B32F389297117692DE34	HUnafld081_1	GSM5772574	Public on Jul 01 2022	Jan 05 2022	Jul 01 2022	SRA	1	HUnafld081_1	Homo sapiens	Liver	1st biopsy	37	female	2	4	high-risk	total RNA	Truseq RNA Exome kit (Illumina, CA) following manufacturer’s protocol.	9606	NASH.HUn164.gct	Supplementary_files_format_and_content: .gct file format (tab-delimited text) including normalized gene expression levels normalized within 106 1st biopsy tissues (NAFLD.HUn106.gct) and within the 58 high-risk patients with paired biopsy tissues (NAFLD.HUn164.gct).	GPL18573	Yujin,,Hoshida	University of Texas Southwestern Medical Center	5323 Harry Hines Blvd	Dallas	TX	75390	USA	0	Illumina NextSeq 500	cDNA	transcriptomic	RNA-Seq	SRA: https://www.ncbi.nlm.nih.gov/sra?term=SRX13614147	NONE	SRR17442807
SRR17442806	2022-07-01 08:11:24	2022-01-05 10:24:18	13783390	1047537640	0	76	357		https://sra-downloadb.be-md.ncbi.nlm.nih.gov/sos1/sra-pub-zq-38/SRR017/17442/SRR17442806/SRR17442806.lite.1	SRX13614148	GSM5772575	RNA-Seq	cDNA	TRANSCRIPTOMIC	SINGLE	0	0	ILLUMINA	NextSeq 500	SRP353609	PRJNA794357	3	794357	SRS11503273	SAMN24648780	simple	9606	Homo sapiens	GSM5772575							no					UT SOUTHWESTERN MEDICAL CENTER	SRA1352300		public	8FF26A9EA65C551299FD451B423D6F93	7681F4EA908CC51E2CB248E1E437F566	HUnafld082_1	GSM5772575	Public on Jul 01 2022	Jan 05 2022	Jul 01 2022	SRA	1	HUnafld082_1	Homo sapiens	Liver	1st biopsy	48	male	2	5	high-risk	total RNA	Truseq RNA Exome kit (Illumina, CA) following manufacturer’s protocol.	9606	NASH.HUn164.gct	Supplementary_files_format_and_content: .gct file format (tab-delimited text) including normalized gene expression levels normalized within 106 1st biopsy tissues (NAFLD.HUn106.gct) and within the 58 high-risk patients with paired biopsy tissues (NAFLD.HUn164.gct).	GPL18573	Yujin,,Hoshida	University of Texas Southwestern Medical Center	5323 Harry Hines Blvd	Dallas	TX	75390	USA	0	Illumina NextSeq 500	cDNA	transcriptomic	RNA-Seq	SRA: https://www.ncbi.nlm.nih.gov/sra?term=SRX13614148	NONE	SRR17442806
SRR17442805	2022-07-01 08:11:24	2022-01-05 10:24:55	14783108	1123516208	0	76	391		https://sra-downloadb.be-md.ncbi.nlm.nih.gov/sos1/sra-pub-zq-38/SRR017/17442/SRR17442805/SRR17442805.lite.1	SRX13614149	GSM5772576	RNA-Seq	cDNA	TRANSCRIPTOMIC	SINGLE	0	0	ILLUMINA	NextSeq 500	SRP353609	PRJNA794357	3	794357	SRS11503274	SAMN24648779	simple	9606	Homo sapiens	GSM5772576							no					UT SOUTHWESTERN MEDICAL CENTER	SRA1352300		public	E9BD1965437CBA04930481BCD19235FE	AAC526A5796F7A420769383BCDE00DC4	HUnafld083	GSM5772576	Public on Jul 01 2022	Jan 05 2022	Jul 01 2022	SRA	1	HUnafld083	Homo sapiens	Liver	1st biopsy	64	male	3	3	low-risk	total RNA	Truseq RNA Exome kit (Illumina, CA) following manufacturer’s protocol.	9606	NASH.HUn164.gct	Supplementary_files_format_and_content: .gct file format (tab-delimited text) including normalized gene expression levels normalized within 106 1st biopsy tissues (NAFLD.HUn106.gct) and within the 58 high-risk patients with paired biopsy tissues (NAFLD.HUn164.gct).	GPL18573	Yujin,,Hoshida	University of Texas Southwestern Medical Center	5323 Harry Hines Blvd	Dallas	TX	75390	USA	0	Illumina NextSeq 500	cDNA	transcriptomic	RNA-Seq	SRA: https://www.ncbi.nlm.nih.gov/sra?term=SRX13614149	NONE	SRR17442805
SRR17442804	2022-07-01 08:11:24	2022-01-05 10:25:44	17901227	1360493252	0	76	463		https://sra-downloadb.be-md.ncbi.nlm.nih.gov/sos1/sra-pub-zq-38/SRR017/17442/SRR17442804/SRR17442804.lite.1	SRX13614150	GSM5772577	RNA-Seq	cDNA	TRANSCRIPTOMIC	SINGLE	0	0	ILLUMINA	NextSeq 500	SRP353609	PRJNA794357	3	794357	SRS11503275	SAMN24648778	simple	9606	Homo sapiens	GSM5772577							no					UT SOUTHWESTERN MEDICAL CENTER	SRA1352300		public	584FCBBBA2DAB9C07222AE62188D055F	C75E1F552DEECB2111123D30184F8AD0	HUnafld084	GSM5772577	Public on Jul 01 2022	Jan 05 2022	Jul 01 2022	SRA	1	HUnafld084	Homo sapiens	Liver	1st biopsy	42	male	1	4	low-risk	total RNA	Truseq RNA Exome kit (Illumina, CA) following manufacturer’s protocol.	9606	NASH.HUn164.gct	Supplementary_files_format_and_content: .gct file format (tab-delimited text) including normalized gene expression levels normalized within 106 1st biopsy tissues (NAFLD.HUn106.gct) and within the 58 high-risk patients with paired biopsy tissues (NAFLD.HUn164.gct).	GPL18573	Yujin,,Hoshida	University of Texas Southwestern Medical Center	5323 Harry Hines Blvd	Dallas	TX	75390	USA	0	Illumina NextSeq 500	cDNA	transcriptomic	RNA-Seq	SRA: https://www.ncbi.nlm.nih.gov/sra?term=SRX13614150	NONE	SRR17442804
SRR17442803	2022-07-01 08:11:24	2022-01-05 10:29:10	34095826	2591282776	0	76	883		https://sra-downloadb.be-md.ncbi.nlm.nih.gov/sos1/sra-pub-zq-38/SRR017/17442/SRR17442803/SRR17442803.lite.1	SRX13614151	GSM5772578	RNA-Seq	cDNA	TRANSCRIPTOMIC	SINGLE	0	0	ILLUMINA	NextSeq 500	SRP353609	PRJNA794357	3	794357	SRS11503276	SAMN24648777	simple	9606	Homo sapiens	GSM5772578							no					UT SOUTHWESTERN MEDICAL CENTER	SRA1352300		public	054759296D4A48EEF05C55AB889A5D68	D81CA8C3B76A80440AF3C2890B995266	HUnafld085_1	GSM5772578	Public on Jul 01 2022	Jan 05 2022	Jul 01 2022	SRA	1	HUnafld085_1	Homo sapiens	Liver	1st biopsy	32	male	3	7	high-risk	total RNA	Truseq RNA Exome kit (Illumina, CA) following manufacturer’s protocol.	9606	NASH.HUn164.gct	Supplementary_files_format_and_content: .gct file format (tab-delimited text) including normalized gene expression levels normalized within 106 1st biopsy tissues (NAFLD.HUn106.gct) and within the 58 high-risk patients with paired biopsy tissues (NAFLD.HUn164.gct).	GPL18573	Yujin,,Hoshida	University of Texas Southwestern Medical Center	5323 Harry Hines Blvd	Dallas	TX	75390	USA	0	Illumina NextSeq 500	cDNA	transcriptomic	RNA-Seq	SRA: https://www.ncbi.nlm.nih.gov/sra?term=SRX13614151	NONE	SRR17442803
SRR17442802	2022-07-01 08:11:24	2022-01-05 10:25:28	22047538	1675612888	0	76	568		https://sra-downloadb.be-md.ncbi.nlm.nih.gov/sos1/sra-pub-zq-38/SRR017/17442/SRR17442802/SRR17442802.lite.1	SRX13614152	GSM5772579	RNA-Seq	cDNA	TRANSCRIPTOMIC	SINGLE	0	0	ILLUMINA	NextSeq 500	SRP353609	PRJNA794357	3	794357	SRS11503277	SAMN24648776	simple	9606	Homo sapiens	GSM5772579							no					UT SOUTHWESTERN MEDICAL CENTER	SRA1352300		public	EC2D1DE3B836689B62D6B758D121297B	B06C7670DAC921A6AD715CCC88F2A66D	HUnafld086	GSM5772579	Public on Jul 01 2022	Jan 05 2022	Jul 01 2022	SRA	1	HUnafld086	Homo sapiens	Liver	1st biopsy	62	male	2	5	low-risk	total RNA	Truseq RNA Exome kit (Illumina, CA) following manufacturer’s protocol.	9606	NASH.HUn164.gct	Supplementary_files_format_and_content: .gct file format (tab-delimited text) including normalized gene expression levels normalized within 106 1st biopsy tissues (NAFLD.HUn106.gct) and within the 58 high-risk patients with paired biopsy tissues (NAFLD.HUn164.gct).	GPL18573	Yujin,,Hoshida	University of Texas Southwestern Medical Center	5323 Harry Hines Blvd	Dallas	TX	75390	USA	0	Illumina NextSeq 500	cDNA	transcriptomic	RNA-Seq	SRA: https://www.ncbi.nlm.nih.gov/sra?term=SRX13614152	NONE	SRR17442802
SRR17442801	2022-07-01 08:11:24	2022-01-05 10:27:06	29243054	2222472104	0	76	753		https://sra-downloadb.be-md.ncbi.nlm.nih.gov/sos1/sra-pub-zq-38/SRR017/17442/SRR17442801/SRR17442801.lite.1	SRX13614153	GSM5772580	RNA-Seq	cDNA	TRANSCRIPTOMIC	SINGLE	0	0	ILLUMINA	NextSeq 500	SRP353609	PRJNA794357	3	794357	SRS11503278	SAMN24648775	simple	9606	Homo sapiens	GSM5772580							no					UT SOUTHWESTERN MEDICAL CENTER	SRA1352300		public	89838FD6B939DA075E6A105F41F85B4D	BA729D512E7B2399BFB3E80C93433AFC	HUnafld087_1	GSM5772580	Public on Jul 01 2022	Jan 05 2022	Jul 01 2022	SRA	1	HUnafld087_1	Homo sapiens	Liver	1st biopsy	63	female	2	4	high-risk	total RNA	Truseq RNA Exome kit (Illumina, CA) following manufacturer’s protocol.	9606	NASH.HUn164.gct	Supplementary_files_format_and_content: .gct file format (tab-delimited text) including normalized gene expression levels normalized within 106 1st biopsy tissues (NAFLD.HUn106.gct) and within the 58 high-risk patients with paired biopsy tissues (NAFLD.HUn164.gct).	GPL18573	Yujin,,Hoshida	University of Texas Southwestern Medical Center	5323 Harry Hines Blvd	Dallas	TX	75390	USA	0	Illumina NextSeq 500	cDNA	transcriptomic	RNA-Seq	SRA: https://www.ncbi.nlm.nih.gov/sra?term=SRX13614153	NONE	SRR17442801
SRR17442800	2022-07-01 08:11:24	2022-01-05 10:24:46	19319879	1468310804	0	76	499		https://sra-downloadb.be-md.ncbi.nlm.nih.gov/sos1/sra-pub-zq-38/SRR017/17442/SRR17442800/SRR17442800.lite.1	SRX13614154	GSM5772581	RNA-Seq	cDNA	TRANSCRIPTOMIC	SINGLE	0	0	ILLUMINA	NextSeq 500	SRP353609	PRJNA794357	3	794357	SRS11503279	SAMN24648774	simple	9606	Homo sapiens	GSM5772581							no					UT SOUTHWESTERN MEDICAL CENTER	SRA1352300		public	7563459C7AC2E47FA65CA17BA1D42F9F	C846DFBF8B9466214EDA7A85712D8CFB	HUnafld088_1	GSM5772581	Public on Jul 01 2022	Jan 05 2022	Jul 01 2022	SRA	1	HUnafld088_1	Homo sapiens	Liver	1st biopsy	61	male	1	4	high-risk	total RNA	Truseq RNA Exome kit (Illumina, CA) following manufacturer’s protocol.	9606	NASH.HUn164.gct	Supplementary_files_format_and_content: .gct file format (tab-delimited text) including normalized gene expression levels normalized within 106 1st biopsy tissues (NAFLD.HUn106.gct) and within the 58 high-risk patients with paired biopsy tissues (NAFLD.HUn164.gct).	GPL18573	Yujin,,Hoshida	University of Texas Southwestern Medical Center	5323 Harry Hines Blvd	Dallas	TX	75390	USA	0	Illumina NextSeq 500	cDNA	transcriptomic	RNA-Seq	SRA: https://www.ncbi.nlm.nih.gov/sra?term=SRX13614154	NONE	SRR17442800
SRR17442799	2022-07-01 08:11:24	2022-01-05 10:25:45	17547858	1333637208	0	76	453		https://sra-downloadb.be-md.ncbi.nlm.nih.gov/sos9/sra-pub-zq-924/SRR017/17442/SRR17442799/SRR17442799.lite.1	SRX13614155	GSM5772582	RNA-Seq	cDNA	TRANSCRIPTOMIC	SINGLE	0	0	ILLUMINA	NextSeq 500	SRP353609	PRJNA794357	3	794357	SRS11503280	SAMN24648773	simple	9606	Homo sapiens	GSM5772582							no					UT SOUTHWESTERN MEDICAL CENTER	SRA1352300		public	C3AAC6C0C2724290D9BED87275F7A1B4	0066DBB5DF364B6CA4120C763EE934AE	HUnafld089_1	GSM5772582	Public on Jul 01 2022	Jan 05 2022	Jul 01 2022	SRA	1	HUnafld089_1	Homo sapiens	Liver	1st biopsy	58	male	1	4	high-risk	total RNA	Truseq RNA Exome kit (Illumina, CA) following manufacturer’s protocol.	9606	NASH.HUn164.gct	Supplementary_files_format_and_content: .gct file format (tab-delimited text) including normalized gene expression levels normalized within 106 1st biopsy tissues (NAFLD.HUn106.gct) and within the 58 high-risk patients with paired biopsy tissues (NAFLD.HUn164.gct).	GPL18573	Yujin,,Hoshida	University of Texas Southwestern Medical Center	5323 Harry Hines Blvd	Dallas	TX	75390	USA	0	Illumina NextSeq 500	cDNA	transcriptomic	RNA-Seq	SRA: https://www.ncbi.nlm.nih.gov/sra?term=SRX13614155	NONE	SRR17442799
SRR17442798	2022-07-01 08:11:24	2022-01-05 10:27:08	22451942	1706347592	0	76	595		https://sra-downloadb.be-md.ncbi.nlm.nih.gov/sos1/sra-pub-zq-38/SRR017/17442/SRR17442798/SRR17442798.lite.1	SRX13614156	GSM5772583	RNA-Seq	cDNA	TRANSCRIPTOMIC	SINGLE	0	0	ILLUMINA	NextSeq 500	SRP353609	PRJNA794357	3	794357	SRS11503281	SAMN24648772	simple	9606	Homo sapiens	GSM5772583							no					UT SOUTHWESTERN MEDICAL CENTER	SRA1352300		public	3154AC6F156EE483DE7804DE35C1AC01	1D1254C9062C26A9F3B92E4BE70E0B2C	HUnafld090_1	GSM5772583	Public on Jul 01 2022	Jan 05 2022	Jul 01 2022	SRA	1	HUnafld090_1	Homo sapiens	Liver	1st biopsy	31	male	1	4	high-risk	total RNA	Truseq RNA Exome kit (Illumina, CA) following manufacturer’s protocol.	9606	NASH.HUn164.gct	Supplementary_files_format_and_content: .gct file format (tab-delimited text) including normalized gene expression levels normalized within 106 1st biopsy tissues (NAFLD.HUn106.gct) and within the 58 high-risk patients with paired biopsy tissues (NAFLD.HUn164.gct).	GPL18573	Yujin,,Hoshida	University of Texas Southwestern Medical Center	5323 Harry Hines Blvd	Dallas	TX	75390	USA	0	Illumina NextSeq 500	cDNA	transcriptomic	RNA-Seq	SRA: https://www.ncbi.nlm.nih.gov/sra?term=SRX13614156	NONE	SRR17442798
SRR17442797	2022-07-01 08:11:24	2022-01-05 10:29:27	30497961	2317845036	0	76	791		https://sra-downloadb.be-md.ncbi.nlm.nih.gov/sos1/sra-pub-zq-38/SRR017/17442/SRR17442797/SRR17442797.lite.1	SRX13614157	GSM5772584	RNA-Seq	cDNA	TRANSCRIPTOMIC	SINGLE	0	0	ILLUMINA	NextSeq 500	SRP353609	PRJNA794357	3	794357	SRS11503282	SAMN24648771	simple	9606	Homo sapiens	GSM5772584							no					UT SOUTHWESTERN MEDICAL CENTER	SRA1352300		public	4D26FC5AD726682CFA5D4B06F6F6EFAA	99FF14C82F9B4938BFCEB81358EA0DB1	HUnafld091_1	GSM5772584	Public on Jul 01 2022	Jan 05 2022	Jul 01 2022	SRA	1	HUnafld091_1	Homo sapiens	Liver	1st biopsy	73	male	1	3	high-risk	total RNA	Truseq RNA Exome kit (Illumina, CA) following manufacturer’s protocol.	9606	NASH.HUn164.gct	Supplementary_files_format_and_content: .gct file format (tab-delimited text) including normalized gene expression levels normalized within 106 1st biopsy tissues (NAFLD.HUn106.gct) and within the 58 high-risk patients with paired biopsy tissues (NAFLD.HUn164.gct).	GPL18573	Yujin,,Hoshida	University of Texas Southwestern Medical Center	5323 Harry Hines Blvd	Dallas	TX	75390	USA	0	Illumina NextSeq 500	cDNA	transcriptomic	RNA-Seq	SRA: https://www.ncbi.nlm.nih.gov/sra?term=SRX13614157	NONE	SRR17442797
SRR17442796	2022-07-01 08:11:24	2022-01-05 10:27:47	27590182	2096853832	0	76	711		https://sra-downloadb.be-md.ncbi.nlm.nih.gov/sos1/sra-pub-zq-38/SRR017/17442/SRR17442796/SRR17442796.lite.1	SRX13614158	GSM5772613	RNA-Seq	cDNA	TRANSCRIPTOMIC	SINGLE	0	0	ILLUMINA	NextSeq 500	SRP353609	PRJNA794357	3	794357	SRS11503283	SAMN24648742	simple	9606	Homo sapiens	GSM5772613							no					UT SOUTHWESTERN MEDICAL CENTER	SRA1352300		public	14CA6B2983D0988F0AE3616835D2756D	3FB4D19EAB5654A4494667AD027F6BD6	HUnafld049_2	GSM5772613	Public on Jul 01 2022	Jan 05 2022	Jul 01 2022	SRA	1	HUnafld049_2	Homo sapiens	Liver	2nd biopsy	59	male	2	3		total RNA	Truseq RNA Exome kit (Illumina, CA) following manufacturer’s protocol.	9606		Supplementary_files_format_and_content: .gct file format (tab-delimited text) including normalized gene expression levels normalized within 106 1st biopsy tissues (NAFLD.HUn106.gct) and within the 58 high-risk patients with paired biopsy tissues (NAFLD.HUn164.gct).	GPL18573	Yujin,,Hoshida	University of Texas Southwestern Medical Center	5323 Harry Hines Blvd	Dallas	TX	75390	USA	0	Illumina NextSeq 500	cDNA	transcriptomic	RNA-Seq	SRA: https://www.ncbi.nlm.nih.gov/sra?term=SRX13614158	NONE	SRR17442796
SRR17442795	2022-07-01 08:11:24	2022-01-05 10:30:35	30517328	2319316928	0	76	785		https://sra-downloadb.be-md.ncbi.nlm.nih.gov/sos8/sra-pub-zq-820/SRR017/17442/SRR17442795/SRR17442795.lite.1	SRX13614159	GSM5772614	RNA-Seq	cDNA	TRANSCRIPTOMIC	SINGLE	0	0	ILLUMINA	NextSeq 500	SRP353609	PRJNA794357	3	794357	SRS11503284	SAMN24648741	simple	9606	Homo sapiens	GSM5772614							no					UT SOUTHWESTERN MEDICAL CENTER	SRA1352300		public	99D1402639245B72B84CA3DB4D4FC67E	838752E91F29D358926D236A8C2E8266	HUnafld050_2	GSM5772614	Public on Jul 01 2022	Jan 05 2022	Jul 01 2022	SRA	1	HUnafld050_2	Homo sapiens	Liver	2nd biopsy	71	male	3	3		total RNA	Truseq RNA Exome kit (Illumina, CA) following manufacturer’s protocol.	9606		Supplementary_files_format_and_content: .gct file format (tab-delimited text) including normalized gene expression levels normalized within 106 1st biopsy tissues (NAFLD.HUn106.gct) and within the 58 high-risk patients with paired biopsy tissues (NAFLD.HUn164.gct).	GPL18573	Yujin,,Hoshida	University of Texas Southwestern Medical Center	5323 Harry Hines Blvd	Dallas	TX	75390	USA	0	Illumina NextSeq 500	cDNA	transcriptomic	RNA-Seq	SRA: https://www.ncbi.nlm.nih.gov/sra?term=SRX13614159	NONE	SRR17442795
SRR17442794	2022-07-01 08:11:24	2022-01-05 10:27:48	31776546	2415017496	0	76	813		https://sra-downloadb.be-md.ncbi.nlm.nih.gov/sos1/sra-pub-zq-38/SRR017/17442/SRR17442794/SRR17442794.lite.1	SRX13614160	GSM5772615	RNA-Seq	cDNA	TRANSCRIPTOMIC	SINGLE	0	0	ILLUMINA	NextSeq 500	SRP353609	PRJNA794357	3	794357	SRS11503285	SAMN24648740	simple	9606	Homo sapiens	GSM5772615							no					UT SOUTHWESTERN MEDICAL CENTER	SRA1352300		public	972E7C4BCB24D566F638D246C8BA8E0C	827B4645ED2649000C11D6C49590DD80	HUnafld052_2	GSM5772615	Public on Jul 01 2022	Jan 05 2022	Jul 01 2022	SRA	1	HUnafld052_2	Homo sapiens	Liver	2nd biopsy	71	male	1	1		total RNA	Truseq RNA Exome kit (Illumina, CA) following manufacturer’s protocol.	9606		Supplementary_files_format_and_content: .gct file format (tab-delimited text) including normalized gene expression levels normalized within 106 1st biopsy tissues (NAFLD.HUn106.gct) and within the 58 high-risk patients with paired biopsy tissues (NAFLD.HUn164.gct).	GPL18573	Yujin,,Hoshida	University of Texas Southwestern Medical Center	5323 Harry Hines Blvd	Dallas	TX	75390	USA	0	Illumina NextSeq 500	cDNA	transcriptomic	RNA-Seq	SRA: https://www.ncbi.nlm.nih.gov/sra?term=SRX13614160	NONE	SRR17442794
SRR17442793	2022-07-01 08:11:24	2022-01-05 10:25:03	17811146	1353647096	0	76	457		https://sra-downloadb.be-md.ncbi.nlm.nih.gov/sos1/sra-pub-zq-38/SRR017/17442/SRR17442793/SRR17442793.lite.1	SRX13614161	GSM5772616	RNA-Seq	cDNA	TRANSCRIPTOMIC	SINGLE	0	0	ILLUMINA	NextSeq 500	SRP353609	PRJNA794357	3	794357	SRS11503286	SAMN24648739	simple	9606	Homo sapiens	GSM5772616							no					UT SOUTHWESTERN MEDICAL CENTER	SRA1352300		public	95F8C39C326B7C852A2847A89A1E4C8D	FEF28C692D7D69752AACCAF4216D5238	HUnafld053_2	GSM5772616	Public on Jul 01 2022	Jan 05 2022	Jul 01 2022	SRA	1	HUnafld053_2	Homo sapiens	Liver	2nd biopsy	51	male	2	4		total RNA	Truseq RNA Exome kit (Illumina, CA) following manufacturer’s protocol.	9606		Supplementary_files_format_and_content: .gct file format (tab-delimited text) including normalized gene expression levels normalized within 106 1st biopsy tissues (NAFLD.HUn106.gct) and within the 58 high-risk patients with paired biopsy tissues (NAFLD.HUn164.gct).	GPL18573	Yujin,,Hoshida	University of Texas Southwestern Medical Center	5323 Harry Hines Blvd	Dallas	TX	75390	USA	0	Illumina NextSeq 500	cDNA	transcriptomic	RNA-Seq	SRA: https://www.ncbi.nlm.nih.gov/sra?term=SRX13614161	NONE	SRR17442793
SRR17442792	2022-07-01 08:11:24	2022-01-05 10:25:08	16771277	1274617052	0	76	431		https://sra-downloadb.be-md.ncbi.nlm.nih.gov/sos1/sra-pub-zq-38/SRR017/17442/SRR17442792/SRR17442792.lite.1	SRX13614162	GSM5772617	RNA-Seq	cDNA	TRANSCRIPTOMIC	SINGLE	0	0	ILLUMINA	NextSeq 500	SRP353609	PRJNA794357	3	794357	SRS11503287	SAMN24648738	simple	9606	Homo sapiens	GSM5772617							no					UT SOUTHWESTERN MEDICAL CENTER	SRA1352300		public	6DCB637EB61D2535A07633291F629DDE	1A01DDD590A7628775B775B72BF14C6E	HUnafld054_2	GSM5772617	Public on Jul 01 2022	Jan 05 2022	Jul 01 2022	SRA	1	HUnafld054_2	Homo sapiens	Liver	2nd biopsy	48	female	2	2		total RNA	Truseq RNA Exome kit (Illumina, CA) following manufacturer’s protocol.	9606		Supplementary_files_format_and_content: .gct file format (tab-delimited text) including normalized gene expression levels normalized within 106 1st biopsy tissues (NAFLD.HUn106.gct) and within the 58 high-risk patients with paired biopsy tissues (NAFLD.HUn164.gct).	GPL18573	Yujin,,Hoshida	University of Texas Southwestern Medical Center	5323 Harry Hines Blvd	Dallas	TX	75390	USA	0	Illumina NextSeq 500	cDNA	transcriptomic	RNA-Seq	SRA: https://www.ncbi.nlm.nih.gov/sra?term=SRX13614162	NONE	SRR17442792
SRR17442791	2022-07-01 08:11:24	2022-01-05 10:23:42	14461907	1099104932	0	76	375		https://sra-downloadb.be-md.ncbi.nlm.nih.gov/sos1/sra-pub-zq-38/SRR017/17442/SRR17442791/SRR17442791.lite.1	SRX13614163	GSM5772618	RNA-Seq	cDNA	TRANSCRIPTOMIC	SINGLE	0	0	ILLUMINA	NextSeq 500	SRP353609	PRJNA794357	3	794357	SRS11503288	SAMN24648737	simple	9606	Homo sapiens	GSM5772618							no					UT SOUTHWESTERN MEDICAL CENTER	SRA1352300		public	AEF20D445F11B62A698F35C89A32F710	8FC2DFB60353F15770B02B32B7EC08CF	HUnafld056_2	GSM5772618	Public on Jul 01 2022	Jan 05 2022	Jul 01 2022	SRA	1	HUnafld056_2	Homo sapiens	Liver	2nd biopsy	62	male	2	3		total RNA	Truseq RNA Exome kit (Illumina, CA) following manufacturer’s protocol.	9606		Supplementary_files_format_and_content: .gct file format (tab-delimited text) including normalized gene expression levels normalized within 106 1st biopsy tissues (NAFLD.HUn106.gct) and within the 58 high-risk patients with paired biopsy tissues (NAFLD.HUn164.gct).	GPL18573	Yujin,,Hoshida	University of Texas Southwestern Medical Center	5323 Harry Hines Blvd	Dallas	TX	75390	USA	0	Illumina NextSeq 500	cDNA	transcriptomic	RNA-Seq	SRA: https://www.ncbi.nlm.nih.gov/sra?term=SRX13614163	NONE	SRR17442791
SRR17442790	2022-07-01 08:11:24	2022-01-05 10:24:33	13846527	1052336052	0	76	360		https://sra-downloadb.be-md.ncbi.nlm.nih.gov/sos9/sra-pub-zq-922/SRR017/17442/SRR17442790/SRR17442790.lite.1	SRX13614164	GSM5772619	RNA-Seq	cDNA	TRANSCRIPTOMIC	SINGLE	0	0	ILLUMINA	NextSeq 500	SRP353609	PRJNA794357	3	794357	SRS11503289	SAMN24648736	simple	9606	Homo sapiens	GSM5772619							no					UT SOUTHWESTERN MEDICAL CENTER	SRA1352300		public	007718A4DEAF6038CEABBBB5B8B38FEB	8C064140C6E7D1BB72B8739D0436FDB6	HUnafld057_2	GSM5772619	Public on Jul 01 2022	Jan 05 2022	Jul 01 2022	SRA	1	HUnafld057_2	Homo sapiens	Liver	2nd biopsy	71	female	3	2		total RNA	Truseq RNA Exome kit (Illumina, CA) following manufacturer’s protocol.	9606		Supplementary_files_format_and_content: .gct file format (tab-delimited text) including normalized gene expression levels normalized within 106 1st biopsy tissues (NAFLD.HUn106.gct) and within the 58 high-risk patients with paired biopsy tissues (NAFLD.HUn164.gct).	GPL18573	Yujin,,Hoshida	University of Texas Southwestern Medical Center	5323 Harry Hines Blvd	Dallas	TX	75390	USA	0	Illumina NextSeq 500	cDNA	transcriptomic	RNA-Seq	SRA: https://www.ncbi.nlm.nih.gov/sra?term=SRX13614164	NONE	SRR17442790
SRR17442789	2022-07-01 08:11:24	2022-01-05 10:23:56	15795939	1200491364	0	76	406		https://sra-downloadb.be-md.ncbi.nlm.nih.gov/sos9/sra-pub-zq-922/SRR017/17442/SRR17442789/SRR17442789.lite.1	SRX13614165	GSM5772620	RNA-Seq	cDNA	TRANSCRIPTOMIC	SINGLE	0	0	ILLUMINA	NextSeq 500	SRP353609	PRJNA794357	3	794357	SRS11503290	SAMN24648735	simple	9606	Homo sapiens	GSM5772620							no					UT SOUTHWESTERN MEDICAL CENTER	SRA1352300		public	698508D0815916091F1823F10E8EB6A9	35D397066335DDF8438D7603B3E241C8	HUnafld058_2	GSM5772620	Public on Jul 01 2022	Jan 05 2022	Jul 01 2022	SRA	1	HUnafld058_2	Homo sapiens	Liver	2nd biopsy	75	female	2	3		total RNA	Truseq RNA Exome kit (Illumina, CA) following manufacturer’s protocol.	9606		Supplementary_files_format_and_content: .gct file format (tab-delimited text) including normalized gene expression levels normalized within 106 1st biopsy tissues (NAFLD.HUn106.gct) and within the 58 high-risk patients with paired biopsy tissues (NAFLD.HUn164.gct).	GPL18573	Yujin,,Hoshida	University of Texas Southwestern Medical Center	5323 Harry Hines Blvd	Dallas	TX	75390	USA	0	Illumina NextSeq 500	cDNA	transcriptomic	RNA-Seq	SRA: https://www.ncbi.nlm.nih.gov/sra?term=SRX13614165	NONE	SRR17442789
SRR17442788	2022-07-01 08:11:24	2022-01-05 10:28:04	26392723	2005846948	0	76	696		https://sra-downloadb.be-md.ncbi.nlm.nih.gov/sos1/sra-pub-zq-38/SRR017/17442/SRR17442788/SRR17442788.lite.1	SRX13614166	GSM5772621	RNA-Seq	cDNA	TRANSCRIPTOMIC	SINGLE	0	0	ILLUMINA	NextSeq 500	SRP353609	PRJNA794357	3	794357	SRS11503291	SAMN24648734	simple	9606	Homo sapiens	GSM5772621							no					UT SOUTHWESTERN MEDICAL CENTER	SRA1352300		public	0AD702BCD0AE60D15AB0308B11293927	6BDE1FB79995A99096B4F7D4F83DDF98	HUnafld059_2	GSM5772621	Public on Jul 01 2022	Jan 05 2022	Jul 01 2022	SRA	1	HUnafld059_2	Homo sapiens	Liver	2nd biopsy	64	female	3	3		total RNA	Truseq RNA Exome kit (Illumina, CA) following manufacturer’s protocol.	9606		Supplementary_files_format_and_content: .gct file format (tab-delimited text) including normalized gene expression levels normalized within 106 1st biopsy tissues (NAFLD.HUn106.gct) and within the 58 high-risk patients with paired biopsy tissues (NAFLD.HUn164.gct).	GPL18573	Yujin,,Hoshida	University of Texas Southwestern Medical Center	5323 Harry Hines Blvd	Dallas	TX	75390	USA	0	Illumina NextSeq 500	cDNA	transcriptomic	RNA-Seq	SRA: https://www.ncbi.nlm.nih.gov/sra?term=SRX13614166	NONE	SRR17442788
SRR17442787	2022-07-01 08:11:24	2022-01-05 10:27:49	25828650	1962977400	0	76	664		https://sra-downloadb.be-md.ncbi.nlm.nih.gov/sos8/sra-pub-zq-820/SRR017/17442/SRR17442787/SRR17442787.lite.1	SRX13614167	GSM5772622	RNA-Seq	cDNA	TRANSCRIPTOMIC	SINGLE	0	0	ILLUMINA	NextSeq 500	SRP353609	PRJNA794357	3	794357	SRS11503292	SAMN24648733	simple	9606	Homo sapiens	GSM5772622							no					UT SOUTHWESTERN MEDICAL CENTER	SRA1352300		public	7AF57378BB147BA568979CBDE551062E	D26C1723C4B8448D6C574A6CC8A9E9D6	HUnafld060_2	GSM5772622	Public on Jul 01 2022	Jan 05 2022	Jul 01 2022	SRA	1	HUnafld060_2	Homo sapiens	Liver	2nd biopsy	37	male	1	3		total RNA	Truseq RNA Exome kit (Illumina, CA) following manufacturer’s protocol.	9606		Supplementary_files_format_and_content: .gct file format (tab-delimited text) including normalized gene expression levels normalized within 106 1st biopsy tissues (NAFLD.HUn106.gct) and within the 58 high-risk patients with paired biopsy tissues (NAFLD.HUn164.gct).	GPL18573	Yujin,,Hoshida	University of Texas Southwestern Medical Center	5323 Harry Hines Blvd	Dallas	TX	75390	USA	0	Illumina NextSeq 500	cDNA	transcriptomic	RNA-Seq	SRA: https://www.ncbi.nlm.nih.gov/sra?term=SRX13614167	NONE	SRR17442787
SRR17442786	2022-07-01 08:11:24	2022-01-05 10:23:50	15947723	1212026948	0	76	415		https://sra-downloadb.be-md.ncbi.nlm.nih.gov/sos9/sra-pub-zq-924/SRR017/17442/SRR17442786/SRR17442786.lite.1	SRX13614168	GSM5772623	RNA-Seq	cDNA	TRANSCRIPTOMIC	SINGLE	0	0	ILLUMINA	NextSeq 500	SRP353609	PRJNA794357	3	794357	SRS11503294	SAMN24648732	simple	9606	Homo sapiens	GSM5772623							no					UT SOUTHWESTERN MEDICAL CENTER	SRA1352300		public	C618A53FF42154764268F65379CD567C	DE5C925AF307EDCB36BECFAD79731E23	HUnafld063_2	GSM5772623	Public on Jul 01 2022	Jan 05 2022	Jul 01 2022	SRA	1	HUnafld063_2	Homo sapiens	Liver	2nd biopsy	61	female	3	3		total RNA	Truseq RNA Exome kit (Illumina, CA) following manufacturer’s protocol.	9606		Supplementary_files_format_and_content: .gct file format (tab-delimited text) including normalized gene expression levels normalized within 106 1st biopsy tissues (NAFLD.HUn106.gct) and within the 58 high-risk patients with paired biopsy tissues (NAFLD.HUn164.gct).	GPL18573	Yujin,,Hoshida	University of Texas Southwestern Medical Center	5323 Harry Hines Blvd	Dallas	TX	75390	USA	0	Illumina NextSeq 500	cDNA	transcriptomic	RNA-Seq	SRA: https://www.ncbi.nlm.nih.gov/sra?term=SRX13614168	NONE	SRR17442786
SRR17442785	2022-07-01 08:11:24	2022-01-05 10:26:43	21185473	1610095948	0	76	546		https://sra-downloadb.be-md.ncbi.nlm.nih.gov/sos9/sra-pub-zq-924/SRR017/17442/SRR17442785/SRR17442785.lite.1	SRX13614169	GSM5772624	RNA-Seq	cDNA	TRANSCRIPTOMIC	SINGLE	0	0	ILLUMINA	NextSeq 500	SRP353609	PRJNA794357	3	794357	SRS11503293	SAMN24648731	simple	9606	Homo sapiens	GSM5772624							no					UT SOUTHWESTERN MEDICAL CENTER	SRA1352300		public	73A7AF73CF7493F0ACABB2A81B3CA12E	A1383422CC7566241CFC2108AECF7F72	HUnafld064_2	GSM5772624	Public on Jul 01 2022	Jan 05 2022	Jul 01 2022	SRA	1	HUnafld064_2	Homo sapiens	Liver	2nd biopsy	54	male	2	3		total RNA	Truseq RNA Exome kit (Illumina, CA) following manufacturer’s protocol.	9606		Supplementary_files_format_and_content: .gct file format (tab-delimited text) including normalized gene expression levels normalized within 106 1st biopsy tissues (NAFLD.HUn106.gct) and within the 58 high-risk patients with paired biopsy tissues (NAFLD.HUn164.gct).	GPL18573	Yujin,,Hoshida	University of Texas Southwestern Medical Center	5323 Harry Hines Blvd	Dallas	TX	75390	USA	0	Illumina NextSeq 500	cDNA	transcriptomic	RNA-Seq	SRA: https://www.ncbi.nlm.nih.gov/sra?term=SRX13614169	NONE	SRR17442785
SRR17442784	2022-07-01 08:11:24	2022-01-05 10:27:51	24928885	1894595260	0	76	641		https://sra-downloadb.be-md.ncbi.nlm.nih.gov/sos1/sra-pub-zq-38/SRR017/17442/SRR17442784/SRR17442784.lite.1	SRX13614170	GSM5772625	RNA-Seq	cDNA	TRANSCRIPTOMIC	SINGLE	0	0	ILLUMINA	NextSeq 500	SRP353609	PRJNA794357	3	794357	SRS11503295	SAMN24648730	simple	9606	Homo sapiens	GSM5772625							no					UT SOUTHWESTERN MEDICAL CENTER	SRA1352300		public	9E3EE371CE98E81AD54AA6D780BCD186	CE912116D8DB0C5EA110B83873B1686F	HUnafld066_2	GSM5772625	Public on Jul 01 2022	Jan 05 2022	Jul 01 2022	SRA	1	HUnafld066_2	Homo sapiens	Liver	2nd biopsy	57	male	3	4		total RNA	Truseq RNA Exome kit (Illumina, CA) following manufacturer’s protocol.	9606		Supplementary_files_format_and_content: .gct file format (tab-delimited text) including normalized gene expression levels normalized within 106 1st biopsy tissues (NAFLD.HUn106.gct) and within the 58 high-risk patients with paired biopsy tissues (NAFLD.HUn164.gct).	GPL18573	Yujin,,Hoshida	University of Texas Southwestern Medical Center	5323 Harry Hines Blvd	Dallas	TX	75390	USA	0	Illumina NextSeq 500	cDNA	transcriptomic	RNA-Seq	SRA: https://www.ncbi.nlm.nih.gov/sra?term=SRX13614170	NONE	SRR17442784
SRR17442783	2022-07-01 08:11:24	2022-01-05 10:24:56	15799062	1200728712	0	76	414		https://sra-downloadb.be-md.ncbi.nlm.nih.gov/sos1/sra-pub-zq-38/SRR017/17442/SRR17442783/SRR17442783.lite.1	SRX13614171	GSM5772626	RNA-Seq	cDNA	TRANSCRIPTOMIC	SINGLE	0	0	ILLUMINA	NextSeq 500	SRP353609	PRJNA794357	3	794357	SRS11503296	SAMN24648729	simple	9606	Homo sapiens	GSM5772626							no					UT SOUTHWESTERN MEDICAL CENTER	SRA1352300		public	D86F95ED50B7EDEF276FA5321B3C0306	9E5E75FAD7F2529D2EE1D8DA88556FE5	HUnafld067_2	GSM5772626	Public on Jul 01 2022	Jan 05 2022	Jul 01 2022	SRA	1	HUnafld067_2	Homo sapiens	Liver	2nd biopsy	75	female	3	3		total RNA	Truseq RNA Exome kit (Illumina, CA) following manufacturer’s protocol.	9606		Supplementary_files_format_and_content: .gct file format (tab-delimited text) including normalized gene expression levels normalized within 106 1st biopsy tissues (NAFLD.HUn106.gct) and within the 58 high-risk patients with paired biopsy tissues (NAFLD.HUn164.gct).	GPL18573	Yujin,,Hoshida	University of Texas Southwestern Medical Center	5323 Harry Hines Blvd	Dallas	TX	75390	USA	0	Illumina NextSeq 500	cDNA	transcriptomic	RNA-Seq	SRA: https://www.ncbi.nlm.nih.gov/sra?term=SRX13614171	NONE	SRR17442783
SRR17442782	2022-07-01 08:11:24	2022-01-05 10:25:36	20018385	1521397260	0	76	512		https://sra-downloadb.be-md.ncbi.nlm.nih.gov/sos1/sra-pub-zq-38/SRR017/17442/SRR17442782/SRR17442782.lite.1	SRX13614172	GSM5772627	RNA-Seq	cDNA	TRANSCRIPTOMIC	SINGLE	0	0	ILLUMINA	NextSeq 500	SRP353609	PRJNA794357	3	794357	SRS11503297	SAMN24648728	simple	9606	Homo sapiens	GSM5772627							no					UT SOUTHWESTERN MEDICAL CENTER	SRA1352300		public	AB146AB1D672AF3CB4BF9AA3CD32D2F8	C2278D85303727292BBB9EB4F9FABCE5	HUnafld068_2	GSM5772627	Public on Jul 01 2022	Jan 05 2022	Jul 01 2022	SRA	1	HUnafld068_2	Homo sapiens	Liver	2nd biopsy	61	female	2	3		total RNA	Truseq RNA Exome kit (Illumina, CA) following manufacturer’s protocol.	9606		Supplementary_files_format_and_content: .gct file format (tab-delimited text) including normalized gene expression levels normalized within 106 1st biopsy tissues (NAFLD.HUn106.gct) and within the 58 high-risk patients with paired biopsy tissues (NAFLD.HUn164.gct).	GPL18573	Yujin,,Hoshida	University of Texas Southwestern Medical Center	5323 Harry Hines Blvd	Dallas	TX	75390	USA	0	Illumina NextSeq 500	cDNA	transcriptomic	RNA-Seq	SRA: https://www.ncbi.nlm.nih.gov/sra?term=SRX13614172	NONE	SRR17442782
SRR17442781	2022-07-01 08:11:25	2022-01-05 10:27:14	30418931	2311838756	0	76	782		https://sra-downloadb.be-md.ncbi.nlm.nih.gov/sos1/sra-pub-zq-38/SRR017/17442/SRR17442781/SRR17442781.lite.1	SRX13614173	GSM5772628	RNA-Seq	cDNA	TRANSCRIPTOMIC	SINGLE	0	0	ILLUMINA	NextSeq 500	SRP353609	PRJNA794357	3	794357	SRS11503298	SAMN24648727	simple	9606	Homo sapiens	GSM5772628							no					UT SOUTHWESTERN MEDICAL CENTER	SRA1352300		public	A4D34E92939E0048DD977126A7DD0927	D2F733D084B4B3F96602B30000192778	HUnafld069_2	GSM5772628	Public on Jul 01 2022	Jan 05 2022	Jul 01 2022	SRA	1	HUnafld069_2	Homo sapiens	Liver	2nd biopsy	51	female	2	3		total RNA	Truseq RNA Exome kit (Illumina, CA) following manufacturer’s protocol.	9606		Supplementary_files_format_and_content: .gct file format (tab-delimited text) including normalized gene expression levels normalized within 106 1st biopsy tissues (NAFLD.HUn106.gct) and within the 58 high-risk patients with paired biopsy tissues (NAFLD.HUn164.gct).	GPL18573	Yujin,,Hoshida	University of Texas Southwestern Medical Center	5323 Harry Hines Blvd	Dallas	TX	75390	USA	0	Illumina NextSeq 500	cDNA	transcriptomic	RNA-Seq	SRA: https://www.ncbi.nlm.nih.gov/sra?term=SRX13614173	NONE	SRR17442781
SRR17442780	2022-07-01 08:11:25	2022-01-05 10:28:18	25790463	1960075188	0	76	663		https://sra-downloadb.be-md.ncbi.nlm.nih.gov/sos1/sra-pub-zq-38/SRR017/17442/SRR17442780/SRR17442780.lite.1	SRX13614174	GSM5772629	RNA-Seq	cDNA	TRANSCRIPTOMIC	SINGLE	0	0	ILLUMINA	NextSeq 500	SRP353609	PRJNA794357	3	794357	SRS11503299	SAMN24648726	simple	9606	Homo sapiens	GSM5772629							no					UT SOUTHWESTERN MEDICAL CENTER	SRA1352300		public	59E2CE46FE27E7B6411148BBCEE7EA3E	417753FB58E5C77D0AE75B8E28C88036	HUnafld070_2	GSM5772629	Public on Jul 01 2022	Jan 05 2022	Jul 01 2022	SRA	1	HUnafld070_2	Homo sapiens	Liver	2nd biopsy	57	male	2	3		total RNA	Truseq RNA Exome kit (Illumina, CA) following manufacturer’s protocol.	9606		Supplementary_files_format_and_content: .gct file format (tab-delimited text) including normalized gene expression levels normalized within 106 1st biopsy tissues (NAFLD.HUn106.gct) and within the 58 high-risk patients with paired biopsy tissues (NAFLD.HUn164.gct).	GPL18573	Yujin,,Hoshida	University of Texas Southwestern Medical Center	5323 Harry Hines Blvd	Dallas	TX	75390	USA	0	Illumina NextSeq 500	cDNA	transcriptomic	RNA-Seq	SRA: https://www.ncbi.nlm.nih.gov/sra?term=SRX13614174	NONE	SRR17442780
SRR17442779	2022-07-01 08:11:25	2022-01-05 10:30:10	31840671	2419890996	0	76	816		https://sra-downloadb.be-md.ncbi.nlm.nih.gov/sos1/sra-pub-zq-38/SRR017/17442/SRR17442779/SRR17442779.lite.1	SRX13614175	GSM5772630	RNA-Seq	cDNA	TRANSCRIPTOMIC	SINGLE	0	0	ILLUMINA	NextSeq 500	SRP353609	PRJNA794357	3	794357	SRS11503300	SAMN24648725	simple	9606	Homo sapiens	GSM5772630							no					UT SOUTHWESTERN MEDICAL CENTER	SRA1352300		public	35BD728D3CEC686104BDF99488815482	52F3417CD98639A473544D1F5B30DE30	HUnafld071_2	GSM5772630	Public on Jul 01 2022	Jan 05 2022	Jul 01 2022	SRA	1	HUnafld071_2	Homo sapiens	Liver	2nd biopsy	53	female	1	3		total RNA	Truseq RNA Exome kit (Illumina, CA) following manufacturer’s protocol.	9606		Supplementary_files_format_and_content: .gct file format (tab-delimited text) including normalized gene expression levels normalized within 106 1st biopsy tissues (NAFLD.HUn106.gct) and within the 58 high-risk patients with paired biopsy tissues (NAFLD.HUn164.gct).	GPL18573	Yujin,,Hoshida	University of Texas Southwestern Medical Center	5323 Harry Hines Blvd	Dallas	TX	75390	USA	0	Illumina NextSeq 500	cDNA	transcriptomic	RNA-Seq	SRA: https://www.ncbi.nlm.nih.gov/sra?term=SRX13614175	NONE	SRR17442779
SRR17442778	2022-07-01 08:11:25	2022-01-05 10:24:05	12822518	974511368	0	76	333		https://sra-downloadb.be-md.ncbi.nlm.nih.gov/sos1/sra-pub-zq-38/SRR017/17442/SRR17442778/SRR17442778.lite.1	SRX13614176	GSM5772631	RNA-Seq	cDNA	TRANSCRIPTOMIC	SINGLE	0	0	ILLUMINA	NextSeq 500	SRP353609	PRJNA794357	3	794357	SRS11503301	SAMN24648724	simple	9606	Homo sapiens	GSM5772631							no					UT SOUTHWESTERN MEDICAL CENTER	SRA1352300		public	1C8645806C450F12F6278F05D207DC89	6601FD1D0A336436C54E3156FF4E61D2	HUnafld072_2	GSM5772631	Public on Jul 01 2022	Jan 05 2022	Jul 01 2022	SRA	1	HUnafld072_2	Homo sapiens	Liver	2nd biopsy	62	male	2	3		total RNA	Truseq RNA Exome kit (Illumina, CA) following manufacturer’s protocol.	9606		Supplementary_files_format_and_content: .gct file format (tab-delimited text) including normalized gene expression levels normalized within 106 1st biopsy tissues (NAFLD.HUn106.gct) and within the 58 high-risk patients with paired biopsy tissues (NAFLD.HUn164.gct).	GPL18573	Yujin,,Hoshida	University of Texas Southwestern Medical Center	5323 Harry Hines Blvd	Dallas	TX	75390	USA	0	Illumina NextSeq 500	cDNA	transcriptomic	RNA-Seq	SRA: https://www.ncbi.nlm.nih.gov/sra?term=SRX13614176	NONE	SRR17442778
SRR17442777	2022-07-01 08:11:25	2022-01-05 10:27:02	20859786	1585343736	0	76	536		https://sra-downloadb.be-md.ncbi.nlm.nih.gov/sos1/sra-pub-zq-38/SRR017/17442/SRR17442777/SRR17442777.lite.1	SRX13614177	GSM5772632	RNA-Seq	cDNA	TRANSCRIPTOMIC	SINGLE	0	0	ILLUMINA	NextSeq 500	SRP353609	PRJNA794357	3	794357	SRS11503303	SAMN24648723	simple	9606	Homo sapiens	GSM5772632							no					UT SOUTHWESTERN MEDICAL CENTER	SRA1352300		public	4674771980A4848DF44B47E8C65DAA21	938ABFF6E465273B5254C9D10992B1C4	HUnafld074_2	GSM5772632	Public on Jul 01 2022	Jan 05 2022	Jul 01 2022	SRA	1	HUnafld074_2	Homo sapiens	Liver	2nd biopsy	46	male	2	3		total RNA	Truseq RNA Exome kit (Illumina, CA) following manufacturer’s protocol.	9606		Supplementary_files_format_and_content: .gct file format (tab-delimited text) including normalized gene expression levels normalized within 106 1st biopsy tissues (NAFLD.HUn106.gct) and within the 58 high-risk patients with paired biopsy tissues (NAFLD.HUn164.gct).	GPL18573	Yujin,,Hoshida	University of Texas Southwestern Medical Center	5323 Harry Hines Blvd	Dallas	TX	75390	USA	0	Illumina NextSeq 500	cDNA	transcriptomic	RNA-Seq	SRA: https://www.ncbi.nlm.nih.gov/sra?term=SRX13614177	NONE	SRR17442777
SRR17442776	2022-07-01 08:11:25	2022-01-05 10:26:18	23076438	1753809288	0	76	595		https://sra-downloadb.be-md.ncbi.nlm.nih.gov/sos4/sra-pub-zq-1/SRR017/17442/SRR17442776/SRR17442776.lite.1	SRX13614178	GSM5772633	RNA-Seq	cDNA	TRANSCRIPTOMIC	SINGLE	0	0	ILLUMINA	NextSeq 500	SRP353609	PRJNA794357	3	794357	SRS11503302	SAMN24648722	simple	9606	Homo sapiens	GSM5772633							no					UT SOUTHWESTERN MEDICAL CENTER	SRA1352300		public	BB89B3364DB83999283D27B877F1676D	1A90CB852DF5C3E705DAECAE10FF06B9	HUnafld075_2	GSM5772633	Public on Jul 01 2022	Jan 05 2022	Jul 01 2022	SRA	1	HUnafld075_2	Homo sapiens	Liver	2nd biopsy	47	male	1	2		total RNA	Truseq RNA Exome kit (Illumina, CA) following manufacturer’s protocol.	9606		Supplementary_files_format_and_content: .gct file format (tab-delimited text) including normalized gene expression levels normalized within 106 1st biopsy tissues (NAFLD.HUn106.gct) and within the 58 high-risk patients with paired biopsy tissues (NAFLD.HUn164.gct).	GPL18573	Yujin,,Hoshida	University of Texas Southwestern Medical Center	5323 Harry Hines Blvd	Dallas	TX	75390	USA	0	Illumina NextSeq 500	cDNA	transcriptomic	RNA-Seq	SRA: https://www.ncbi.nlm.nih.gov/sra?term=SRX13614178	NONE	SRR17442776
SRR17442775	2022-07-01 08:11:25	2022-01-05 10:27:41	25399098	1930331448	0	76	653		https://sra-downloadb.be-md.ncbi.nlm.nih.gov/sos9/sra-pub-zq-924/SRR017/17442/SRR17442775/SRR17442775.lite.1	SRX13614179	GSM5772634	RNA-Seq	cDNA	TRANSCRIPTOMIC	SINGLE	0	0	ILLUMINA	NextSeq 500	SRP353609	PRJNA794357	3	794357	SRS11503304	SAMN24648721	simple	9606	Homo sapiens	GSM5772634							no					UT SOUTHWESTERN MEDICAL CENTER	SRA1352300		public	366BF70672DCCAB22164FA8A17BDC3E3	AA7A7023EDB3CA5B2D245ED97FEA4CC5	HUnafld076_2	GSM5772634	Public on Jul 01 2022	Jan 05 2022	Jul 01 2022	SRA	1	HUnafld076_2	Homo sapiens	Liver	2nd biopsy	62	female	2	5		total RNA	Truseq RNA Exome kit (Illumina, CA) following manufacturer’s protocol.	9606		Supplementary_files_format_and_content: .gct file format (tab-delimited text) including normalized gene expression levels normalized within 106 1st biopsy tissues (NAFLD.HUn106.gct) and within the 58 high-risk patients with paired biopsy tissues (NAFLD.HUn164.gct).	GPL18573	Yujin,,Hoshida	University of Texas Southwestern Medical Center	5323 Harry Hines Blvd	Dallas	TX	75390	USA	0	Illumina NextSeq 500	cDNA	transcriptomic	RNA-Seq	SRA: https://www.ncbi.nlm.nih.gov/sra?term=SRX13614179	NONE	SRR17442775
SRR17442774	2022-07-01 08:11:25	2022-01-05 10:29:07	32608373	2478236348	0	76	842		https://sra-downloadb.be-md.ncbi.nlm.nih.gov/sos1/sra-pub-zq-38/SRR017/17442/SRR17442774/SRR17442774.lite.1	SRX13614180	GSM5772635	RNA-Seq	cDNA	TRANSCRIPTOMIC	SINGLE	0	0	ILLUMINA	NextSeq 500	SRP353609	PRJNA794357	3	794357	SRS11503306	SAMN24648720	simple	9606	Homo sapiens	GSM5772635							no					UT SOUTHWESTERN MEDICAL CENTER	SRA1352300		public	ADD8A6B0C1409FC3FF75023A3203DDFF	20F19A29E8D2C1B4283E82453E7F3AFE	HUnafld077_2	GSM5772635	Public on Jul 01 2022	Jan 05 2022	Jul 01 2022	SRA	1	HUnafld077_2	Homo sapiens	Liver	2nd biopsy	40	female	2	2		total RNA	Truseq RNA Exome kit (Illumina, CA) following manufacturer’s protocol.	9606		Supplementary_files_format_and_content: .gct file format (tab-delimited text) including normalized gene expression levels normalized within 106 1st biopsy tissues (NAFLD.HUn106.gct) and within the 58 high-risk patients with paired biopsy tissues (NAFLD.HUn164.gct).	GPL18573	Yujin,,Hoshida	University of Texas Southwestern Medical Center	5323 Harry Hines Blvd	Dallas	TX	75390	USA	0	Illumina NextSeq 500	cDNA	transcriptomic	RNA-Seq	SRA: https://www.ncbi.nlm.nih.gov/sra?term=SRX13614180	NONE	SRR17442774
SRR17442773	2022-07-01 08:11:25	2022-01-05 10:27:31	26314125	1999873500	0	76	674		https://sra-downloadb.be-md.ncbi.nlm.nih.gov/sos1/sra-pub-zq-38/SRR017/17442/SRR17442773/SRR17442773.lite.1	SRX13614181	GSM5772636	RNA-Seq	cDNA	TRANSCRIPTOMIC	SINGLE	0	0	ILLUMINA	NextSeq 500	SRP353609	PRJNA794357	3	794357	SRS11503305	SAMN24648719	simple	9606	Homo sapiens	GSM5772636							no					UT SOUTHWESTERN MEDICAL CENTER	SRA1352300		public	045FE126786D8F1C5C4E6F25B7831CB6	328BDF602F8D9876CA4FA692B460677D	HUnafld078_2	GSM5772636	Public on Jul 01 2022	Jan 05 2022	Jul 01 2022	SRA	1	HUnafld078_2	Homo sapiens	Liver	2nd biopsy	54	female	2	3		total RNA	Truseq RNA Exome kit (Illumina, CA) following manufacturer’s protocol.	9606		Supplementary_files_format_and_content: .gct file format (tab-delimited text) including normalized gene expression levels normalized within 106 1st biopsy tissues (NAFLD.HUn106.gct) and within the 58 high-risk patients with paired biopsy tissues (NAFLD.HUn164.gct).	GPL18573	Yujin,,Hoshida	University of Texas Southwestern Medical Center	5323 Harry Hines Blvd	Dallas	TX	75390	USA	0	Illumina NextSeq 500	cDNA	transcriptomic	RNA-Seq	SRA: https://www.ncbi.nlm.nih.gov/sra?term=SRX13614181	NONE	SRR17442773
SRR17442772	2022-07-01 08:11:25	2022-01-05 10:27:57	34044716	2587398416	0	76	876		https://sra-downloadb.be-md.ncbi.nlm.nih.gov/sos8/sra-pub-zq-818/SRR017/17442/SRR17442772/SRR17442772.lite.1	SRX13614182	GSM5772637	RNA-Seq	cDNA	TRANSCRIPTOMIC	SINGLE	0	0	ILLUMINA	NextSeq 500	SRP353609	PRJNA794357	3	794357	SRS11503308	SAMN24648718	simple	9606	Homo sapiens	GSM5772637							no					UT SOUTHWESTERN MEDICAL CENTER	SRA1352300		public	0DA705378F93DD1F91D110D42C945044	8AE88A710D39A4FB0C08D873DC3A0E6B	HUnafld079_2	GSM5772637	Public on Jul 01 2022	Jan 05 2022	Jul 01 2022	SRA	1	HUnafld079_2	Homo sapiens	Liver	2nd biopsy	63	male	1	3		total RNA	Truseq RNA Exome kit (Illumina, CA) following manufacturer’s protocol.	9606		Supplementary_files_format_and_content: .gct file format (tab-delimited text) including normalized gene expression levels normalized within 106 1st biopsy tissues (NAFLD.HUn106.gct) and within the 58 high-risk patients with paired biopsy tissues (NAFLD.HUn164.gct).	GPL18573	Yujin,,Hoshida	University of Texas Southwestern Medical Center	5323 Harry Hines Blvd	Dallas	TX	75390	USA	0	Illumina NextSeq 500	cDNA	transcriptomic	RNA-Seq	SRA: https://www.ncbi.nlm.nih.gov/sra?term=SRX13614182	NONE	SRR17442772
SRR17442771	2022-07-01 08:11:25	2022-01-05 10:24:34	20697740	1573028240	0	76	535		https://sra-downloadb.be-md.ncbi.nlm.nih.gov/sos9/sra-pub-zq-924/SRR017/17442/SRR17442771/SRR17442771.lite.1	SRX13614183	GSM5772638	RNA-Seq	cDNA	TRANSCRIPTOMIC	SINGLE	0	0	ILLUMINA	NextSeq 500	SRP353609	PRJNA794357	3	794357	SRS11503307	SAMN24648717	simple	9606	Homo sapiens	GSM5772638							no					UT SOUTHWESTERN MEDICAL CENTER	SRA1352300		public	1E9D822A2BC4CB1F27AD52D1E7692CA3	F33E0C6E224513CBE6AA966F79ED41EE	HUnafld080_2	GSM5772638	Public on Jul 01 2022	Jan 05 2022	Jul 01 2022	SRA	1	HUnafld080_2	Homo sapiens	Liver	2nd biopsy	41	male	2	3		total RNA	Truseq RNA Exome kit (Illumina, CA) following manufacturer’s protocol.	9606		Supplementary_files_format_and_content: .gct file format (tab-delimited text) including normalized gene expression levels normalized within 106 1st biopsy tissues (NAFLD.HUn106.gct) and within the 58 high-risk patients with paired biopsy tissues (NAFLD.HUn164.gct).	GPL18573	Yujin,,Hoshida	University of Texas Southwestern Medical Center	5323 Harry Hines Blvd	Dallas	TX	75390	USA	0	Illumina NextSeq 500	cDNA	transcriptomic	RNA-Seq	SRA: https://www.ncbi.nlm.nih.gov/sra?term=SRX13614183	NONE	SRR17442771
SRR17442770	2022-07-01 08:11:25	2022-01-05 10:21:58	7034257	534603532	0	76	184		https://sra-downloadb.be-md.ncbi.nlm.nih.gov/sos1/sra-pub-zq-38/SRR017/17442/SRR17442770/SRR17442770.lite.1	SRX13614184	GSM5772639	RNA-Seq	cDNA	TRANSCRIPTOMIC	SINGLE	0	0	ILLUMINA	NextSeq 500	SRP353609	PRJNA794357	3	794357	SRS11503309	SAMN24648716	simple	9606	Homo sapiens	GSM5772639							no					UT SOUTHWESTERN MEDICAL CENTER	SRA1352300		public	5D7F303BD065DFEE8EE7406D22434B36	B60B52A87757D5192C57F23680E2A7BF	HUnafld081_2	GSM5772639	Public on Jul 01 2022	Jan 05 2022	Jul 01 2022	SRA	1	HUnafld081_2	Homo sapiens	Liver	2nd biopsy	39	female	2	4		total RNA	Truseq RNA Exome kit (Illumina, CA) following manufacturer’s protocol.	9606		Supplementary_files_format_and_content: .gct file format (tab-delimited text) including normalized gene expression levels normalized within 106 1st biopsy tissues (NAFLD.HUn106.gct) and within the 58 high-risk patients with paired biopsy tissues (NAFLD.HUn164.gct).	GPL18573	Yujin,,Hoshida	University of Texas Southwestern Medical Center	5323 Harry Hines Blvd	Dallas	TX	75390	USA	0	Illumina NextSeq 500	cDNA	transcriptomic	RNA-Seq	SRA: https://www.ncbi.nlm.nih.gov/sra?term=SRX13614184	NONE	SRR17442770
SRR17442769	2022-07-01 08:11:25	2022-01-05 10:23:52	13751168	1045088768	0	76	358		https://sra-downloadb.be-md.ncbi.nlm.nih.gov/sos1/sra-pub-zq-38/SRR017/17442/SRR17442769/SRR17442769.lite.1	SRX13614185	GSM5772640	RNA-Seq	cDNA	TRANSCRIPTOMIC	SINGLE	0	0	ILLUMINA	NextSeq 500	SRP353609	PRJNA794357	3	794357	SRS11503310	SAMN24648715	simple	9606	Homo sapiens	GSM5772640							no					UT SOUTHWESTERN MEDICAL CENTER	SRA1352300		public	E602D7D35FD1BF821D70A34DC04604C1	6B4D70EBF796A8FE60E3F05EBC701751	HUnafld082_2	GSM5772640	Public on Jul 01 2022	Jan 05 2022	Jul 01 2022	SRA	1	HUnafld082_2	Homo sapiens	Liver	2nd biopsy	50	male	2	3		total RNA	Truseq RNA Exome kit (Illumina, CA) following manufacturer’s protocol.	9606		Supplementary_files_format_and_content: .gct file format (tab-delimited text) including normalized gene expression levels normalized within 106 1st biopsy tissues (NAFLD.HUn106.gct) and within the 58 high-risk patients with paired biopsy tissues (NAFLD.HUn164.gct).	GPL18573	Yujin,,Hoshida	University of Texas Southwestern Medical Center	5323 Harry Hines Blvd	Dallas	TX	75390	USA	0	Illumina NextSeq 500	cDNA	transcriptomic	RNA-Seq	SRA: https://www.ncbi.nlm.nih.gov/sra?term=SRX13614185	NONE	SRR17442769
