sample_id	gsm_id	condition	sex	age	tissue	sample_name	fastq_r1	fastq_r2	layout
SRR21622825	GSM6589940	Fibrosis_F2			Liver	liver cells	/gpfs/commons/groups/sanjana_lab/Cas13/MASLD_library_design/RNA-seq/Human/Patient_Cohorts/data/raw/GSE213621/fastq/SRR21622825_1.fastq.gz	/gpfs/commons/groups/sanjana_lab/Cas13/MASLD_library_design/RNA-seq/Human/Patient_Cohorts/data/raw/GSE213621/fastq/SRR21622825_2.fastq.gz	PAIRED
SRR21622826	GSM6589941	Control			Liver	liver cells	/gpfs/commons/groups/sanjana_lab/Cas13/MASLD_library_design/RNA-seq/Human/Patient_Cohorts/data/raw/GSE213621/fastq/SRR21622826_1.fastq.gz	/gpfs/commons/groups/sanjana_lab/Cas13/MASLD_library_design/RNA-seq/Human/Patient_Cohorts/data/raw/GSE213621/fastq/SRR21622826_2.fastq.gz	PAIRED
SRR21622830	GSM6589945	Control			Liver	liver cells	/gpfs/commons/groups/sanjana_lab/Cas13/MASLD_library_design/RNA-seq/Human/Patient_Cohorts/data/raw/GSE213621/fastq/SRR21622830_1.fastq.gz	/gpfs/commons/groups/sanjana_lab/Cas13/MASLD_library_design/RNA-seq/Human/Patient_Cohorts/data/raw/GSE213621/fastq/SRR21622830_2.fastq.gz	PAIRED
SRR21622831	GSM6589946	Fibrosis_F2			Liver	liver cells	/gpfs/commons/groups/sanjana_lab/Cas13/MASLD_library_design/RNA-seq/Human/Patient_Cohorts/data/raw/GSE213621/fastq/SRR21622831_1.fastq.gz	/gpfs/commons/groups/sanjana_lab/Cas13/MASLD_library_design/RNA-seq/Human/Patient_Cohorts/data/raw/GSE213621/fastq/SRR21622831_2.fastq.gz	PAIRED
SRR21622837	GSM6589952	Control			Liver	liver cells	/gpfs/commons/groups/sanjana_lab/Cas13/MASLD_library_design/RNA-seq/Human/Patient_Cohorts/data/raw/GSE213621/fastq/SRR21622837_1.fastq.gz	/gpfs/commons/groups/sanjana_lab/Cas13/MASLD_library_design/RNA-seq/Human/Patient_Cohorts/data/raw/GSE213621/fastq/SRR21622837_2.fastq.gz	PAIRED
SRR21622841	GSM6589956	Control			Liver	liver cells	/gpfs/commons/groups/sanjana_lab/Cas13/MASLD_library_design/RNA-seq/Human/Patient_Cohorts/data/raw/GSE213621/fastq/SRR21622841_1.fastq.gz	/gpfs/commons/groups/sanjana_lab/Cas13/MASLD_library_design/RNA-seq/Human/Patient_Cohorts/data/raw/GSE213621/fastq/SRR21622841_2.fastq.gz	PAIRED
SRR21622842	GSM6589957	Fibrosis_F2			Liver	liver cells	/gpfs/commons/groups/sanjana_lab/Cas13/MASLD_library_design/RNA-seq/Human/Patient_Cohorts/data/raw/GSE213621/fastq/SRR21622842_1.fastq.gz	/gpfs/commons/groups/sanjana_lab/Cas13/MASLD_library_design/RNA-seq/Human/Patient_Cohorts/data/raw/GSE213621/fastq/SRR21622842_2.fastq.gz	PAIRED
SRR21622844	GSM6589959	Fibrosis_F2			Liver	liver cells	/gpfs/commons/groups/sanjana_lab/Cas13/MASLD_library_design/RNA-seq/Human/Patient_Cohorts/data/raw/GSE213621/fastq/SRR21622844_1.fastq.gz	/gpfs/commons/groups/sanjana_lab/Cas13/MASLD_library_design/RNA-seq/Human/Patient_Cohorts/data/raw/GSE213621/fastq/SRR21622844_2.fastq.gz	PAIRED
SRR21622846	GSM6589961	Control			Liver	liver cells	/gpfs/commons/groups/sanjana_lab/Cas13/MASLD_library_design/RNA-seq/Human/Patient_Cohorts/data/raw/GSE213621/fastq/SRR21622846_1.fastq.gz	/gpfs/commons/groups/sanjana_lab/Cas13/MASLD_library_design/RNA-seq/Human/Patient_Cohorts/data/raw/GSE213621/fastq/SRR21622846_2.fastq.gz	PAIRED
SRR21622847	GSM6589962	Fibrosis_F2			Liver	liver cells	/gpfs/commons/groups/sanjana_lab/Cas13/MASLD_library_design/RNA-seq/Human/Patient_Cohorts/data/raw/GSE213621/fastq/SRR21622847_1.fastq.gz	/gpfs/commons/groups/sanjana_lab/Cas13/MASLD_library_design/RNA-seq/Human/Patient_Cohorts/data/raw/GSE213621/fastq/SRR21622847_2.fastq.gz	PAIRED
SRR21622848	GSM6589963	Control			Liver	liver cells	/gpfs/commons/groups/sanjana_lab/Cas13/MASLD_library_design/RNA-seq/Human/Patient_Cohorts/data/raw/GSE213621/fastq/SRR21622848_1.fastq.gz	/gpfs/commons/groups/sanjana_lab/Cas13/MASLD_library_design/RNA-seq/Human/Patient_Cohorts/data/raw/GSE213621/fastq/SRR21622848_2.fastq.gz	PAIRED
SRR21622849	GSM6589964	Fibrosis_F2			Liver	liver cells	/gpfs/commons/groups/sanjana_lab/Cas13/MASLD_library_design/RNA-seq/Human/Patient_Cohorts/data/raw/GSE213621/fastq/SRR21622849_1.fastq.gz	/gpfs/commons/groups/sanjana_lab/Cas13/MASLD_library_design/RNA-seq/Human/Patient_Cohorts/data/raw/GSE213621/fastq/SRR21622849_2.fastq.gz	PAIRED
SRR21622850	GSM6589965	Control			Liver	liver cells	/gpfs/commons/groups/sanjana_lab/Cas13/MASLD_library_design/RNA-seq/Human/Patient_Cohorts/data/raw/GSE213621/fastq/SRR21622850_1.fastq.gz	/gpfs/commons/groups/sanjana_lab/Cas13/MASLD_library_design/RNA-seq/Human/Patient_Cohorts/data/raw/GSE213621/fastq/SRR21622850_2.fastq.gz	PAIRED
SRR21622851	GSM6589966	Fibrosis_F0F1			Liver	liver cells	/gpfs/commons/groups/sanjana_lab/Cas13/MASLD_library_design/RNA-seq/Human/Patient_Cohorts/data/raw/GSE213621/fastq/SRR21622851_1.fastq.gz	/gpfs/commons/groups/sanjana_lab/Cas13/MASLD_library_design/RNA-seq/Human/Patient_Cohorts/data/raw/GSE213621/fastq/SRR21622851_2.fastq.gz	PAIRED
SRR21622854	GSM6589969	Control			Liver	liver cells	/gpfs/commons/groups/sanjana_lab/Cas13/MASLD_library_design/RNA-seq/Human/Patient_Cohorts/data/raw/GSE213621/fastq/SRR21622854_1.fastq.gz	/gpfs/commons/groups/sanjana_lab/Cas13/MASLD_library_design/RNA-seq/Human/Patient_Cohorts/data/raw/GSE213621/fastq/SRR21622854_2.fastq.gz	PAIRED
SRR21622855	GSM6589970	Fibrosis_F2			Liver	liver cells	/gpfs/commons/groups/sanjana_lab/Cas13/MASLD_library_design/RNA-seq/Human/Patient_Cohorts/data/raw/GSE213621/fastq/SRR21622855_1.fastq.gz	/gpfs/commons/groups/sanjana_lab/Cas13/MASLD_library_design/RNA-seq/Human/Patient_Cohorts/data/raw/GSE213621/fastq/SRR21622855_2.fastq.gz	PAIRED
SRR21622856	GSM6589971	Control			Liver	liver cells	/gpfs/commons/groups/sanjana_lab/Cas13/MASLD_library_design/RNA-seq/Human/Patient_Cohorts/data/raw/GSE213621/fastq/SRR21622856_1.fastq.gz	/gpfs/commons/groups/sanjana_lab/Cas13/MASLD_library_design/RNA-seq/Human/Patient_Cohorts/data/raw/GSE213621/fastq/SRR21622856_2.fastq.gz	PAIRED
SRR21622857	GSM6589972	Fibrosis_F2			Liver	liver cells	/gpfs/commons/groups/sanjana_lab/Cas13/MASLD_library_design/RNA-seq/Human/Patient_Cohorts/data/raw/GSE213621/fastq/SRR21622857_1.fastq.gz	/gpfs/commons/groups/sanjana_lab/Cas13/MASLD_library_design/RNA-seq/Human/Patient_Cohorts/data/raw/GSE213621/fastq/SRR21622857_2.fastq.gz	PAIRED
SRR21622858	GSM6589973	Control			Liver	liver cells	/gpfs/commons/groups/sanjana_lab/Cas13/MASLD_library_design/RNA-seq/Human/Patient_Cohorts/data/raw/GSE213621/fastq/SRR21622858_1.fastq.gz	/gpfs/commons/groups/sanjana_lab/Cas13/MASLD_library_design/RNA-seq/Human/Patient_Cohorts/data/raw/GSE213621/fastq/SRR21622858_2.fastq.gz	PAIRED
SRR21622868	GSM6589983	Control			Liver	liver cells	/gpfs/commons/groups/sanjana_lab/Cas13/MASLD_library_design/RNA-seq/Human/Patient_Cohorts/data/raw/GSE213621/fastq/SRR21622868_1.fastq.gz	/gpfs/commons/groups/sanjana_lab/Cas13/MASLD_library_design/RNA-seq/Human/Patient_Cohorts/data/raw/GSE213621/fastq/SRR21622868_2.fastq.gz	PAIRED
SRR21622869	GSM6589984	Fibrosis_F0F1			Liver	liver cells	/gpfs/commons/groups/sanjana_lab/Cas13/MASLD_library_design/RNA-seq/Human/Patient_Cohorts/data/raw/GSE213621/fastq/SRR21622869_1.fastq.gz	/gpfs/commons/groups/sanjana_lab/Cas13/MASLD_library_design/RNA-seq/Human/Patient_Cohorts/data/raw/GSE213621/fastq/SRR21622869_2.fastq.gz	PAIRED
SRR21622870	GSM6589985	Fibrosis_F2			Liver	liver cells	/gpfs/commons/groups/sanjana_lab/Cas13/MASLD_library_design/RNA-seq/Human/Patient_Cohorts/data/raw/GSE213621/fastq/SRR21622870_1.fastq.gz	/gpfs/commons/groups/sanjana_lab/Cas13/MASLD_library_design/RNA-seq/Human/Patient_Cohorts/data/raw/GSE213621/fastq/SRR21622870_2.fastq.gz	PAIRED
SRR21622871	GSM6589986	Fibrosis_F2			Liver	liver cells	/gpfs/commons/groups/sanjana_lab/Cas13/MASLD_library_design/RNA-seq/Human/Patient_Cohorts/data/raw/GSE213621/fastq/SRR21622871_1.fastq.gz	/gpfs/commons/groups/sanjana_lab/Cas13/MASLD_library_design/RNA-seq/Human/Patient_Cohorts/data/raw/GSE213621/fastq/SRR21622871_2.fastq.gz	PAIRED
SRR21622872	GSM6589987	Fibrosis_F2			Liver	liver cells	/gpfs/commons/groups/sanjana_lab/Cas13/MASLD_library_design/RNA-seq/Human/Patient_Cohorts/data/raw/GSE213621/fastq/SRR21622872_1.fastq.gz	/gpfs/commons/groups/sanjana_lab/Cas13/MASLD_library_design/RNA-seq/Human/Patient_Cohorts/data/raw/GSE213621/fastq/SRR21622872_2.fastq.gz	PAIRED
SRR21622873	GSM6589988	Fibrosis_F0F1			Liver	liver cells	/gpfs/commons/groups/sanjana_lab/Cas13/MASLD_library_design/RNA-seq/Human/Patient_Cohorts/data/raw/GSE213621/fastq/SRR21622873_1.fastq.gz	/gpfs/commons/groups/sanjana_lab/Cas13/MASLD_library_design/RNA-seq/Human/Patient_Cohorts/data/raw/GSE213621/fastq/SRR21622873_2.fastq.gz	PAIRED
SRR21622876	GSM6589991	Fibrosis_F0F1			Liver	liver cells	/gpfs/commons/groups/sanjana_lab/Cas13/MASLD_library_design/RNA-seq/Human/Patient_Cohorts/data/raw/GSE213621/fastq/SRR21622876_1.fastq.gz	/gpfs/commons/groups/sanjana_lab/Cas13/MASLD_library_design/RNA-seq/Human/Patient_Cohorts/data/raw/GSE213621/fastq/SRR21622876_2.fastq.gz	PAIRED
SRR21622877	GSM6589992	Fibrosis_F2			Liver	liver cells	/gpfs/commons/groups/sanjana_lab/Cas13/MASLD_library_design/RNA-seq/Human/Patient_Cohorts/data/raw/GSE213621/fastq/SRR21622877_1.fastq.gz	/gpfs/commons/groups/sanjana_lab/Cas13/MASLD_library_design/RNA-seq/Human/Patient_Cohorts/data/raw/GSE213621/fastq/SRR21622877_2.fastq.gz	PAIRED
SRR21622878	GSM6589993	Fibrosis_F0F1			Liver	liver cells	/gpfs/commons/groups/sanjana_lab/Cas13/MASLD_library_design/RNA-seq/Human/Patient_Cohorts/data/raw/GSE213621/fastq/SRR21622878_1.fastq.gz	/gpfs/commons/groups/sanjana_lab/Cas13/MASLD_library_design/RNA-seq/Human/Patient_Cohorts/data/raw/GSE213621/fastq/SRR21622878_2.fastq.gz	PAIRED
SRR21622879	GSM6589994	Fibrosis_F2			Liver	liver cells	/gpfs/commons/groups/sanjana_lab/Cas13/MASLD_library_design/RNA-seq/Human/Patient_Cohorts/data/raw/GSE213621/fastq/SRR21622879_1.fastq.gz	/gpfs/commons/groups/sanjana_lab/Cas13/MASLD_library_design/RNA-seq/Human/Patient_Cohorts/data/raw/GSE213621/fastq/SRR21622879_2.fastq.gz	PAIRED
SRR21622880	GSM6589995	Fibrosis_F2			Liver	liver cells	/gpfs/commons/groups/sanjana_lab/Cas13/MASLD_library_design/RNA-seq/Human/Patient_Cohorts/data/raw/GSE213621/fastq/SRR21622880_1.fastq.gz	/gpfs/commons/groups/sanjana_lab/Cas13/MASLD_library_design/RNA-seq/Human/Patient_Cohorts/data/raw/GSE213621/fastq/SRR21622880_2.fastq.gz	PAIRED
SRR21622881	GSM6589996	Control			Liver	liver cells	/gpfs/commons/groups/sanjana_lab/Cas13/MASLD_library_design/RNA-seq/Human/Patient_Cohorts/data/raw/GSE213621/fastq/SRR21622881_1.fastq.gz	/gpfs/commons/groups/sanjana_lab/Cas13/MASLD_library_design/RNA-seq/Human/Patient_Cohorts/data/raw/GSE213621/fastq/SRR21622881_2.fastq.gz	PAIRED
SRR21622882	GSM6589997	Control			Liver	liver cells	/gpfs/commons/groups/sanjana_lab/Cas13/MASLD_library_design/RNA-seq/Human/Patient_Cohorts/data/raw/GSE213621/fastq/SRR21622882_1.fastq.gz	/gpfs/commons/groups/sanjana_lab/Cas13/MASLD_library_design/RNA-seq/Human/Patient_Cohorts/data/raw/GSE213621/fastq/SRR21622882_2.fastq.gz	PAIRED
SRR21622883	GSM6589998	Control			Liver	liver cells	/gpfs/commons/groups/sanjana_lab/Cas13/MASLD_library_design/RNA-seq/Human/Patient_Cohorts/data/raw/GSE213621/fastq/SRR21622883_1.fastq.gz	/gpfs/commons/groups/sanjana_lab/Cas13/MASLD_library_design/RNA-seq/Human/Patient_Cohorts/data/raw/GSE213621/fastq/SRR21622883_2.fastq.gz	PAIRED
SRR21622884	GSM6589999	Control			Liver	liver cells	/gpfs/commons/groups/sanjana_lab/Cas13/MASLD_library_design/RNA-seq/Human/Patient_Cohorts/data/raw/GSE213621/fastq/SRR21622884_1.fastq.gz	/gpfs/commons/groups/sanjana_lab/Cas13/MASLD_library_design/RNA-seq/Human/Patient_Cohorts/data/raw/GSE213621/fastq/SRR21622884_2.fastq.gz	PAIRED
SRR21622885	GSM6590000	Fibrosis_F3F4			Liver	liver cells	/gpfs/commons/groups/sanjana_lab/Cas13/MASLD_library_design/RNA-seq/Human/Patient_Cohorts/data/raw/GSE213621/fastq/SRR21622885_1.fastq.gz	/gpfs/commons/groups/sanjana_lab/Cas13/MASLD_library_design/RNA-seq/Human/Patient_Cohorts/data/raw/GSE213621/fastq/SRR21622885_2.fastq.gz	PAIRED
SRR21622886	GSM6590001	Fibrosis_F2			Liver	liver cells	/gpfs/commons/groups/sanjana_lab/Cas13/MASLD_library_design/RNA-seq/Human/Patient_Cohorts/data/raw/GSE213621/fastq/SRR21622886_1.fastq.gz	/gpfs/commons/groups/sanjana_lab/Cas13/MASLD_library_design/RNA-seq/Human/Patient_Cohorts/data/raw/GSE213621/fastq/SRR21622886_2.fastq.gz	PAIRED
SRR21622887	GSM6590002	Fibrosis_F2			Liver	liver cells	/gpfs/commons/groups/sanjana_lab/Cas13/MASLD_library_design/RNA-seq/Human/Patient_Cohorts/data/raw/GSE213621/fastq/SRR21622887_1.fastq.gz	/gpfs/commons/groups/sanjana_lab/Cas13/MASLD_library_design/RNA-seq/Human/Patient_Cohorts/data/raw/GSE213621/fastq/SRR21622887_2.fastq.gz	PAIRED
SRR21622888	GSM6590003	Fibrosis_F0F1			Liver	liver cells	/gpfs/commons/groups/sanjana_lab/Cas13/MASLD_library_design/RNA-seq/Human/Patient_Cohorts/data/raw/GSE213621/fastq/SRR21622888_1.fastq.gz	/gpfs/commons/groups/sanjana_lab/Cas13/MASLD_library_design/RNA-seq/Human/Patient_Cohorts/data/raw/GSE213621/fastq/SRR21622888_2.fastq.gz	PAIRED
SRR21622889	GSM6590004	Control			Liver	liver cells	/gpfs/commons/groups/sanjana_lab/Cas13/MASLD_library_design/RNA-seq/Human/Patient_Cohorts/data/raw/GSE213621/fastq/SRR21622889_1.fastq.gz	/gpfs/commons/groups/sanjana_lab/Cas13/MASLD_library_design/RNA-seq/Human/Patient_Cohorts/data/raw/GSE213621/fastq/SRR21622889_2.fastq.gz	PAIRED
SRR21622890	GSM6590005	Fibrosis_F3F4			Liver	liver cells	/gpfs/commons/groups/sanjana_lab/Cas13/MASLD_library_design/RNA-seq/Human/Patient_Cohorts/data/raw/GSE213621/fastq/SRR21622890_1.fastq.gz	/gpfs/commons/groups/sanjana_lab/Cas13/MASLD_library_design/RNA-seq/Human/Patient_Cohorts/data/raw/GSE213621/fastq/SRR21622890_2.fastq.gz	PAIRED
SRR21622893	GSM6590008	Fibrosis_F0F1			Liver	liver cells	/gpfs/commons/groups/sanjana_lab/Cas13/MASLD_library_design/RNA-seq/Human/Patient_Cohorts/data/raw/GSE213621/fastq/SRR21622893_1.fastq.gz	/gpfs/commons/groups/sanjana_lab/Cas13/MASLD_library_design/RNA-seq/Human/Patient_Cohorts/data/raw/GSE213621/fastq/SRR21622893_2.fastq.gz	PAIRED
SRR21622894	GSM6590009	Fibrosis_F2			Liver	liver cells	/gpfs/commons/groups/sanjana_lab/Cas13/MASLD_library_design/RNA-seq/Human/Patient_Cohorts/data/raw/GSE213621/fastq/SRR21622894_1.fastq.gz	/gpfs/commons/groups/sanjana_lab/Cas13/MASLD_library_design/RNA-seq/Human/Patient_Cohorts/data/raw/GSE213621/fastq/SRR21622894_2.fastq.gz	PAIRED
SRR21622897	GSM6590012	Fibrosis_F3F4			Liver	liver cells	/gpfs/commons/groups/sanjana_lab/Cas13/MASLD_library_design/RNA-seq/Human/Patient_Cohorts/data/raw/GSE213621/fastq/SRR21622897_1.fastq.gz	/gpfs/commons/groups/sanjana_lab/Cas13/MASLD_library_design/RNA-seq/Human/Patient_Cohorts/data/raw/GSE213621/fastq/SRR21622897_2.fastq.gz	PAIRED
SRR21622898	GSM6590013	Control			Liver	liver cells	/gpfs/commons/groups/sanjana_lab/Cas13/MASLD_library_design/RNA-seq/Human/Patient_Cohorts/data/raw/GSE213621/fastq/SRR21622898_1.fastq.gz	/gpfs/commons/groups/sanjana_lab/Cas13/MASLD_library_design/RNA-seq/Human/Patient_Cohorts/data/raw/GSE213621/fastq/SRR21622898_2.fastq.gz	PAIRED
SRR21622899	GSM6590014	Control			Liver	liver cells	/gpfs/commons/groups/sanjana_lab/Cas13/MASLD_library_design/RNA-seq/Human/Patient_Cohorts/data/raw/GSE213621/fastq/SRR21622899_1.fastq.gz	/gpfs/commons/groups/sanjana_lab/Cas13/MASLD_library_design/RNA-seq/Human/Patient_Cohorts/data/raw/GSE213621/fastq/SRR21622899_2.fastq.gz	PAIRED
SRR21622901	GSM6590016	Control			Liver	liver cells	/gpfs/commons/groups/sanjana_lab/Cas13/MASLD_library_design/RNA-seq/Human/Patient_Cohorts/data/raw/GSE213621/fastq/SRR21622901_1.fastq.gz	/gpfs/commons/groups/sanjana_lab/Cas13/MASLD_library_design/RNA-seq/Human/Patient_Cohorts/data/raw/GSE213621/fastq/SRR21622901_2.fastq.gz	PAIRED
SRR21622902	GSM6590017	Fibrosis_F3F4			Liver	liver cells	/gpfs/commons/groups/sanjana_lab/Cas13/MASLD_library_design/RNA-seq/Human/Patient_Cohorts/data/raw/GSE213621/fastq/SRR21622902_1.fastq.gz	/gpfs/commons/groups/sanjana_lab/Cas13/MASLD_library_design/RNA-seq/Human/Patient_Cohorts/data/raw/GSE213621/fastq/SRR21622902_2.fastq.gz	PAIRED
SRR21622903	GSM6590018	Fibrosis_F0F1			Liver	liver cells	/gpfs/commons/groups/sanjana_lab/Cas13/MASLD_library_design/RNA-seq/Human/Patient_Cohorts/data/raw/GSE213621/fastq/SRR21622903_1.fastq.gz	/gpfs/commons/groups/sanjana_lab/Cas13/MASLD_library_design/RNA-seq/Human/Patient_Cohorts/data/raw/GSE213621/fastq/SRR21622903_2.fastq.gz	PAIRED
SRR21622904	GSM6590019	Fibrosis_F0F1			Liver	liver cells	/gpfs/commons/groups/sanjana_lab/Cas13/MASLD_library_design/RNA-seq/Human/Patient_Cohorts/data/raw/GSE213621/fastq/SRR21622904_1.fastq.gz	/gpfs/commons/groups/sanjana_lab/Cas13/MASLD_library_design/RNA-seq/Human/Patient_Cohorts/data/raw/GSE213621/fastq/SRR21622904_2.fastq.gz	PAIRED
SRR21622905	GSM6590020	Control			Liver	liver cells	/gpfs/commons/groups/sanjana_lab/Cas13/MASLD_library_design/RNA-seq/Human/Patient_Cohorts/data/raw/GSE213621/fastq/SRR21622905_1.fastq.gz	/gpfs/commons/groups/sanjana_lab/Cas13/MASLD_library_design/RNA-seq/Human/Patient_Cohorts/data/raw/GSE213621/fastq/SRR21622905_2.fastq.gz	PAIRED
SRR21622906	GSM6590021	Control			Liver	liver cells	/gpfs/commons/groups/sanjana_lab/Cas13/MASLD_library_design/RNA-seq/Human/Patient_Cohorts/data/raw/GSE213621/fastq/SRR21622906_1.fastq.gz	/gpfs/commons/groups/sanjana_lab/Cas13/MASLD_library_design/RNA-seq/Human/Patient_Cohorts/data/raw/GSE213621/fastq/SRR21622906_2.fastq.gz	PAIRED
SRR21622907	GSM6590022	Control			Liver	liver cells	/gpfs/commons/groups/sanjana_lab/Cas13/MASLD_library_design/RNA-seq/Human/Patient_Cohorts/data/raw/GSE213621/fastq/SRR21622907_1.fastq.gz	/gpfs/commons/groups/sanjana_lab/Cas13/MASLD_library_design/RNA-seq/Human/Patient_Cohorts/data/raw/GSE213621/fastq/SRR21622907_2.fastq.gz	PAIRED
SRR21622910	GSM6590025	Fibrosis_F0F1			Liver	liver cells	/gpfs/commons/groups/sanjana_lab/Cas13/MASLD_library_design/RNA-seq/Human/Patient_Cohorts/data/raw/GSE213621/fastq/SRR21622910_1.fastq.gz	/gpfs/commons/groups/sanjana_lab/Cas13/MASLD_library_design/RNA-seq/Human/Patient_Cohorts/data/raw/GSE213621/fastq/SRR21622910_2.fastq.gz	PAIRED
SRR21622911	GSM6590026	Fibrosis_F0F1			Liver	liver cells	/gpfs/commons/groups/sanjana_lab/Cas13/MASLD_library_design/RNA-seq/Human/Patient_Cohorts/data/raw/GSE213621/fastq/SRR21622911_1.fastq.gz	/gpfs/commons/groups/sanjana_lab/Cas13/MASLD_library_design/RNA-seq/Human/Patient_Cohorts/data/raw/GSE213621/fastq/SRR21622911_2.fastq.gz	PAIRED
SRR21622912	GSM6590027	Fibrosis_F3F4			Liver	liver cells	/gpfs/commons/groups/sanjana_lab/Cas13/MASLD_library_design/RNA-seq/Human/Patient_Cohorts/data/raw/GSE213621/fastq/SRR21622912_1.fastq.gz	/gpfs/commons/groups/sanjana_lab/Cas13/MASLD_library_design/RNA-seq/Human/Patient_Cohorts/data/raw/GSE213621/fastq/SRR21622912_2.fastq.gz	PAIRED
SRR21622913	GSM6590028	Fibrosis_F0F1			Liver	liver cells	/gpfs/commons/groups/sanjana_lab/Cas13/MASLD_library_design/RNA-seq/Human/Patient_Cohorts/data/raw/GSE213621/fastq/SRR21622913_1.fastq.gz	/gpfs/commons/groups/sanjana_lab/Cas13/MASLD_library_design/RNA-seq/Human/Patient_Cohorts/data/raw/GSE213621/fastq/SRR21622913_2.fastq.gz	PAIRED
SRR21622914	GSM6590029	Control			Liver	liver cells	/gpfs/commons/groups/sanjana_lab/Cas13/MASLD_library_design/RNA-seq/Human/Patient_Cohorts/data/raw/GSE213621/fastq/SRR21622914_1.fastq.gz	/gpfs/commons/groups/sanjana_lab/Cas13/MASLD_library_design/RNA-seq/Human/Patient_Cohorts/data/raw/GSE213621/fastq/SRR21622914_2.fastq.gz	PAIRED
SRR21622915	GSM6590030	Fibrosis_F3F4			Liver	liver cells	/gpfs/commons/groups/sanjana_lab/Cas13/MASLD_library_design/RNA-seq/Human/Patient_Cohorts/data/raw/GSE213621/fastq/SRR21622915_1.fastq.gz	/gpfs/commons/groups/sanjana_lab/Cas13/MASLD_library_design/RNA-seq/Human/Patient_Cohorts/data/raw/GSE213621/fastq/SRR21622915_2.fastq.gz	PAIRED
SRR21622916	GSM6590031	Fibrosis_F3F4			Liver	liver cells	/gpfs/commons/groups/sanjana_lab/Cas13/MASLD_library_design/RNA-seq/Human/Patient_Cohorts/data/raw/GSE213621/fastq/SRR21622916_1.fastq.gz	/gpfs/commons/groups/sanjana_lab/Cas13/MASLD_library_design/RNA-seq/Human/Patient_Cohorts/data/raw/GSE213621/fastq/SRR21622916_2.fastq.gz	PAIRED
SRR21622917	GSM6590032	Fibrosis_F2			Liver	liver cells	/gpfs/commons/groups/sanjana_lab/Cas13/MASLD_library_design/RNA-seq/Human/Patient_Cohorts/data/raw/GSE213621/fastq/SRR21622917_1.fastq.gz	/gpfs/commons/groups/sanjana_lab/Cas13/MASLD_library_design/RNA-seq/Human/Patient_Cohorts/data/raw/GSE213621/fastq/SRR21622917_2.fastq.gz	PAIRED
SRR21622918	GSM6590033	Fibrosis_F3F4			Liver	liver cells	/gpfs/commons/groups/sanjana_lab/Cas13/MASLD_library_design/RNA-seq/Human/Patient_Cohorts/data/raw/GSE213621/fastq/SRR21622918_1.fastq.gz	/gpfs/commons/groups/sanjana_lab/Cas13/MASLD_library_design/RNA-seq/Human/Patient_Cohorts/data/raw/GSE213621/fastq/SRR21622918_2.fastq.gz	PAIRED
SRR21622919	GSM6590034	Fibrosis_F2			Liver	liver cells	/gpfs/commons/groups/sanjana_lab/Cas13/MASLD_library_design/RNA-seq/Human/Patient_Cohorts/data/raw/GSE213621/fastq/SRR21622919_1.fastq.gz	/gpfs/commons/groups/sanjana_lab/Cas13/MASLD_library_design/RNA-seq/Human/Patient_Cohorts/data/raw/GSE213621/fastq/SRR21622919_2.fastq.gz	PAIRED
SRR21622922	GSM6590037	Fibrosis_F2			Liver	liver cells	/gpfs/commons/groups/sanjana_lab/Cas13/MASLD_library_design/RNA-seq/Human/Patient_Cohorts/data/raw/GSE213621/fastq/SRR21622922_1.fastq.gz	/gpfs/commons/groups/sanjana_lab/Cas13/MASLD_library_design/RNA-seq/Human/Patient_Cohorts/data/raw/GSE213621/fastq/SRR21622922_2.fastq.gz	PAIRED
SRR21622923	GSM6590038	Fibrosis_F2			Liver	liver cells	/gpfs/commons/groups/sanjana_lab/Cas13/MASLD_library_design/RNA-seq/Human/Patient_Cohorts/data/raw/GSE213621/fastq/SRR21622923_1.fastq.gz	/gpfs/commons/groups/sanjana_lab/Cas13/MASLD_library_design/RNA-seq/Human/Patient_Cohorts/data/raw/GSE213621/fastq/SRR21622923_2.fastq.gz	PAIRED
SRR21622924	GSM6590039	Fibrosis_F3F4			Liver	liver cells	/gpfs/commons/groups/sanjana_lab/Cas13/MASLD_library_design/RNA-seq/Human/Patient_Cohorts/data/raw/GSE213621/fastq/SRR21622924_1.fastq.gz	/gpfs/commons/groups/sanjana_lab/Cas13/MASLD_library_design/RNA-seq/Human/Patient_Cohorts/data/raw/GSE213621/fastq/SRR21622924_2.fastq.gz	PAIRED
SRR21622925	GSM6590040	Fibrosis_F3F4			Liver	liver cells	/gpfs/commons/groups/sanjana_lab/Cas13/MASLD_library_design/RNA-seq/Human/Patient_Cohorts/data/raw/GSE213621/fastq/SRR21622925_1.fastq.gz	/gpfs/commons/groups/sanjana_lab/Cas13/MASLD_library_design/RNA-seq/Human/Patient_Cohorts/data/raw/GSE213621/fastq/SRR21622925_2.fastq.gz	PAIRED
SRR21622926	GSM6590041	Fibrosis_F2			Liver	liver cells	/gpfs/commons/groups/sanjana_lab/Cas13/MASLD_library_design/RNA-seq/Human/Patient_Cohorts/data/raw/GSE213621/fastq/SRR21622926_1.fastq.gz	/gpfs/commons/groups/sanjana_lab/Cas13/MASLD_library_design/RNA-seq/Human/Patient_Cohorts/data/raw/GSE213621/fastq/SRR21622926_2.fastq.gz	PAIRED
SRR21622927	GSM6590042	Fibrosis_F2			Liver	liver cells	/gpfs/commons/groups/sanjana_lab/Cas13/MASLD_library_design/RNA-seq/Human/Patient_Cohorts/data/raw/GSE213621/fastq/SRR21622927_1.fastq.gz	/gpfs/commons/groups/sanjana_lab/Cas13/MASLD_library_design/RNA-seq/Human/Patient_Cohorts/data/raw/GSE213621/fastq/SRR21622927_2.fastq.gz	PAIRED
SRR21622929	GSM6590044	Fibrosis_F0F1			Liver	liver cells	/gpfs/commons/groups/sanjana_lab/Cas13/MASLD_library_design/RNA-seq/Human/Patient_Cohorts/data/raw/GSE213621/fastq/SRR21622929_1.fastq.gz	/gpfs/commons/groups/sanjana_lab/Cas13/MASLD_library_design/RNA-seq/Human/Patient_Cohorts/data/raw/GSE213621/fastq/SRR21622929_2.fastq.gz	PAIRED
SRR21622930	GSM6590045	Control			Liver	liver cells	/gpfs/commons/groups/sanjana_lab/Cas13/MASLD_library_design/RNA-seq/Human/Patient_Cohorts/data/raw/GSE213621/fastq/SRR21622930_1.fastq.gz	/gpfs/commons/groups/sanjana_lab/Cas13/MASLD_library_design/RNA-seq/Human/Patient_Cohorts/data/raw/GSE213621/fastq/SRR21622930_2.fastq.gz	PAIRED
SRR21622931	GSM6590046	Fibrosis_F0F1			Liver	liver cells	/gpfs/commons/groups/sanjana_lab/Cas13/MASLD_library_design/RNA-seq/Human/Patient_Cohorts/data/raw/GSE213621/fastq/SRR21622931_1.fastq.gz	/gpfs/commons/groups/sanjana_lab/Cas13/MASLD_library_design/RNA-seq/Human/Patient_Cohorts/data/raw/GSE213621/fastq/SRR21622931_2.fastq.gz	PAIRED
SRR21622932	GSM6590047	Control			Liver	liver cells	/gpfs/commons/groups/sanjana_lab/Cas13/MASLD_library_design/RNA-seq/Human/Patient_Cohorts/data/raw/GSE213621/fastq/SRR21622932_1.fastq.gz	/gpfs/commons/groups/sanjana_lab/Cas13/MASLD_library_design/RNA-seq/Human/Patient_Cohorts/data/raw/GSE213621/fastq/SRR21622932_2.fastq.gz	PAIRED
SRR21622933	GSM6590048	Control			Liver	liver cells	/gpfs/commons/groups/sanjana_lab/Cas13/MASLD_library_design/RNA-seq/Human/Patient_Cohorts/data/raw/GSE213621/fastq/SRR21622933_1.fastq.gz	/gpfs/commons/groups/sanjana_lab/Cas13/MASLD_library_design/RNA-seq/Human/Patient_Cohorts/data/raw/GSE213621/fastq/SRR21622933_2.fastq.gz	PAIRED
SRR21622934	GSM6590049	Fibrosis_F0F1			Liver	liver cells	/gpfs/commons/groups/sanjana_lab/Cas13/MASLD_library_design/RNA-seq/Human/Patient_Cohorts/data/raw/GSE213621/fastq/SRR21622934_1.fastq.gz	/gpfs/commons/groups/sanjana_lab/Cas13/MASLD_library_design/RNA-seq/Human/Patient_Cohorts/data/raw/GSE213621/fastq/SRR21622934_2.fastq.gz	PAIRED
SRR21622935	GSM6590050	Control			Liver	liver cells	/gpfs/commons/groups/sanjana_lab/Cas13/MASLD_library_design/RNA-seq/Human/Patient_Cohorts/data/raw/GSE213621/fastq/SRR21622935_1.fastq.gz	/gpfs/commons/groups/sanjana_lab/Cas13/MASLD_library_design/RNA-seq/Human/Patient_Cohorts/data/raw/GSE213621/fastq/SRR21622935_2.fastq.gz	PAIRED
SRR21622936	GSM6590051	Fibrosis_F0F1			Liver	liver cells	/gpfs/commons/groups/sanjana_lab/Cas13/MASLD_library_design/RNA-seq/Human/Patient_Cohorts/data/raw/GSE213621/fastq/SRR21622936_1.fastq.gz	/gpfs/commons/groups/sanjana_lab/Cas13/MASLD_library_design/RNA-seq/Human/Patient_Cohorts/data/raw/GSE213621/fastq/SRR21622936_2.fastq.gz	PAIRED
SRR21622939	GSM6590054	Fibrosis_F0F1			Liver	liver cells	/gpfs/commons/groups/sanjana_lab/Cas13/MASLD_library_design/RNA-seq/Human/Patient_Cohorts/data/raw/GSE213621/fastq/SRR21622939_1.fastq.gz	/gpfs/commons/groups/sanjana_lab/Cas13/MASLD_library_design/RNA-seq/Human/Patient_Cohorts/data/raw/GSE213621/fastq/SRR21622939_2.fastq.gz	PAIRED
SRR21622940	GSM6590055	Control			Liver	liver cells	/gpfs/commons/groups/sanjana_lab/Cas13/MASLD_library_design/RNA-seq/Human/Patient_Cohorts/data/raw/GSE213621/fastq/SRR21622940_1.fastq.gz	/gpfs/commons/groups/sanjana_lab/Cas13/MASLD_library_design/RNA-seq/Human/Patient_Cohorts/data/raw/GSE213621/fastq/SRR21622940_2.fastq.gz	PAIRED
SRR21622941	GSM6590056	Fibrosis_F0F1			Liver	liver cells	/gpfs/commons/groups/sanjana_lab/Cas13/MASLD_library_design/RNA-seq/Human/Patient_Cohorts/data/raw/GSE213621/fastq/SRR21622941_1.fastq.gz	/gpfs/commons/groups/sanjana_lab/Cas13/MASLD_library_design/RNA-seq/Human/Patient_Cohorts/data/raw/GSE213621/fastq/SRR21622941_2.fastq.gz	PAIRED
SRR21622942	GSM6590057	Fibrosis_F3F4			Liver	liver cells	/gpfs/commons/groups/sanjana_lab/Cas13/MASLD_library_design/RNA-seq/Human/Patient_Cohorts/data/raw/GSE213621/fastq/SRR21622942_1.fastq.gz	/gpfs/commons/groups/sanjana_lab/Cas13/MASLD_library_design/RNA-seq/Human/Patient_Cohorts/data/raw/GSE213621/fastq/SRR21622942_2.fastq.gz	PAIRED
SRR21622943	GSM6590058	Fibrosis_F0F1			Liver	liver cells	/gpfs/commons/groups/sanjana_lab/Cas13/MASLD_library_design/RNA-seq/Human/Patient_Cohorts/data/raw/GSE213621/fastq/SRR21622943_1.fastq.gz	/gpfs/commons/groups/sanjana_lab/Cas13/MASLD_library_design/RNA-seq/Human/Patient_Cohorts/data/raw/GSE213621/fastq/SRR21622943_2.fastq.gz	PAIRED
SRR21622945	GSM6590060	Control			Liver	liver cells	/gpfs/commons/groups/sanjana_lab/Cas13/MASLD_library_design/RNA-seq/Human/Patient_Cohorts/data/raw/GSE213621/fastq/SRR21622945_1.fastq.gz	/gpfs/commons/groups/sanjana_lab/Cas13/MASLD_library_design/RNA-seq/Human/Patient_Cohorts/data/raw/GSE213621/fastq/SRR21622945_2.fastq.gz	PAIRED
SRR21622946	GSM6590061	Control			Liver	liver cells	/gpfs/commons/groups/sanjana_lab/Cas13/MASLD_library_design/RNA-seq/Human/Patient_Cohorts/data/raw/GSE213621/fastq/SRR21622946_1.fastq.gz	/gpfs/commons/groups/sanjana_lab/Cas13/MASLD_library_design/RNA-seq/Human/Patient_Cohorts/data/raw/GSE213621/fastq/SRR21622946_2.fastq.gz	PAIRED
SRR21622949	GSM6590064	Fibrosis_F2			Liver	liver cells	/gpfs/commons/groups/sanjana_lab/Cas13/MASLD_library_design/RNA-seq/Human/Patient_Cohorts/data/raw/GSE213621/fastq/SRR21622949_1.fastq.gz	/gpfs/commons/groups/sanjana_lab/Cas13/MASLD_library_design/RNA-seq/Human/Patient_Cohorts/data/raw/GSE213621/fastq/SRR21622949_2.fastq.gz	PAIRED
SRR21622950	GSM6590065	Fibrosis_F3F4			Liver	liver cells	/gpfs/commons/groups/sanjana_lab/Cas13/MASLD_library_design/RNA-seq/Human/Patient_Cohorts/data/raw/GSE213621/fastq/SRR21622950_1.fastq.gz	/gpfs/commons/groups/sanjana_lab/Cas13/MASLD_library_design/RNA-seq/Human/Patient_Cohorts/data/raw/GSE213621/fastq/SRR21622950_2.fastq.gz	PAIRED
SRR21622951	GSM6590066	Fibrosis_F0F1			Liver	liver cells	/gpfs/commons/groups/sanjana_lab/Cas13/MASLD_library_design/RNA-seq/Human/Patient_Cohorts/data/raw/GSE213621/fastq/SRR21622951_1.fastq.gz	/gpfs/commons/groups/sanjana_lab/Cas13/MASLD_library_design/RNA-seq/Human/Patient_Cohorts/data/raw/GSE213621/fastq/SRR21622951_2.fastq.gz	PAIRED
SRR21622954	GSM6590069	Fibrosis_F3F4			Liver	liver cells	/gpfs/commons/groups/sanjana_lab/Cas13/MASLD_library_design/RNA-seq/Human/Patient_Cohorts/data/raw/GSE213621/fastq/SRR21622954_1.fastq.gz	/gpfs/commons/groups/sanjana_lab/Cas13/MASLD_library_design/RNA-seq/Human/Patient_Cohorts/data/raw/GSE213621/fastq/SRR21622954_2.fastq.gz	PAIRED
SRR21622955	GSM6590070	Control			Liver	liver cells	/gpfs/commons/groups/sanjana_lab/Cas13/MASLD_library_design/RNA-seq/Human/Patient_Cohorts/data/raw/GSE213621/fastq/SRR21622955_1.fastq.gz	/gpfs/commons/groups/sanjana_lab/Cas13/MASLD_library_design/RNA-seq/Human/Patient_Cohorts/data/raw/GSE213621/fastq/SRR21622955_2.fastq.gz	PAIRED
SRR21622956	GSM6590071	Fibrosis_F0F1			Liver	liver cells	/gpfs/commons/groups/sanjana_lab/Cas13/MASLD_library_design/RNA-seq/Human/Patient_Cohorts/data/raw/GSE213621/fastq/SRR21622956_1.fastq.gz	/gpfs/commons/groups/sanjana_lab/Cas13/MASLD_library_design/RNA-seq/Human/Patient_Cohorts/data/raw/GSE213621/fastq/SRR21622956_2.fastq.gz	PAIRED
SRR21622957	GSM6590072	Control			Liver	liver cells	/gpfs/commons/groups/sanjana_lab/Cas13/MASLD_library_design/RNA-seq/Human/Patient_Cohorts/data/raw/GSE213621/fastq/SRR21622957_1.fastq.gz	/gpfs/commons/groups/sanjana_lab/Cas13/MASLD_library_design/RNA-seq/Human/Patient_Cohorts/data/raw/GSE213621/fastq/SRR21622957_2.fastq.gz	PAIRED
SRR21622958	GSM6590073	Fibrosis_F2			Liver	liver cells	/gpfs/commons/groups/sanjana_lab/Cas13/MASLD_library_design/RNA-seq/Human/Patient_Cohorts/data/raw/GSE213621/fastq/SRR21622958_1.fastq.gz	/gpfs/commons/groups/sanjana_lab/Cas13/MASLD_library_design/RNA-seq/Human/Patient_Cohorts/data/raw/GSE213621/fastq/SRR21622958_2.fastq.gz	PAIRED
SRR21622967	GSM6590082	Control			Liver	liver cells	/gpfs/commons/groups/sanjana_lab/Cas13/MASLD_library_design/RNA-seq/Human/Patient_Cohorts/data/raw/GSE213621/fastq/SRR21622967_1.fastq.gz	/gpfs/commons/groups/sanjana_lab/Cas13/MASLD_library_design/RNA-seq/Human/Patient_Cohorts/data/raw/GSE213621/fastq/SRR21622967_2.fastq.gz	PAIRED
SRR21622968	GSM6590083	Fibrosis_F2			Liver	liver cells	/gpfs/commons/groups/sanjana_lab/Cas13/MASLD_library_design/RNA-seq/Human/Patient_Cohorts/data/raw/GSE213621/fastq/SRR21622968_1.fastq.gz	/gpfs/commons/groups/sanjana_lab/Cas13/MASLD_library_design/RNA-seq/Human/Patient_Cohorts/data/raw/GSE213621/fastq/SRR21622968_2.fastq.gz	PAIRED
SRR21622969	GSM6590084	Control			Liver	liver cells	/gpfs/commons/groups/sanjana_lab/Cas13/MASLD_library_design/RNA-seq/Human/Patient_Cohorts/data/raw/GSE213621/fastq/SRR21622969_1.fastq.gz	/gpfs/commons/groups/sanjana_lab/Cas13/MASLD_library_design/RNA-seq/Human/Patient_Cohorts/data/raw/GSE213621/fastq/SRR21622969_2.fastq.gz	PAIRED
SRR21622975	GSM6590090	Fibrosis_F3F4			Liver	liver cells	/gpfs/commons/groups/sanjana_lab/Cas13/MASLD_library_design/RNA-seq/Human/Patient_Cohorts/data/raw/GSE213621/fastq/SRR21622975_1.fastq.gz	/gpfs/commons/groups/sanjana_lab/Cas13/MASLD_library_design/RNA-seq/Human/Patient_Cohorts/data/raw/GSE213621/fastq/SRR21622975_2.fastq.gz	PAIRED
SRR21622976	GSM6590091	Fibrosis_F0F1			Liver	liver cells	/gpfs/commons/groups/sanjana_lab/Cas13/MASLD_library_design/RNA-seq/Human/Patient_Cohorts/data/raw/GSE213621/fastq/SRR21622976_1.fastq.gz	/gpfs/commons/groups/sanjana_lab/Cas13/MASLD_library_design/RNA-seq/Human/Patient_Cohorts/data/raw/GSE213621/fastq/SRR21622976_2.fastq.gz	PAIRED
SRR21622977	GSM6590092	Fibrosis_F2			Liver	liver cells	/gpfs/commons/groups/sanjana_lab/Cas13/MASLD_library_design/RNA-seq/Human/Patient_Cohorts/data/raw/GSE213621/fastq/SRR21622977_1.fastq.gz	/gpfs/commons/groups/sanjana_lab/Cas13/MASLD_library_design/RNA-seq/Human/Patient_Cohorts/data/raw/GSE213621/fastq/SRR21622977_2.fastq.gz	PAIRED
SRR21622981	GSM6590096	Fibrosis_F3F4			Liver	liver cells	/gpfs/commons/groups/sanjana_lab/Cas13/MASLD_library_design/RNA-seq/Human/Patient_Cohorts/data/raw/GSE213621/fastq/SRR21622981_1.fastq.gz	/gpfs/commons/groups/sanjana_lab/Cas13/MASLD_library_design/RNA-seq/Human/Patient_Cohorts/data/raw/GSE213621/fastq/SRR21622981_2.fastq.gz	PAIRED
SRR21622982	GSM6590097	Control			Liver	liver cells	/gpfs/commons/groups/sanjana_lab/Cas13/MASLD_library_design/RNA-seq/Human/Patient_Cohorts/data/raw/GSE213621/fastq/SRR21622982_1.fastq.gz	/gpfs/commons/groups/sanjana_lab/Cas13/MASLD_library_design/RNA-seq/Human/Patient_Cohorts/data/raw/GSE213621/fastq/SRR21622982_2.fastq.gz	PAIRED
SRR21622983	GSM6590098	Fibrosis_F3F4			Liver	liver cells	/gpfs/commons/groups/sanjana_lab/Cas13/MASLD_library_design/RNA-seq/Human/Patient_Cohorts/data/raw/GSE213621/fastq/SRR21622983_1.fastq.gz	/gpfs/commons/groups/sanjana_lab/Cas13/MASLD_library_design/RNA-seq/Human/Patient_Cohorts/data/raw/GSE213621/fastq/SRR21622983_2.fastq.gz	PAIRED
SRR21622985	GSM6590100	Fibrosis_F0F1			Liver	liver cells	/gpfs/commons/groups/sanjana_lab/Cas13/MASLD_library_design/RNA-seq/Human/Patient_Cohorts/data/raw/GSE213621/fastq/SRR21622985_1.fastq.gz	/gpfs/commons/groups/sanjana_lab/Cas13/MASLD_library_design/RNA-seq/Human/Patient_Cohorts/data/raw/GSE213621/fastq/SRR21622985_2.fastq.gz	PAIRED
SRR21622986	GSM6590101	Fibrosis_F2			Liver	liver cells	/gpfs/commons/groups/sanjana_lab/Cas13/MASLD_library_design/RNA-seq/Human/Patient_Cohorts/data/raw/GSE213621/fastq/SRR21622986_1.fastq.gz	/gpfs/commons/groups/sanjana_lab/Cas13/MASLD_library_design/RNA-seq/Human/Patient_Cohorts/data/raw/GSE213621/fastq/SRR21622986_2.fastq.gz	PAIRED
SRR21622987	GSM6590102	Fibrosis_F3F4			Liver	liver cells	/gpfs/commons/groups/sanjana_lab/Cas13/MASLD_library_design/RNA-seq/Human/Patient_Cohorts/data/raw/GSE213621/fastq/SRR21622987_1.fastq.gz	/gpfs/commons/groups/sanjana_lab/Cas13/MASLD_library_design/RNA-seq/Human/Patient_Cohorts/data/raw/GSE213621/fastq/SRR21622987_2.fastq.gz	PAIRED
SRR21622988	GSM6590103	Control			Liver	liver cells	/gpfs/commons/groups/sanjana_lab/Cas13/MASLD_library_design/RNA-seq/Human/Patient_Cohorts/data/raw/GSE213621/fastq/SRR21622988_1.fastq.gz	/gpfs/commons/groups/sanjana_lab/Cas13/MASLD_library_design/RNA-seq/Human/Patient_Cohorts/data/raw/GSE213621/fastq/SRR21622988_2.fastq.gz	PAIRED
SRR21622989	GSM6590104	Fibrosis_F2			Liver	liver cells	/gpfs/commons/groups/sanjana_lab/Cas13/MASLD_library_design/RNA-seq/Human/Patient_Cohorts/data/raw/GSE213621/fastq/SRR21622989_1.fastq.gz	/gpfs/commons/groups/sanjana_lab/Cas13/MASLD_library_design/RNA-seq/Human/Patient_Cohorts/data/raw/GSE213621/fastq/SRR21622989_2.fastq.gz	PAIRED
SRR21622990	GSM6590105	Fibrosis_F3F4			Liver	liver cells	/gpfs/commons/groups/sanjana_lab/Cas13/MASLD_library_design/RNA-seq/Human/Patient_Cohorts/data/raw/GSE213621/fastq/SRR21622990_1.fastq.gz	/gpfs/commons/groups/sanjana_lab/Cas13/MASLD_library_design/RNA-seq/Human/Patient_Cohorts/data/raw/GSE213621/fastq/SRR21622990_2.fastq.gz	PAIRED
SRR21622991	GSM6590106	Fibrosis_F2			Liver	liver cells	/gpfs/commons/groups/sanjana_lab/Cas13/MASLD_library_design/RNA-seq/Human/Patient_Cohorts/data/raw/GSE213621/fastq/SRR21622991_1.fastq.gz	/gpfs/commons/groups/sanjana_lab/Cas13/MASLD_library_design/RNA-seq/Human/Patient_Cohorts/data/raw/GSE213621/fastq/SRR21622991_2.fastq.gz	PAIRED
SRR21622992	GSM6590107	Control			Liver	liver cells	/gpfs/commons/groups/sanjana_lab/Cas13/MASLD_library_design/RNA-seq/Human/Patient_Cohorts/data/raw/GSE213621/fastq/SRR21622992_1.fastq.gz	/gpfs/commons/groups/sanjana_lab/Cas13/MASLD_library_design/RNA-seq/Human/Patient_Cohorts/data/raw/GSE213621/fastq/SRR21622992_2.fastq.gz	PAIRED
SRR21622993	GSM6590108	Control			Liver	liver cells	/gpfs/commons/groups/sanjana_lab/Cas13/MASLD_library_design/RNA-seq/Human/Patient_Cohorts/data/raw/GSE213621/fastq/SRR21622993_1.fastq.gz	/gpfs/commons/groups/sanjana_lab/Cas13/MASLD_library_design/RNA-seq/Human/Patient_Cohorts/data/raw/GSE213621/fastq/SRR21622993_2.fastq.gz	PAIRED
SRR21622994	GSM6590109	Fibrosis_F0F1			Liver	liver cells	/gpfs/commons/groups/sanjana_lab/Cas13/MASLD_library_design/RNA-seq/Human/Patient_Cohorts/data/raw/GSE213621/fastq/SRR21622994_1.fastq.gz	/gpfs/commons/groups/sanjana_lab/Cas13/MASLD_library_design/RNA-seq/Human/Patient_Cohorts/data/raw/GSE213621/fastq/SRR21622994_2.fastq.gz	PAIRED
SRR21622995	GSM6590110	Fibrosis_F2			Liver	liver cells	/gpfs/commons/groups/sanjana_lab/Cas13/MASLD_library_design/RNA-seq/Human/Patient_Cohorts/data/raw/GSE213621/fastq/SRR21622995_1.fastq.gz	/gpfs/commons/groups/sanjana_lab/Cas13/MASLD_library_design/RNA-seq/Human/Patient_Cohorts/data/raw/GSE213621/fastq/SRR21622995_2.fastq.gz	PAIRED
SRR21622996	GSM6590111	Fibrosis_F2			Liver	liver cells	/gpfs/commons/groups/sanjana_lab/Cas13/MASLD_library_design/RNA-seq/Human/Patient_Cohorts/data/raw/GSE213621/fastq/SRR21622996_1.fastq.gz	/gpfs/commons/groups/sanjana_lab/Cas13/MASLD_library_design/RNA-seq/Human/Patient_Cohorts/data/raw/GSE213621/fastq/SRR21622996_2.fastq.gz	PAIRED
SRR21622997	GSM6590112	Fibrosis_F0F1			Liver	liver cells	/gpfs/commons/groups/sanjana_lab/Cas13/MASLD_library_design/RNA-seq/Human/Patient_Cohorts/data/raw/GSE213621/fastq/SRR21622997_1.fastq.gz	/gpfs/commons/groups/sanjana_lab/Cas13/MASLD_library_design/RNA-seq/Human/Patient_Cohorts/data/raw/GSE213621/fastq/SRR21622997_2.fastq.gz	PAIRED
SRR21622999	GSM6590114	Fibrosis_F2			Liver	liver cells	/gpfs/commons/groups/sanjana_lab/Cas13/MASLD_library_design/RNA-seq/Human/Patient_Cohorts/data/raw/GSE213621/fastq/SRR21622999_1.fastq.gz	/gpfs/commons/groups/sanjana_lab/Cas13/MASLD_library_design/RNA-seq/Human/Patient_Cohorts/data/raw/GSE213621/fastq/SRR21622999_2.fastq.gz	PAIRED
SRR21623000	GSM6590115	Fibrosis_F3F4			Liver	liver cells	/gpfs/commons/groups/sanjana_lab/Cas13/MASLD_library_design/RNA-seq/Human/Patient_Cohorts/data/raw/GSE213621/fastq/SRR21623000_1.fastq.gz	/gpfs/commons/groups/sanjana_lab/Cas13/MASLD_library_design/RNA-seq/Human/Patient_Cohorts/data/raw/GSE213621/fastq/SRR21623000_2.fastq.gz	PAIRED
SRR21623001	GSM6590116	Fibrosis_F0F1			Liver	liver cells	/gpfs/commons/groups/sanjana_lab/Cas13/MASLD_library_design/RNA-seq/Human/Patient_Cohorts/data/raw/GSE213621/fastq/SRR21623001_1.fastq.gz	/gpfs/commons/groups/sanjana_lab/Cas13/MASLD_library_design/RNA-seq/Human/Patient_Cohorts/data/raw/GSE213621/fastq/SRR21623001_2.fastq.gz	PAIRED
SRR21623002	GSM6590117	Fibrosis_F0F1			Liver	liver cells	/gpfs/commons/groups/sanjana_lab/Cas13/MASLD_library_design/RNA-seq/Human/Patient_Cohorts/data/raw/GSE213621/fastq/SRR21623002_1.fastq.gz	/gpfs/commons/groups/sanjana_lab/Cas13/MASLD_library_design/RNA-seq/Human/Patient_Cohorts/data/raw/GSE213621/fastq/SRR21623002_2.fastq.gz	PAIRED
SRR21623003	GSM6590118	Control			Liver	liver cells	/gpfs/commons/groups/sanjana_lab/Cas13/MASLD_library_design/RNA-seq/Human/Patient_Cohorts/data/raw/GSE213621/fastq/SRR21623003_1.fastq.gz	/gpfs/commons/groups/sanjana_lab/Cas13/MASLD_library_design/RNA-seq/Human/Patient_Cohorts/data/raw/GSE213621/fastq/SRR21623003_2.fastq.gz	PAIRED
SRR21623004	GSM6590119	Fibrosis_F2			Liver	liver cells	/gpfs/commons/groups/sanjana_lab/Cas13/MASLD_library_design/RNA-seq/Human/Patient_Cohorts/data/raw/GSE213621/fastq/SRR21623004_1.fastq.gz	/gpfs/commons/groups/sanjana_lab/Cas13/MASLD_library_design/RNA-seq/Human/Patient_Cohorts/data/raw/GSE213621/fastq/SRR21623004_2.fastq.gz	PAIRED
SRR21623006	GSM6590121	Fibrosis_F2			Liver	liver cells	/gpfs/commons/groups/sanjana_lab/Cas13/MASLD_library_design/RNA-seq/Human/Patient_Cohorts/data/raw/GSE213621/fastq/SRR21623006_1.fastq.gz	/gpfs/commons/groups/sanjana_lab/Cas13/MASLD_library_design/RNA-seq/Human/Patient_Cohorts/data/raw/GSE213621/fastq/SRR21623006_2.fastq.gz	PAIRED
SRR21623007	GSM6590122	Fibrosis_F3F4			Liver	liver cells	/gpfs/commons/groups/sanjana_lab/Cas13/MASLD_library_design/RNA-seq/Human/Patient_Cohorts/data/raw/GSE213621/fastq/SRR21623007_1.fastq.gz	/gpfs/commons/groups/sanjana_lab/Cas13/MASLD_library_design/RNA-seq/Human/Patient_Cohorts/data/raw/GSE213621/fastq/SRR21623007_2.fastq.gz	PAIRED
SRR21623008	GSM6590123	Fibrosis_F0F1			Liver	liver cells	/gpfs/commons/groups/sanjana_lab/Cas13/MASLD_library_design/RNA-seq/Human/Patient_Cohorts/data/raw/GSE213621/fastq/SRR21623008_1.fastq.gz	/gpfs/commons/groups/sanjana_lab/Cas13/MASLD_library_design/RNA-seq/Human/Patient_Cohorts/data/raw/GSE213621/fastq/SRR21623008_2.fastq.gz	PAIRED
SRR21623009	GSM6590124	Control			Liver	liver cells	/gpfs/commons/groups/sanjana_lab/Cas13/MASLD_library_design/RNA-seq/Human/Patient_Cohorts/data/raw/GSE213621/fastq/SRR21623009_1.fastq.gz	/gpfs/commons/groups/sanjana_lab/Cas13/MASLD_library_design/RNA-seq/Human/Patient_Cohorts/data/raw/GSE213621/fastq/SRR21623009_2.fastq.gz	PAIRED
SRR21623012	GSM6590127	Fibrosis_F2			Liver	liver cells	/gpfs/commons/groups/sanjana_lab/Cas13/MASLD_library_design/RNA-seq/Human/Patient_Cohorts/data/raw/GSE213621/fastq/SRR21623012_1.fastq.gz	/gpfs/commons/groups/sanjana_lab/Cas13/MASLD_library_design/RNA-seq/Human/Patient_Cohorts/data/raw/GSE213621/fastq/SRR21623012_2.fastq.gz	PAIRED
SRR21623013	GSM6590128	Control			Liver	liver cells	/gpfs/commons/groups/sanjana_lab/Cas13/MASLD_library_design/RNA-seq/Human/Patient_Cohorts/data/raw/GSE213621/fastq/SRR21623013_1.fastq.gz	/gpfs/commons/groups/sanjana_lab/Cas13/MASLD_library_design/RNA-seq/Human/Patient_Cohorts/data/raw/GSE213621/fastq/SRR21623013_2.fastq.gz	PAIRED
SRR21623014	GSM6590129	Fibrosis_F2			Liver	liver cells	/gpfs/commons/groups/sanjana_lab/Cas13/MASLD_library_design/RNA-seq/Human/Patient_Cohorts/data/raw/GSE213621/fastq/SRR21623014_1.fastq.gz	/gpfs/commons/groups/sanjana_lab/Cas13/MASLD_library_design/RNA-seq/Human/Patient_Cohorts/data/raw/GSE213621/fastq/SRR21623014_2.fastq.gz	PAIRED
SRR21623015	GSM6590130	Fibrosis_F3F4			Liver	liver cells	/gpfs/commons/groups/sanjana_lab/Cas13/MASLD_library_design/RNA-seq/Human/Patient_Cohorts/data/raw/GSE213621/fastq/SRR21623015_1.fastq.gz	/gpfs/commons/groups/sanjana_lab/Cas13/MASLD_library_design/RNA-seq/Human/Patient_Cohorts/data/raw/GSE213621/fastq/SRR21623015_2.fastq.gz	PAIRED
SRR21623018	GSM6590133	Fibrosis_F3F4			Liver	liver cells	/gpfs/commons/groups/sanjana_lab/Cas13/MASLD_library_design/RNA-seq/Human/Patient_Cohorts/data/raw/GSE213621/fastq/SRR21623018_1.fastq.gz	/gpfs/commons/groups/sanjana_lab/Cas13/MASLD_library_design/RNA-seq/Human/Patient_Cohorts/data/raw/GSE213621/fastq/SRR21623018_2.fastq.gz	PAIRED
SRR21623019	GSM6590134	Control			Liver	liver cells	/gpfs/commons/groups/sanjana_lab/Cas13/MASLD_library_design/RNA-seq/Human/Patient_Cohorts/data/raw/GSE213621/fastq/SRR21623019_1.fastq.gz	/gpfs/commons/groups/sanjana_lab/Cas13/MASLD_library_design/RNA-seq/Human/Patient_Cohorts/data/raw/GSE213621/fastq/SRR21623019_2.fastq.gz	PAIRED
SRR21623020	GSM6590135	Fibrosis_F2			Liver	liver cells	/gpfs/commons/groups/sanjana_lab/Cas13/MASLD_library_design/RNA-seq/Human/Patient_Cohorts/data/raw/GSE213621/fastq/SRR21623020_1.fastq.gz	/gpfs/commons/groups/sanjana_lab/Cas13/MASLD_library_design/RNA-seq/Human/Patient_Cohorts/data/raw/GSE213621/fastq/SRR21623020_2.fastq.gz	PAIRED
SRR21623021	GSM6590136	Fibrosis_F2			Liver	liver cells	/gpfs/commons/groups/sanjana_lab/Cas13/MASLD_library_design/RNA-seq/Human/Patient_Cohorts/data/raw/GSE213621/fastq/SRR21623021_1.fastq.gz	/gpfs/commons/groups/sanjana_lab/Cas13/MASLD_library_design/RNA-seq/Human/Patient_Cohorts/data/raw/GSE213621/fastq/SRR21623021_2.fastq.gz	PAIRED
SRR21623022	GSM6590137	Fibrosis_F3F4			Liver	liver cells	/gpfs/commons/groups/sanjana_lab/Cas13/MASLD_library_design/RNA-seq/Human/Patient_Cohorts/data/raw/GSE213621/fastq/SRR21623022_1.fastq.gz	/gpfs/commons/groups/sanjana_lab/Cas13/MASLD_library_design/RNA-seq/Human/Patient_Cohorts/data/raw/GSE213621/fastq/SRR21623022_2.fastq.gz	PAIRED
SRR21623023	GSM6590138	Fibrosis_F3F4			Liver	liver cells	/gpfs/commons/groups/sanjana_lab/Cas13/MASLD_library_design/RNA-seq/Human/Patient_Cohorts/data/raw/GSE213621/fastq/SRR21623023_1.fastq.gz	/gpfs/commons/groups/sanjana_lab/Cas13/MASLD_library_design/RNA-seq/Human/Patient_Cohorts/data/raw/GSE213621/fastq/SRR21623023_2.fastq.gz	PAIRED
SRR21623027	GSM6590142	Fibrosis_F3F4			Liver	liver cells	/gpfs/commons/groups/sanjana_lab/Cas13/MASLD_library_design/RNA-seq/Human/Patient_Cohorts/data/raw/GSE213621/fastq/SRR21623027_1.fastq.gz	/gpfs/commons/groups/sanjana_lab/Cas13/MASLD_library_design/RNA-seq/Human/Patient_Cohorts/data/raw/GSE213621/fastq/SRR21623027_2.fastq.gz	PAIRED
SRR21623028	GSM6590143	Fibrosis_F2			Liver	liver cells	/gpfs/commons/groups/sanjana_lab/Cas13/MASLD_library_design/RNA-seq/Human/Patient_Cohorts/data/raw/GSE213621/fastq/SRR21623028_1.fastq.gz	/gpfs/commons/groups/sanjana_lab/Cas13/MASLD_library_design/RNA-seq/Human/Patient_Cohorts/data/raw/GSE213621/fastq/SRR21623028_2.fastq.gz	PAIRED
SRR21623029	GSM6590144	Fibrosis_F0F1			Liver	liver cells	/gpfs/commons/groups/sanjana_lab/Cas13/MASLD_library_design/RNA-seq/Human/Patient_Cohorts/data/raw/GSE213621/fastq/SRR21623029_1.fastq.gz	/gpfs/commons/groups/sanjana_lab/Cas13/MASLD_library_design/RNA-seq/Human/Patient_Cohorts/data/raw/GSE213621/fastq/SRR21623029_2.fastq.gz	PAIRED
SRR21623033	GSM6590148	Fibrosis_F3F4			Liver	liver cells	/gpfs/commons/groups/sanjana_lab/Cas13/MASLD_library_design/RNA-seq/Human/Patient_Cohorts/data/raw/GSE213621/fastq/SRR21623033_1.fastq.gz	/gpfs/commons/groups/sanjana_lab/Cas13/MASLD_library_design/RNA-seq/Human/Patient_Cohorts/data/raw/GSE213621/fastq/SRR21623033_2.fastq.gz	PAIRED
SRR21623034	GSM6590149	Fibrosis_F3F4			Liver	liver cells	/gpfs/commons/groups/sanjana_lab/Cas13/MASLD_library_design/RNA-seq/Human/Patient_Cohorts/data/raw/GSE213621/fastq/SRR21623034_1.fastq.gz	/gpfs/commons/groups/sanjana_lab/Cas13/MASLD_library_design/RNA-seq/Human/Patient_Cohorts/data/raw/GSE213621/fastq/SRR21623034_2.fastq.gz	PAIRED
SRR21623035	GSM6590150	Fibrosis_F0F1			Liver	liver cells	/gpfs/commons/groups/sanjana_lab/Cas13/MASLD_library_design/RNA-seq/Human/Patient_Cohorts/data/raw/GSE213621/fastq/SRR21623035_1.fastq.gz	/gpfs/commons/groups/sanjana_lab/Cas13/MASLD_library_design/RNA-seq/Human/Patient_Cohorts/data/raw/GSE213621/fastq/SRR21623035_2.fastq.gz	PAIRED
SRR21623036	GSM6590151	Fibrosis_F3F4			Liver	liver cells	/gpfs/commons/groups/sanjana_lab/Cas13/MASLD_library_design/RNA-seq/Human/Patient_Cohorts/data/raw/GSE213621/fastq/SRR21623036_1.fastq.gz	/gpfs/commons/groups/sanjana_lab/Cas13/MASLD_library_design/RNA-seq/Human/Patient_Cohorts/data/raw/GSE213621/fastq/SRR21623036_2.fastq.gz	PAIRED
SRR21623037	GSM6590152	Fibrosis_F3F4			Liver	liver cells	/gpfs/commons/groups/sanjana_lab/Cas13/MASLD_library_design/RNA-seq/Human/Patient_Cohorts/data/raw/GSE213621/fastq/SRR21623037_1.fastq.gz	/gpfs/commons/groups/sanjana_lab/Cas13/MASLD_library_design/RNA-seq/Human/Patient_Cohorts/data/raw/GSE213621/fastq/SRR21623037_2.fastq.gz	PAIRED
SRR21623038	GSM6590153	Fibrosis_F0F1			Liver	liver cells	/gpfs/commons/groups/sanjana_lab/Cas13/MASLD_library_design/RNA-seq/Human/Patient_Cohorts/data/raw/GSE213621/fastq/SRR21623038_1.fastq.gz	/gpfs/commons/groups/sanjana_lab/Cas13/MASLD_library_design/RNA-seq/Human/Patient_Cohorts/data/raw/GSE213621/fastq/SRR21623038_2.fastq.gz	PAIRED
SRR21623039	GSM6590154	Fibrosis_F0F1			Liver	liver cells	/gpfs/commons/groups/sanjana_lab/Cas13/MASLD_library_design/RNA-seq/Human/Patient_Cohorts/data/raw/GSE213621/fastq/SRR21623039_1.fastq.gz	/gpfs/commons/groups/sanjana_lab/Cas13/MASLD_library_design/RNA-seq/Human/Patient_Cohorts/data/raw/GSE213621/fastq/SRR21623039_2.fastq.gz	PAIRED
SRR21623040	GSM6590155	Fibrosis_F0F1			Liver	liver cells	/gpfs/commons/groups/sanjana_lab/Cas13/MASLD_library_design/RNA-seq/Human/Patient_Cohorts/data/raw/GSE213621/fastq/SRR21623040_1.fastq.gz	/gpfs/commons/groups/sanjana_lab/Cas13/MASLD_library_design/RNA-seq/Human/Patient_Cohorts/data/raw/GSE213621/fastq/SRR21623040_2.fastq.gz	PAIRED
SRR21623041	GSM6590156	Fibrosis_F0F1			Liver	liver cells	/gpfs/commons/groups/sanjana_lab/Cas13/MASLD_library_design/RNA-seq/Human/Patient_Cohorts/data/raw/GSE213621/fastq/SRR21623041_1.fastq.gz	/gpfs/commons/groups/sanjana_lab/Cas13/MASLD_library_design/RNA-seq/Human/Patient_Cohorts/data/raw/GSE213621/fastq/SRR21623041_2.fastq.gz	PAIRED
SRR21623042	GSM6590157	Fibrosis_F3F4			Liver	liver cells	/gpfs/commons/groups/sanjana_lab/Cas13/MASLD_library_design/RNA-seq/Human/Patient_Cohorts/data/raw/GSE213621/fastq/SRR21623042_1.fastq.gz	/gpfs/commons/groups/sanjana_lab/Cas13/MASLD_library_design/RNA-seq/Human/Patient_Cohorts/data/raw/GSE213621/fastq/SRR21623042_2.fastq.gz	PAIRED
SRR21623043	GSM6590158	Fibrosis_F2			Liver	liver cells	/gpfs/commons/groups/sanjana_lab/Cas13/MASLD_library_design/RNA-seq/Human/Patient_Cohorts/data/raw/GSE213621/fastq/SRR21623043_1.fastq.gz	/gpfs/commons/groups/sanjana_lab/Cas13/MASLD_library_design/RNA-seq/Human/Patient_Cohorts/data/raw/GSE213621/fastq/SRR21623043_2.fastq.gz	PAIRED
SRR21623044	GSM6590159	Fibrosis_F3F4			Liver	liver cells	/gpfs/commons/groups/sanjana_lab/Cas13/MASLD_library_design/RNA-seq/Human/Patient_Cohorts/data/raw/GSE213621/fastq/SRR21623044_1.fastq.gz	/gpfs/commons/groups/sanjana_lab/Cas13/MASLD_library_design/RNA-seq/Human/Patient_Cohorts/data/raw/GSE213621/fastq/SRR21623044_2.fastq.gz	PAIRED
SRR21623045	GSM6590160	Fibrosis_F3F4			Liver	liver cells	/gpfs/commons/groups/sanjana_lab/Cas13/MASLD_library_design/RNA-seq/Human/Patient_Cohorts/data/raw/GSE213621/fastq/SRR21623045_1.fastq.gz	/gpfs/commons/groups/sanjana_lab/Cas13/MASLD_library_design/RNA-seq/Human/Patient_Cohorts/data/raw/GSE213621/fastq/SRR21623045_2.fastq.gz	PAIRED
SRR21623046	GSM6590161	Fibrosis_F3F4			Liver	liver cells	/gpfs/commons/groups/sanjana_lab/Cas13/MASLD_library_design/RNA-seq/Human/Patient_Cohorts/data/raw/GSE213621/fastq/SRR21623046_1.fastq.gz	/gpfs/commons/groups/sanjana_lab/Cas13/MASLD_library_design/RNA-seq/Human/Patient_Cohorts/data/raw/GSE213621/fastq/SRR21623046_2.fastq.gz	PAIRED
SRR21623047	GSM6590162	Fibrosis_F3F4			Liver	liver cells	/gpfs/commons/groups/sanjana_lab/Cas13/MASLD_library_design/RNA-seq/Human/Patient_Cohorts/data/raw/GSE213621/fastq/SRR21623047_1.fastq.gz	/gpfs/commons/groups/sanjana_lab/Cas13/MASLD_library_design/RNA-seq/Human/Patient_Cohorts/data/raw/GSE213621/fastq/SRR21623047_2.fastq.gz	PAIRED
SRR21623048	GSM6590163	Fibrosis_F2			Liver	liver cells	/gpfs/commons/groups/sanjana_lab/Cas13/MASLD_library_design/RNA-seq/Human/Patient_Cohorts/data/raw/GSE213621/fastq/SRR21623048_1.fastq.gz	/gpfs/commons/groups/sanjana_lab/Cas13/MASLD_library_design/RNA-seq/Human/Patient_Cohorts/data/raw/GSE213621/fastq/SRR21623048_2.fastq.gz	PAIRED
SRR21623049	GSM6590164	Control			Liver	liver cells	/gpfs/commons/groups/sanjana_lab/Cas13/MASLD_library_design/RNA-seq/Human/Patient_Cohorts/data/raw/GSE213621/fastq/SRR21623049_1.fastq.gz	/gpfs/commons/groups/sanjana_lab/Cas13/MASLD_library_design/RNA-seq/Human/Patient_Cohorts/data/raw/GSE213621/fastq/SRR21623049_2.fastq.gz	PAIRED
SRR21623052	GSM6590167	Fibrosis_F3F4			Liver	liver cells	/gpfs/commons/groups/sanjana_lab/Cas13/MASLD_library_design/RNA-seq/Human/Patient_Cohorts/data/raw/GSE213621/fastq/SRR21623052_1.fastq.gz	/gpfs/commons/groups/sanjana_lab/Cas13/MASLD_library_design/RNA-seq/Human/Patient_Cohorts/data/raw/GSE213621/fastq/SRR21623052_2.fastq.gz	PAIRED
SRR21623053	GSM6590168	Fibrosis_F3F4			Liver	liver cells	/gpfs/commons/groups/sanjana_lab/Cas13/MASLD_library_design/RNA-seq/Human/Patient_Cohorts/data/raw/GSE213621/fastq/SRR21623053_1.fastq.gz	/gpfs/commons/groups/sanjana_lab/Cas13/MASLD_library_design/RNA-seq/Human/Patient_Cohorts/data/raw/GSE213621/fastq/SRR21623053_2.fastq.gz	PAIRED
SRR21623054	GSM6590169	Fibrosis_F3F4			Liver	liver cells	/gpfs/commons/groups/sanjana_lab/Cas13/MASLD_library_design/RNA-seq/Human/Patient_Cohorts/data/raw/GSE213621/fastq/SRR21623054_1.fastq.gz	/gpfs/commons/groups/sanjana_lab/Cas13/MASLD_library_design/RNA-seq/Human/Patient_Cohorts/data/raw/GSE213621/fastq/SRR21623054_2.fastq.gz	PAIRED
SRR21623055	GSM6590170	Fibrosis_F2			Liver	liver cells	/gpfs/commons/groups/sanjana_lab/Cas13/MASLD_library_design/RNA-seq/Human/Patient_Cohorts/data/raw/GSE213621/fastq/SRR21623055_1.fastq.gz	/gpfs/commons/groups/sanjana_lab/Cas13/MASLD_library_design/RNA-seq/Human/Patient_Cohorts/data/raw/GSE213621/fastq/SRR21623055_2.fastq.gz	PAIRED
SRR21623056	GSM6590171	Control			Liver	liver cells	/gpfs/commons/groups/sanjana_lab/Cas13/MASLD_library_design/RNA-seq/Human/Patient_Cohorts/data/raw/GSE213621/fastq/SRR21623056_1.fastq.gz	/gpfs/commons/groups/sanjana_lab/Cas13/MASLD_library_design/RNA-seq/Human/Patient_Cohorts/data/raw/GSE213621/fastq/SRR21623056_2.fastq.gz	PAIRED
SRR21623059	GSM6590174	Fibrosis_F3F4			Liver	liver cells	/gpfs/commons/groups/sanjana_lab/Cas13/MASLD_library_design/RNA-seq/Human/Patient_Cohorts/data/raw/GSE213621/fastq/SRR21623059_1.fastq.gz	/gpfs/commons/groups/sanjana_lab/Cas13/MASLD_library_design/RNA-seq/Human/Patient_Cohorts/data/raw/GSE213621/fastq/SRR21623059_2.fastq.gz	PAIRED
SRR21623061	GSM6590176	Control			Liver	liver cells	/gpfs/commons/groups/sanjana_lab/Cas13/MASLD_library_design/RNA-seq/Human/Patient_Cohorts/data/raw/GSE213621/fastq/SRR21623061_1.fastq.gz	/gpfs/commons/groups/sanjana_lab/Cas13/MASLD_library_design/RNA-seq/Human/Patient_Cohorts/data/raw/GSE213621/fastq/SRR21623061_2.fastq.gz	PAIRED
SRR21623068	GSM6590183	Control			Liver	liver cells	/gpfs/commons/groups/sanjana_lab/Cas13/MASLD_library_design/RNA-seq/Human/Patient_Cohorts/data/raw/GSE213621/fastq/SRR21623068_1.fastq.gz	/gpfs/commons/groups/sanjana_lab/Cas13/MASLD_library_design/RNA-seq/Human/Patient_Cohorts/data/raw/GSE213621/fastq/SRR21623068_2.fastq.gz	PAIRED
SRR21623069	GSM6590184	Fibrosis_F3F4			Liver	liver cells	/gpfs/commons/groups/sanjana_lab/Cas13/MASLD_library_design/RNA-seq/Human/Patient_Cohorts/data/raw/GSE213621/fastq/SRR21623069_1.fastq.gz	/gpfs/commons/groups/sanjana_lab/Cas13/MASLD_library_design/RNA-seq/Human/Patient_Cohorts/data/raw/GSE213621/fastq/SRR21623069_2.fastq.gz	PAIRED
SRR21623073	GSM6590188	Fibrosis_F0F1			Liver	liver cells	/gpfs/commons/groups/sanjana_lab/Cas13/MASLD_library_design/RNA-seq/Human/Patient_Cohorts/data/raw/GSE213621/fastq/SRR21623073_1.fastq.gz	/gpfs/commons/groups/sanjana_lab/Cas13/MASLD_library_design/RNA-seq/Human/Patient_Cohorts/data/raw/GSE213621/fastq/SRR21623073_2.fastq.gz	PAIRED
SRR21623074	GSM6590189	Fibrosis_F2			Liver	liver cells	/gpfs/commons/groups/sanjana_lab/Cas13/MASLD_library_design/RNA-seq/Human/Patient_Cohorts/data/raw/GSE213621/fastq/SRR21623074_1.fastq.gz	/gpfs/commons/groups/sanjana_lab/Cas13/MASLD_library_design/RNA-seq/Human/Patient_Cohorts/data/raw/GSE213621/fastq/SRR21623074_2.fastq.gz	PAIRED
SRR21623075	GSM6590190	Fibrosis_F0F1			Liver	liver cells	/gpfs/commons/groups/sanjana_lab/Cas13/MASLD_library_design/RNA-seq/Human/Patient_Cohorts/data/raw/GSE213621/fastq/SRR21623075_1.fastq.gz	/gpfs/commons/groups/sanjana_lab/Cas13/MASLD_library_design/RNA-seq/Human/Patient_Cohorts/data/raw/GSE213621/fastq/SRR21623075_2.fastq.gz	PAIRED
SRR21623082	GSM6590197	Fibrosis_F0F1			Liver	liver cells	/gpfs/commons/groups/sanjana_lab/Cas13/MASLD_library_design/RNA-seq/Human/Patient_Cohorts/data/raw/GSE213621/fastq/SRR21623082_1.fastq.gz	/gpfs/commons/groups/sanjana_lab/Cas13/MASLD_library_design/RNA-seq/Human/Patient_Cohorts/data/raw/GSE213621/fastq/SRR21623082_2.fastq.gz	PAIRED
SRR21623083	GSM6590198	Fibrosis_F0F1			Liver	liver cells	/gpfs/commons/groups/sanjana_lab/Cas13/MASLD_library_design/RNA-seq/Human/Patient_Cohorts/data/raw/GSE213621/fastq/SRR21623083_1.fastq.gz	/gpfs/commons/groups/sanjana_lab/Cas13/MASLD_library_design/RNA-seq/Human/Patient_Cohorts/data/raw/GSE213621/fastq/SRR21623083_2.fastq.gz	PAIRED
SRR21623084	GSM6590199	Fibrosis_F0F1			Liver	liver cells	/gpfs/commons/groups/sanjana_lab/Cas13/MASLD_library_design/RNA-seq/Human/Patient_Cohorts/data/raw/GSE213621/fastq/SRR21623084_1.fastq.gz	/gpfs/commons/groups/sanjana_lab/Cas13/MASLD_library_design/RNA-seq/Human/Patient_Cohorts/data/raw/GSE213621/fastq/SRR21623084_2.fastq.gz	PAIRED
SRR21623085	GSM6590200	Fibrosis_F2			Liver	liver cells	/gpfs/commons/groups/sanjana_lab/Cas13/MASLD_library_design/RNA-seq/Human/Patient_Cohorts/data/raw/GSE213621/fastq/SRR21623085_1.fastq.gz	/gpfs/commons/groups/sanjana_lab/Cas13/MASLD_library_design/RNA-seq/Human/Patient_Cohorts/data/raw/GSE213621/fastq/SRR21623085_2.fastq.gz	PAIRED
SRR21623086	GSM6590201	Fibrosis_F3F4			Liver	liver cells	/gpfs/commons/groups/sanjana_lab/Cas13/MASLD_library_design/RNA-seq/Human/Patient_Cohorts/data/raw/GSE213621/fastq/SRR21623086_1.fastq.gz	/gpfs/commons/groups/sanjana_lab/Cas13/MASLD_library_design/RNA-seq/Human/Patient_Cohorts/data/raw/GSE213621/fastq/SRR21623086_2.fastq.gz	PAIRED
SRR21623087	GSM6590202	Control			Liver	liver cells	/gpfs/commons/groups/sanjana_lab/Cas13/MASLD_library_design/RNA-seq/Human/Patient_Cohorts/data/raw/GSE213621/fastq/SRR21623087_1.fastq.gz	/gpfs/commons/groups/sanjana_lab/Cas13/MASLD_library_design/RNA-seq/Human/Patient_Cohorts/data/raw/GSE213621/fastq/SRR21623087_2.fastq.gz	PAIRED
SRR21623093	GSM6590208	Control			Liver	liver cells	/gpfs/commons/groups/sanjana_lab/Cas13/MASLD_library_design/RNA-seq/Human/Patient_Cohorts/data/raw/GSE213621/fastq/SRR21623093_1.fastq.gz	/gpfs/commons/groups/sanjana_lab/Cas13/MASLD_library_design/RNA-seq/Human/Patient_Cohorts/data/raw/GSE213621/fastq/SRR21623093_2.fastq.gz	PAIRED
SRR21623094	GSM6590209	Fibrosis_F2			Liver	liver cells	/gpfs/commons/groups/sanjana_lab/Cas13/MASLD_library_design/RNA-seq/Human/Patient_Cohorts/data/raw/GSE213621/fastq/SRR21623094_1.fastq.gz	/gpfs/commons/groups/sanjana_lab/Cas13/MASLD_library_design/RNA-seq/Human/Patient_Cohorts/data/raw/GSE213621/fastq/SRR21623094_2.fastq.gz	PAIRED
SRR21623095	GSM6590210	Fibrosis_F0F1			Liver	liver cells	/gpfs/commons/groups/sanjana_lab/Cas13/MASLD_library_design/RNA-seq/Human/Patient_Cohorts/data/raw/GSE213621/fastq/SRR21623095_1.fastq.gz	/gpfs/commons/groups/sanjana_lab/Cas13/MASLD_library_design/RNA-seq/Human/Patient_Cohorts/data/raw/GSE213621/fastq/SRR21623095_2.fastq.gz	PAIRED
SRR21623096	GSM6590211	Fibrosis_F0F1			Liver	liver cells	/gpfs/commons/groups/sanjana_lab/Cas13/MASLD_library_design/RNA-seq/Human/Patient_Cohorts/data/raw/GSE213621/fastq/SRR21623096_1.fastq.gz	/gpfs/commons/groups/sanjana_lab/Cas13/MASLD_library_design/RNA-seq/Human/Patient_Cohorts/data/raw/GSE213621/fastq/SRR21623096_2.fastq.gz	PAIRED
SRR21623097	GSM6590212	Fibrosis_F0F1			Liver	liver cells	/gpfs/commons/groups/sanjana_lab/Cas13/MASLD_library_design/RNA-seq/Human/Patient_Cohorts/data/raw/GSE213621/fastq/SRR21623097_1.fastq.gz	/gpfs/commons/groups/sanjana_lab/Cas13/MASLD_library_design/RNA-seq/Human/Patient_Cohorts/data/raw/GSE213621/fastq/SRR21623097_2.fastq.gz	PAIRED
SRR21623101	GSM6590216	Fibrosis_F3F4			Liver	liver cells	/gpfs/commons/groups/sanjana_lab/Cas13/MASLD_library_design/RNA-seq/Human/Patient_Cohorts/data/raw/GSE213621/fastq/SRR21623101_1.fastq.gz	/gpfs/commons/groups/sanjana_lab/Cas13/MASLD_library_design/RNA-seq/Human/Patient_Cohorts/data/raw/GSE213621/fastq/SRR21623101_2.fastq.gz	PAIRED
SRR21623102	GSM6590217	Fibrosis_F0F1			Liver	liver cells	/gpfs/commons/groups/sanjana_lab/Cas13/MASLD_library_design/RNA-seq/Human/Patient_Cohorts/data/raw/GSE213621/fastq/SRR21623102_1.fastq.gz	/gpfs/commons/groups/sanjana_lab/Cas13/MASLD_library_design/RNA-seq/Human/Patient_Cohorts/data/raw/GSE213621/fastq/SRR21623102_2.fastq.gz	PAIRED
SRR21623103	GSM6590218	Fibrosis_F3F4			Liver	liver cells	/gpfs/commons/groups/sanjana_lab/Cas13/MASLD_library_design/RNA-seq/Human/Patient_Cohorts/data/raw/GSE213621/fastq/SRR21623103_1.fastq.gz	/gpfs/commons/groups/sanjana_lab/Cas13/MASLD_library_design/RNA-seq/Human/Patient_Cohorts/data/raw/GSE213621/fastq/SRR21623103_2.fastq.gz	PAIRED
SRR21623104	GSM6590219	Fibrosis_F0F1			Liver	liver cells	/gpfs/commons/groups/sanjana_lab/Cas13/MASLD_library_design/RNA-seq/Human/Patient_Cohorts/data/raw/GSE213621/fastq/SRR21623104_1.fastq.gz	/gpfs/commons/groups/sanjana_lab/Cas13/MASLD_library_design/RNA-seq/Human/Patient_Cohorts/data/raw/GSE213621/fastq/SRR21623104_2.fastq.gz	PAIRED
SRR21623105	GSM6590220	Fibrosis_F2			Liver	liver cells	/gpfs/commons/groups/sanjana_lab/Cas13/MASLD_library_design/RNA-seq/Human/Patient_Cohorts/data/raw/GSE213621/fastq/SRR21623105_1.fastq.gz	/gpfs/commons/groups/sanjana_lab/Cas13/MASLD_library_design/RNA-seq/Human/Patient_Cohorts/data/raw/GSE213621/fastq/SRR21623105_2.fastq.gz	PAIRED
SRR21623107	GSM6590222	Fibrosis_F0F1			Liver	liver cells	/gpfs/commons/groups/sanjana_lab/Cas13/MASLD_library_design/RNA-seq/Human/Patient_Cohorts/data/raw/GSE213621/fastq/SRR21623107_1.fastq.gz	/gpfs/commons/groups/sanjana_lab/Cas13/MASLD_library_design/RNA-seq/Human/Patient_Cohorts/data/raw/GSE213621/fastq/SRR21623107_2.fastq.gz	PAIRED
SRR21623112	GSM6590227	Fibrosis_F0F1			Liver	liver cells	/gpfs/commons/groups/sanjana_lab/Cas13/MASLD_library_design/RNA-seq/Human/Patient_Cohorts/data/raw/GSE213621/fastq/SRR21623112_1.fastq.gz	/gpfs/commons/groups/sanjana_lab/Cas13/MASLD_library_design/RNA-seq/Human/Patient_Cohorts/data/raw/GSE213621/fastq/SRR21623112_2.fastq.gz	PAIRED
SRR21623113	GSM6590228	Fibrosis_F2			Liver	liver cells	/gpfs/commons/groups/sanjana_lab/Cas13/MASLD_library_design/RNA-seq/Human/Patient_Cohorts/data/raw/GSE213621/fastq/SRR21623113_1.fastq.gz	/gpfs/commons/groups/sanjana_lab/Cas13/MASLD_library_design/RNA-seq/Human/Patient_Cohorts/data/raw/GSE213621/fastq/SRR21623113_2.fastq.gz	PAIRED
SRR21623114	GSM6590229	Fibrosis_F3F4			Liver	liver cells	/gpfs/commons/groups/sanjana_lab/Cas13/MASLD_library_design/RNA-seq/Human/Patient_Cohorts/data/raw/GSE213621/fastq/SRR21623114_1.fastq.gz	/gpfs/commons/groups/sanjana_lab/Cas13/MASLD_library_design/RNA-seq/Human/Patient_Cohorts/data/raw/GSE213621/fastq/SRR21623114_2.fastq.gz	PAIRED
SRR21623115	GSM6590230	Fibrosis_F2			Liver	liver cells	/gpfs/commons/groups/sanjana_lab/Cas13/MASLD_library_design/RNA-seq/Human/Patient_Cohorts/data/raw/GSE213621/fastq/SRR21623115_1.fastq.gz	/gpfs/commons/groups/sanjana_lab/Cas13/MASLD_library_design/RNA-seq/Human/Patient_Cohorts/data/raw/GSE213621/fastq/SRR21623115_2.fastq.gz	PAIRED
SRR21623116	GSM6590231	Fibrosis_F0F1			Liver	liver cells	/gpfs/commons/groups/sanjana_lab/Cas13/MASLD_library_design/RNA-seq/Human/Patient_Cohorts/data/raw/GSE213621/fastq/SRR21623116_1.fastq.gz	/gpfs/commons/groups/sanjana_lab/Cas13/MASLD_library_design/RNA-seq/Human/Patient_Cohorts/data/raw/GSE213621/fastq/SRR21623116_2.fastq.gz	PAIRED
SRR21623117	GSM6590232	Fibrosis_F0F1			Liver	liver cells	/gpfs/commons/groups/sanjana_lab/Cas13/MASLD_library_design/RNA-seq/Human/Patient_Cohorts/data/raw/GSE213621/fastq/SRR21623117_1.fastq.gz	/gpfs/commons/groups/sanjana_lab/Cas13/MASLD_library_design/RNA-seq/Human/Patient_Cohorts/data/raw/GSE213621/fastq/SRR21623117_2.fastq.gz	PAIRED
SRR21623121	GSM6590236	Fibrosis_F2			Liver	liver cells	/gpfs/commons/groups/sanjana_lab/Cas13/MASLD_library_design/RNA-seq/Human/Patient_Cohorts/data/raw/GSE213621/fastq/SRR21623121_1.fastq.gz	/gpfs/commons/groups/sanjana_lab/Cas13/MASLD_library_design/RNA-seq/Human/Patient_Cohorts/data/raw/GSE213621/fastq/SRR21623121_2.fastq.gz	PAIRED
SRR21623122	GSM6590237	Fibrosis_F3F4			Liver	liver cells	/gpfs/commons/groups/sanjana_lab/Cas13/MASLD_library_design/RNA-seq/Human/Patient_Cohorts/data/raw/GSE213621/fastq/SRR21623122_1.fastq.gz	/gpfs/commons/groups/sanjana_lab/Cas13/MASLD_library_design/RNA-seq/Human/Patient_Cohorts/data/raw/GSE213621/fastq/SRR21623122_2.fastq.gz	PAIRED
SRR21623123	GSM6590238	Fibrosis_F2			Liver	liver cells	/gpfs/commons/groups/sanjana_lab/Cas13/MASLD_library_design/RNA-seq/Human/Patient_Cohorts/data/raw/GSE213621/fastq/SRR21623123_1.fastq.gz	/gpfs/commons/groups/sanjana_lab/Cas13/MASLD_library_design/RNA-seq/Human/Patient_Cohorts/data/raw/GSE213621/fastq/SRR21623123_2.fastq.gz	PAIRED
SRR21623124	GSM6590239	Fibrosis_F3F4			Liver	liver cells	/gpfs/commons/groups/sanjana_lab/Cas13/MASLD_library_design/RNA-seq/Human/Patient_Cohorts/data/raw/GSE213621/fastq/SRR21623124_1.fastq.gz	/gpfs/commons/groups/sanjana_lab/Cas13/MASLD_library_design/RNA-seq/Human/Patient_Cohorts/data/raw/GSE213621/fastq/SRR21623124_2.fastq.gz	PAIRED
SRR21623131	GSM6590246	Fibrosis_F0F1			Liver	liver cells	/gpfs/commons/groups/sanjana_lab/Cas13/MASLD_library_design/RNA-seq/Human/Patient_Cohorts/data/raw/GSE213621/fastq/SRR21623131_1.fastq.gz	/gpfs/commons/groups/sanjana_lab/Cas13/MASLD_library_design/RNA-seq/Human/Patient_Cohorts/data/raw/GSE213621/fastq/SRR21623131_2.fastq.gz	PAIRED
SRR21623136	GSM6590251	Fibrosis_F3F4			Liver	liver cells	/gpfs/commons/groups/sanjana_lab/Cas13/MASLD_library_design/RNA-seq/Human/Patient_Cohorts/data/raw/GSE213621/fastq/SRR21623136_1.fastq.gz	/gpfs/commons/groups/sanjana_lab/Cas13/MASLD_library_design/RNA-seq/Human/Patient_Cohorts/data/raw/GSE213621/fastq/SRR21623136_2.fastq.gz	PAIRED
SRR21623137	GSM6590252	Fibrosis_F2			Liver	liver cells	/gpfs/commons/groups/sanjana_lab/Cas13/MASLD_library_design/RNA-seq/Human/Patient_Cohorts/data/raw/GSE213621/fastq/SRR21623137_1.fastq.gz	/gpfs/commons/groups/sanjana_lab/Cas13/MASLD_library_design/RNA-seq/Human/Patient_Cohorts/data/raw/GSE213621/fastq/SRR21623137_2.fastq.gz	PAIRED
SRR21623138	GSM6590253	Fibrosis_F2			Liver	liver cells	/gpfs/commons/groups/sanjana_lab/Cas13/MASLD_library_design/RNA-seq/Human/Patient_Cohorts/data/raw/GSE213621/fastq/SRR21623138_1.fastq.gz	/gpfs/commons/groups/sanjana_lab/Cas13/MASLD_library_design/RNA-seq/Human/Patient_Cohorts/data/raw/GSE213621/fastq/SRR21623138_2.fastq.gz	PAIRED
SRR21623139	GSM6590254	Fibrosis_F0F1			Liver	liver cells	/gpfs/commons/groups/sanjana_lab/Cas13/MASLD_library_design/RNA-seq/Human/Patient_Cohorts/data/raw/GSE213621/fastq/SRR21623139_1.fastq.gz	/gpfs/commons/groups/sanjana_lab/Cas13/MASLD_library_design/RNA-seq/Human/Patient_Cohorts/data/raw/GSE213621/fastq/SRR21623139_2.fastq.gz	PAIRED
SRR21623140	GSM6590255	Fibrosis_F0F1			Liver	liver cells	/gpfs/commons/groups/sanjana_lab/Cas13/MASLD_library_design/RNA-seq/Human/Patient_Cohorts/data/raw/GSE213621/fastq/SRR21623140_1.fastq.gz	/gpfs/commons/groups/sanjana_lab/Cas13/MASLD_library_design/RNA-seq/Human/Patient_Cohorts/data/raw/GSE213621/fastq/SRR21623140_2.fastq.gz	PAIRED
SRR21623141	GSM6590256	Fibrosis_F0F1			Liver	liver cells	/gpfs/commons/groups/sanjana_lab/Cas13/MASLD_library_design/RNA-seq/Human/Patient_Cohorts/data/raw/GSE213621/fastq/SRR21623141_1.fastq.gz	/gpfs/commons/groups/sanjana_lab/Cas13/MASLD_library_design/RNA-seq/Human/Patient_Cohorts/data/raw/GSE213621/fastq/SRR21623141_2.fastq.gz	PAIRED
SRR21623142	GSM6590257	Control			Liver	liver cells	/gpfs/commons/groups/sanjana_lab/Cas13/MASLD_library_design/RNA-seq/Human/Patient_Cohorts/data/raw/GSE213621/fastq/SRR21623142_1.fastq.gz	/gpfs/commons/groups/sanjana_lab/Cas13/MASLD_library_design/RNA-seq/Human/Patient_Cohorts/data/raw/GSE213621/fastq/SRR21623142_2.fastq.gz	PAIRED
SRR21623143	GSM6590258	Fibrosis_F0F1			Liver	liver cells	/gpfs/commons/groups/sanjana_lab/Cas13/MASLD_library_design/RNA-seq/Human/Patient_Cohorts/data/raw/GSE213621/fastq/SRR21623143_1.fastq.gz	/gpfs/commons/groups/sanjana_lab/Cas13/MASLD_library_design/RNA-seq/Human/Patient_Cohorts/data/raw/GSE213621/fastq/SRR21623143_2.fastq.gz	PAIRED
SRR21623144	GSM6590259	Fibrosis_F0F1			Liver	liver cells	/gpfs/commons/groups/sanjana_lab/Cas13/MASLD_library_design/RNA-seq/Human/Patient_Cohorts/data/raw/GSE213621/fastq/SRR21623144_1.fastq.gz	/gpfs/commons/groups/sanjana_lab/Cas13/MASLD_library_design/RNA-seq/Human/Patient_Cohorts/data/raw/GSE213621/fastq/SRR21623144_2.fastq.gz	PAIRED
SRR21623150	GSM6590265	Fibrosis_F2			Liver	liver cells	/gpfs/commons/groups/sanjana_lab/Cas13/MASLD_library_design/RNA-seq/Human/Patient_Cohorts/data/raw/GSE213621/fastq/SRR21623150_1.fastq.gz	/gpfs/commons/groups/sanjana_lab/Cas13/MASLD_library_design/RNA-seq/Human/Patient_Cohorts/data/raw/GSE213621/fastq/SRR21623150_2.fastq.gz	PAIRED
SRR21623151	GSM6590266	Fibrosis_F2			Liver	liver cells	/gpfs/commons/groups/sanjana_lab/Cas13/MASLD_library_design/RNA-seq/Human/Patient_Cohorts/data/raw/GSE213621/fastq/SRR21623151_1.fastq.gz	/gpfs/commons/groups/sanjana_lab/Cas13/MASLD_library_design/RNA-seq/Human/Patient_Cohorts/data/raw/GSE213621/fastq/SRR21623151_2.fastq.gz	PAIRED
SRR21623157	GSM6590272	Fibrosis_F3F4			Liver	liver cells	/gpfs/commons/groups/sanjana_lab/Cas13/MASLD_library_design/RNA-seq/Human/Patient_Cohorts/data/raw/GSE213621/fastq/SRR21623157_1.fastq.gz	/gpfs/commons/groups/sanjana_lab/Cas13/MASLD_library_design/RNA-seq/Human/Patient_Cohorts/data/raw/GSE213621/fastq/SRR21623157_2.fastq.gz	PAIRED
SRR21623162	GSM6590277	Fibrosis_F3F4			Liver	liver cells	/gpfs/commons/groups/sanjana_lab/Cas13/MASLD_library_design/RNA-seq/Human/Patient_Cohorts/data/raw/GSE213621/fastq/SRR21623162_1.fastq.gz	/gpfs/commons/groups/sanjana_lab/Cas13/MASLD_library_design/RNA-seq/Human/Patient_Cohorts/data/raw/GSE213621/fastq/SRR21623162_2.fastq.gz	PAIRED
SRR21623163	GSM6590278	Fibrosis_F2			Liver	liver cells	/gpfs/commons/groups/sanjana_lab/Cas13/MASLD_library_design/RNA-seq/Human/Patient_Cohorts/data/raw/GSE213621/fastq/SRR21623163_1.fastq.gz	/gpfs/commons/groups/sanjana_lab/Cas13/MASLD_library_design/RNA-seq/Human/Patient_Cohorts/data/raw/GSE213621/fastq/SRR21623163_2.fastq.gz	PAIRED
SRR21623164	GSM6590279	Fibrosis_F3F4			Liver	liver cells	/gpfs/commons/groups/sanjana_lab/Cas13/MASLD_library_design/RNA-seq/Human/Patient_Cohorts/data/raw/GSE213621/fastq/SRR21623164_1.fastq.gz	/gpfs/commons/groups/sanjana_lab/Cas13/MASLD_library_design/RNA-seq/Human/Patient_Cohorts/data/raw/GSE213621/fastq/SRR21623164_2.fastq.gz	PAIRED
SRR21623165	GSM6590280	Fibrosis_F0F1			Liver	liver cells	/gpfs/commons/groups/sanjana_lab/Cas13/MASLD_library_design/RNA-seq/Human/Patient_Cohorts/data/raw/GSE213621/fastq/SRR21623165_1.fastq.gz	/gpfs/commons/groups/sanjana_lab/Cas13/MASLD_library_design/RNA-seq/Human/Patient_Cohorts/data/raw/GSE213621/fastq/SRR21623165_2.fastq.gz	PAIRED
SRR21623166	GSM6590281	Fibrosis_F0F1			Liver	liver cells	/gpfs/commons/groups/sanjana_lab/Cas13/MASLD_library_design/RNA-seq/Human/Patient_Cohorts/data/raw/GSE213621/fastq/SRR21623166_1.fastq.gz	/gpfs/commons/groups/sanjana_lab/Cas13/MASLD_library_design/RNA-seq/Human/Patient_Cohorts/data/raw/GSE213621/fastq/SRR21623166_2.fastq.gz	PAIRED
SRR21623172	GSM6590287	Fibrosis_F3F4			Liver	liver cells	/gpfs/commons/groups/sanjana_lab/Cas13/MASLD_library_design/RNA-seq/Human/Patient_Cohorts/data/raw/GSE213621/fastq/SRR21623172_1.fastq.gz	/gpfs/commons/groups/sanjana_lab/Cas13/MASLD_library_design/RNA-seq/Human/Patient_Cohorts/data/raw/GSE213621/fastq/SRR21623172_2.fastq.gz	PAIRED
SRR21623173	GSM6590288	Fibrosis_F3F4			Liver	liver cells	/gpfs/commons/groups/sanjana_lab/Cas13/MASLD_library_design/RNA-seq/Human/Patient_Cohorts/data/raw/GSE213621/fastq/SRR21623173_1.fastq.gz	/gpfs/commons/groups/sanjana_lab/Cas13/MASLD_library_design/RNA-seq/Human/Patient_Cohorts/data/raw/GSE213621/fastq/SRR21623173_2.fastq.gz	PAIRED
SRR21623174	GSM6590289	Fibrosis_F0F1			Liver	liver cells	/gpfs/commons/groups/sanjana_lab/Cas13/MASLD_library_design/RNA-seq/Human/Patient_Cohorts/data/raw/GSE213621/fastq/SRR21623174_1.fastq.gz	/gpfs/commons/groups/sanjana_lab/Cas13/MASLD_library_design/RNA-seq/Human/Patient_Cohorts/data/raw/GSE213621/fastq/SRR21623174_2.fastq.gz	PAIRED
SRR21623175	GSM6590290	Fibrosis_F2			Liver	liver cells	/gpfs/commons/groups/sanjana_lab/Cas13/MASLD_library_design/RNA-seq/Human/Patient_Cohorts/data/raw/GSE213621/fastq/SRR21623175_1.fastq.gz	/gpfs/commons/groups/sanjana_lab/Cas13/MASLD_library_design/RNA-seq/Human/Patient_Cohorts/data/raw/GSE213621/fastq/SRR21623175_2.fastq.gz	PAIRED
SRR21623176	GSM6590291	Control			Liver	liver cells	/gpfs/commons/groups/sanjana_lab/Cas13/MASLD_library_design/RNA-seq/Human/Patient_Cohorts/data/raw/GSE213621/fastq/SRR21623176_1.fastq.gz	/gpfs/commons/groups/sanjana_lab/Cas13/MASLD_library_design/RNA-seq/Human/Patient_Cohorts/data/raw/GSE213621/fastq/SRR21623176_2.fastq.gz	PAIRED
SRR21623177	GSM6590292	Fibrosis_F2			Liver	liver cells	/gpfs/commons/groups/sanjana_lab/Cas13/MASLD_library_design/RNA-seq/Human/Patient_Cohorts/data/raw/GSE213621/fastq/SRR21623177_1.fastq.gz	/gpfs/commons/groups/sanjana_lab/Cas13/MASLD_library_design/RNA-seq/Human/Patient_Cohorts/data/raw/GSE213621/fastq/SRR21623177_2.fastq.gz	PAIRED
SRR21623178	GSM6590293	Fibrosis_F0F1			Liver	liver cells	/gpfs/commons/groups/sanjana_lab/Cas13/MASLD_library_design/RNA-seq/Human/Patient_Cohorts/data/raw/GSE213621/fastq/SRR21623178_1.fastq.gz	/gpfs/commons/groups/sanjana_lab/Cas13/MASLD_library_design/RNA-seq/Human/Patient_Cohorts/data/raw/GSE213621/fastq/SRR21623178_2.fastq.gz	PAIRED
SRR21623182	GSM6590297	Fibrosis_F3F4			Liver	liver cells	/gpfs/commons/groups/sanjana_lab/Cas13/MASLD_library_design/RNA-seq/Human/Patient_Cohorts/data/raw/GSE213621/fastq/SRR21623182_1.fastq.gz	/gpfs/commons/groups/sanjana_lab/Cas13/MASLD_library_design/RNA-seq/Human/Patient_Cohorts/data/raw/GSE213621/fastq/SRR21623182_2.fastq.gz	PAIRED
SRR21623183	GSM6590298	Fibrosis_F0F1			Liver	liver cells	/gpfs/commons/groups/sanjana_lab/Cas13/MASLD_library_design/RNA-seq/Human/Patient_Cohorts/data/raw/GSE213621/fastq/SRR21623183_1.fastq.gz	/gpfs/commons/groups/sanjana_lab/Cas13/MASLD_library_design/RNA-seq/Human/Patient_Cohorts/data/raw/GSE213621/fastq/SRR21623183_2.fastq.gz	PAIRED
SRR21623184	GSM6590299	Fibrosis_F0F1			Liver	liver cells	/gpfs/commons/groups/sanjana_lab/Cas13/MASLD_library_design/RNA-seq/Human/Patient_Cohorts/data/raw/GSE213621/fastq/SRR21623184_1.fastq.gz	/gpfs/commons/groups/sanjana_lab/Cas13/MASLD_library_design/RNA-seq/Human/Patient_Cohorts/data/raw/GSE213621/fastq/SRR21623184_2.fastq.gz	PAIRED
SRR21623185	GSM6590300	Fibrosis_F3F4			Liver	liver cells	/gpfs/commons/groups/sanjana_lab/Cas13/MASLD_library_design/RNA-seq/Human/Patient_Cohorts/data/raw/GSE213621/fastq/SRR21623185_1.fastq.gz	/gpfs/commons/groups/sanjana_lab/Cas13/MASLD_library_design/RNA-seq/Human/Patient_Cohorts/data/raw/GSE213621/fastq/SRR21623185_2.fastq.gz	PAIRED
SRR21623186	GSM6590301	Fibrosis_F3F4			Liver	liver cells	/gpfs/commons/groups/sanjana_lab/Cas13/MASLD_library_design/RNA-seq/Human/Patient_Cohorts/data/raw/GSE213621/fastq/SRR21623186_1.fastq.gz	/gpfs/commons/groups/sanjana_lab/Cas13/MASLD_library_design/RNA-seq/Human/Patient_Cohorts/data/raw/GSE213621/fastq/SRR21623186_2.fastq.gz	PAIRED
SRR21623188	GSM6590303	Fibrosis_F3F4			Liver	liver cells	/gpfs/commons/groups/sanjana_lab/Cas13/MASLD_library_design/RNA-seq/Human/Patient_Cohorts/data/raw/GSE213621/fastq/SRR21623188_1.fastq.gz	/gpfs/commons/groups/sanjana_lab/Cas13/MASLD_library_design/RNA-seq/Human/Patient_Cohorts/data/raw/GSE213621/fastq/SRR21623188_2.fastq.gz	PAIRED
SRR21623189	GSM6590304	Fibrosis_F3F4			Liver	liver cells	/gpfs/commons/groups/sanjana_lab/Cas13/MASLD_library_design/RNA-seq/Human/Patient_Cohorts/data/raw/GSE213621/fastq/SRR21623189_1.fastq.gz	/gpfs/commons/groups/sanjana_lab/Cas13/MASLD_library_design/RNA-seq/Human/Patient_Cohorts/data/raw/GSE213621/fastq/SRR21623189_2.fastq.gz	PAIRED
SRR21622827	GSM6589942	Control			Liver	liver cells	/gpfs/commons/groups/sanjana_lab/Cas13/MASLD_library_design/RNA-seq/Human/Patient_Cohorts/data/raw/GSE213621/fastq/SRR21622827_1.fastq.gz	/gpfs/commons/groups/sanjana_lab/Cas13/MASLD_library_design/RNA-seq/Human/Patient_Cohorts/data/raw/GSE213621/fastq/SRR21622827_2.fastq.gz	PAIRED
SRR21622828	GSM6589943	Fibrosis_F2			Liver	liver cells	/gpfs/commons/groups/sanjana_lab/Cas13/MASLD_library_design/RNA-seq/Human/Patient_Cohorts/data/raw/GSE213621/fastq/SRR21622828_1.fastq.gz	/gpfs/commons/groups/sanjana_lab/Cas13/MASLD_library_design/RNA-seq/Human/Patient_Cohorts/data/raw/GSE213621/fastq/SRR21622828_2.fastq.gz	PAIRED
SRR21622829	GSM6589944	Fibrosis_F2			Liver	liver cells	/gpfs/commons/groups/sanjana_lab/Cas13/MASLD_library_design/RNA-seq/Human/Patient_Cohorts/data/raw/GSE213621/fastq/SRR21622829_1.fastq.gz	/gpfs/commons/groups/sanjana_lab/Cas13/MASLD_library_design/RNA-seq/Human/Patient_Cohorts/data/raw/GSE213621/fastq/SRR21622829_2.fastq.gz	PAIRED
SRR21622832	GSM6589947	Fibrosis_F2			Liver	liver cells	/gpfs/commons/groups/sanjana_lab/Cas13/MASLD_library_design/RNA-seq/Human/Patient_Cohorts/data/raw/GSE213621/fastq/SRR21622832_1.fastq.gz	/gpfs/commons/groups/sanjana_lab/Cas13/MASLD_library_design/RNA-seq/Human/Patient_Cohorts/data/raw/GSE213621/fastq/SRR21622832_2.fastq.gz	PAIRED
SRR21622833	GSM6589948	Fibrosis_F2			Liver	liver cells	/gpfs/commons/groups/sanjana_lab/Cas13/MASLD_library_design/RNA-seq/Human/Patient_Cohorts/data/raw/GSE213621/fastq/SRR21622833_1.fastq.gz	/gpfs/commons/groups/sanjana_lab/Cas13/MASLD_library_design/RNA-seq/Human/Patient_Cohorts/data/raw/GSE213621/fastq/SRR21622833_2.fastq.gz	PAIRED
SRR21622834	GSM6589949	Control			Liver	liver cells	/gpfs/commons/groups/sanjana_lab/Cas13/MASLD_library_design/RNA-seq/Human/Patient_Cohorts/data/raw/GSE213621/fastq/SRR21622834_1.fastq.gz	/gpfs/commons/groups/sanjana_lab/Cas13/MASLD_library_design/RNA-seq/Human/Patient_Cohorts/data/raw/GSE213621/fastq/SRR21622834_2.fastq.gz	PAIRED
SRR21622835	GSM6589950	Fibrosis_F2			Liver	liver cells	/gpfs/commons/groups/sanjana_lab/Cas13/MASLD_library_design/RNA-seq/Human/Patient_Cohorts/data/raw/GSE213621/fastq/SRR21622835_1.fastq.gz	/gpfs/commons/groups/sanjana_lab/Cas13/MASLD_library_design/RNA-seq/Human/Patient_Cohorts/data/raw/GSE213621/fastq/SRR21622835_2.fastq.gz	PAIRED
SRR21622836	GSM6589951	Fibrosis_F3F4			Liver	liver cells	/gpfs/commons/groups/sanjana_lab/Cas13/MASLD_library_design/RNA-seq/Human/Patient_Cohorts/data/raw/GSE213621/fastq/SRR21622836_1.fastq.gz	/gpfs/commons/groups/sanjana_lab/Cas13/MASLD_library_design/RNA-seq/Human/Patient_Cohorts/data/raw/GSE213621/fastq/SRR21622836_2.fastq.gz	PAIRED
SRR21622838	GSM6589953	Control			Liver	liver cells	/gpfs/commons/groups/sanjana_lab/Cas13/MASLD_library_design/RNA-seq/Human/Patient_Cohorts/data/raw/GSE213621/fastq/SRR21622838_1.fastq.gz	/gpfs/commons/groups/sanjana_lab/Cas13/MASLD_library_design/RNA-seq/Human/Patient_Cohorts/data/raw/GSE213621/fastq/SRR21622838_2.fastq.gz	PAIRED
SRR21622839	GSM6589954	Fibrosis_F2			Liver	liver cells	/gpfs/commons/groups/sanjana_lab/Cas13/MASLD_library_design/RNA-seq/Human/Patient_Cohorts/data/raw/GSE213621/fastq/SRR21622839_1.fastq.gz	/gpfs/commons/groups/sanjana_lab/Cas13/MASLD_library_design/RNA-seq/Human/Patient_Cohorts/data/raw/GSE213621/fastq/SRR21622839_2.fastq.gz	PAIRED
SRR21622840	GSM6589955	Control			Liver	liver cells	/gpfs/commons/groups/sanjana_lab/Cas13/MASLD_library_design/RNA-seq/Human/Patient_Cohorts/data/raw/GSE213621/fastq/SRR21622840_1.fastq.gz	/gpfs/commons/groups/sanjana_lab/Cas13/MASLD_library_design/RNA-seq/Human/Patient_Cohorts/data/raw/GSE213621/fastq/SRR21622840_2.fastq.gz	PAIRED
SRR21622843	GSM6589958	Fibrosis_F2			Liver	liver cells	/gpfs/commons/groups/sanjana_lab/Cas13/MASLD_library_design/RNA-seq/Human/Patient_Cohorts/data/raw/GSE213621/fastq/SRR21622843_1.fastq.gz	/gpfs/commons/groups/sanjana_lab/Cas13/MASLD_library_design/RNA-seq/Human/Patient_Cohorts/data/raw/GSE213621/fastq/SRR21622843_2.fastq.gz	PAIRED
SRR21622845	GSM6589960	Fibrosis_F2			Liver	liver cells	/gpfs/commons/groups/sanjana_lab/Cas13/MASLD_library_design/RNA-seq/Human/Patient_Cohorts/data/raw/GSE213621/fastq/SRR21622845_1.fastq.gz	/gpfs/commons/groups/sanjana_lab/Cas13/MASLD_library_design/RNA-seq/Human/Patient_Cohorts/data/raw/GSE213621/fastq/SRR21622845_2.fastq.gz	PAIRED
SRR21622852	GSM6589967	Fibrosis_F0F1			Liver	liver cells	/gpfs/commons/groups/sanjana_lab/Cas13/MASLD_library_design/RNA-seq/Human/Patient_Cohorts/data/raw/GSE213621/fastq/SRR21622852_1.fastq.gz	/gpfs/commons/groups/sanjana_lab/Cas13/MASLD_library_design/RNA-seq/Human/Patient_Cohorts/data/raw/GSE213621/fastq/SRR21622852_2.fastq.gz	PAIRED
SRR21622853	GSM6589968	Fibrosis_F2			Liver	liver cells	/gpfs/commons/groups/sanjana_lab/Cas13/MASLD_library_design/RNA-seq/Human/Patient_Cohorts/data/raw/GSE213621/fastq/SRR21622853_1.fastq.gz	/gpfs/commons/groups/sanjana_lab/Cas13/MASLD_library_design/RNA-seq/Human/Patient_Cohorts/data/raw/GSE213621/fastq/SRR21622853_2.fastq.gz	PAIRED
SRR21622859	GSM6589974	Control			Liver	liver cells	/gpfs/commons/groups/sanjana_lab/Cas13/MASLD_library_design/RNA-seq/Human/Patient_Cohorts/data/raw/GSE213621/fastq/SRR21622859_1.fastq.gz	/gpfs/commons/groups/sanjana_lab/Cas13/MASLD_library_design/RNA-seq/Human/Patient_Cohorts/data/raw/GSE213621/fastq/SRR21622859_2.fastq.gz	PAIRED
SRR21622860	GSM6589975	Control			Liver	liver cells	/gpfs/commons/groups/sanjana_lab/Cas13/MASLD_library_design/RNA-seq/Human/Patient_Cohorts/data/raw/GSE213621/fastq/SRR21622860_1.fastq.gz	/gpfs/commons/groups/sanjana_lab/Cas13/MASLD_library_design/RNA-seq/Human/Patient_Cohorts/data/raw/GSE213621/fastq/SRR21622860_2.fastq.gz	PAIRED
SRR21622861	GSM6589976	Fibrosis_F2			Liver	liver cells	/gpfs/commons/groups/sanjana_lab/Cas13/MASLD_library_design/RNA-seq/Human/Patient_Cohorts/data/raw/GSE213621/fastq/SRR21622861_1.fastq.gz	/gpfs/commons/groups/sanjana_lab/Cas13/MASLD_library_design/RNA-seq/Human/Patient_Cohorts/data/raw/GSE213621/fastq/SRR21622861_2.fastq.gz	PAIRED
SRR21622862	GSM6589977	Fibrosis_F2			Liver	liver cells	/gpfs/commons/groups/sanjana_lab/Cas13/MASLD_library_design/RNA-seq/Human/Patient_Cohorts/data/raw/GSE213621/fastq/SRR21622862_1.fastq.gz	/gpfs/commons/groups/sanjana_lab/Cas13/MASLD_library_design/RNA-seq/Human/Patient_Cohorts/data/raw/GSE213621/fastq/SRR21622862_2.fastq.gz	PAIRED
SRR21622863	GSM6589978	Fibrosis_F2			Liver	liver cells	/gpfs/commons/groups/sanjana_lab/Cas13/MASLD_library_design/RNA-seq/Human/Patient_Cohorts/data/raw/GSE213621/fastq/SRR21622863_1.fastq.gz	/gpfs/commons/groups/sanjana_lab/Cas13/MASLD_library_design/RNA-seq/Human/Patient_Cohorts/data/raw/GSE213621/fastq/SRR21622863_2.fastq.gz	PAIRED
SRR21622864	GSM6589979	Fibrosis_F2			Liver	liver cells	/gpfs/commons/groups/sanjana_lab/Cas13/MASLD_library_design/RNA-seq/Human/Patient_Cohorts/data/raw/GSE213621/fastq/SRR21622864_1.fastq.gz	/gpfs/commons/groups/sanjana_lab/Cas13/MASLD_library_design/RNA-seq/Human/Patient_Cohorts/data/raw/GSE213621/fastq/SRR21622864_2.fastq.gz	PAIRED
SRR21622865	GSM6589980	Fibrosis_F0F1			Liver	liver cells	/gpfs/commons/groups/sanjana_lab/Cas13/MASLD_library_design/RNA-seq/Human/Patient_Cohorts/data/raw/GSE213621/fastq/SRR21622865_1.fastq.gz	/gpfs/commons/groups/sanjana_lab/Cas13/MASLD_library_design/RNA-seq/Human/Patient_Cohorts/data/raw/GSE213621/fastq/SRR21622865_2.fastq.gz	PAIRED
SRR21622866	GSM6589981	Control			Liver	liver cells	/gpfs/commons/groups/sanjana_lab/Cas13/MASLD_library_design/RNA-seq/Human/Patient_Cohorts/data/raw/GSE213621/fastq/SRR21622866_1.fastq.gz	/gpfs/commons/groups/sanjana_lab/Cas13/MASLD_library_design/RNA-seq/Human/Patient_Cohorts/data/raw/GSE213621/fastq/SRR21622866_2.fastq.gz	PAIRED
SRR21622867	GSM6589982	Fibrosis_F0F1			Liver	liver cells	/gpfs/commons/groups/sanjana_lab/Cas13/MASLD_library_design/RNA-seq/Human/Patient_Cohorts/data/raw/GSE213621/fastq/SRR21622867_1.fastq.gz	/gpfs/commons/groups/sanjana_lab/Cas13/MASLD_library_design/RNA-seq/Human/Patient_Cohorts/data/raw/GSE213621/fastq/SRR21622867_2.fastq.gz	PAIRED
SRR21622874	GSM6589989	Fibrosis_F2			Liver	liver cells	/gpfs/commons/groups/sanjana_lab/Cas13/MASLD_library_design/RNA-seq/Human/Patient_Cohorts/data/raw/GSE213621/fastq/SRR21622874_1.fastq.gz	/gpfs/commons/groups/sanjana_lab/Cas13/MASLD_library_design/RNA-seq/Human/Patient_Cohorts/data/raw/GSE213621/fastq/SRR21622874_2.fastq.gz	PAIRED
SRR21622875	GSM6589990	Fibrosis_F2			Liver	liver cells	/gpfs/commons/groups/sanjana_lab/Cas13/MASLD_library_design/RNA-seq/Human/Patient_Cohorts/data/raw/GSE213621/fastq/SRR21622875_1.fastq.gz	/gpfs/commons/groups/sanjana_lab/Cas13/MASLD_library_design/RNA-seq/Human/Patient_Cohorts/data/raw/GSE213621/fastq/SRR21622875_2.fastq.gz	PAIRED
SRR21622891	GSM6590006	Fibrosis_F0F1			Liver	liver cells	/gpfs/commons/groups/sanjana_lab/Cas13/MASLD_library_design/RNA-seq/Human/Patient_Cohorts/data/raw/GSE213621/fastq/SRR21622891_1.fastq.gz	/gpfs/commons/groups/sanjana_lab/Cas13/MASLD_library_design/RNA-seq/Human/Patient_Cohorts/data/raw/GSE213621/fastq/SRR21622891_2.fastq.gz	PAIRED
SRR21622892	GSM6590007	Fibrosis_F2			Liver	liver cells	/gpfs/commons/groups/sanjana_lab/Cas13/MASLD_library_design/RNA-seq/Human/Patient_Cohorts/data/raw/GSE213621/fastq/SRR21622892_1.fastq.gz	/gpfs/commons/groups/sanjana_lab/Cas13/MASLD_library_design/RNA-seq/Human/Patient_Cohorts/data/raw/GSE213621/fastq/SRR21622892_2.fastq.gz	PAIRED
SRR21622895	GSM6590010	Control			Liver	liver cells	/gpfs/commons/groups/sanjana_lab/Cas13/MASLD_library_design/RNA-seq/Human/Patient_Cohorts/data/raw/GSE213621/fastq/SRR21622895_1.fastq.gz	/gpfs/commons/groups/sanjana_lab/Cas13/MASLD_library_design/RNA-seq/Human/Patient_Cohorts/data/raw/GSE213621/fastq/SRR21622895_2.fastq.gz	PAIRED
SRR21622896	GSM6590011	Fibrosis_F0F1			Liver	liver cells	/gpfs/commons/groups/sanjana_lab/Cas13/MASLD_library_design/RNA-seq/Human/Patient_Cohorts/data/raw/GSE213621/fastq/SRR21622896_1.fastq.gz	/gpfs/commons/groups/sanjana_lab/Cas13/MASLD_library_design/RNA-seq/Human/Patient_Cohorts/data/raw/GSE213621/fastq/SRR21622896_2.fastq.gz	PAIRED
SRR21622900	GSM6590015	Fibrosis_F0F1			Liver	liver cells	/gpfs/commons/groups/sanjana_lab/Cas13/MASLD_library_design/RNA-seq/Human/Patient_Cohorts/data/raw/GSE213621/fastq/SRR21622900_1.fastq.gz	/gpfs/commons/groups/sanjana_lab/Cas13/MASLD_library_design/RNA-seq/Human/Patient_Cohorts/data/raw/GSE213621/fastq/SRR21622900_2.fastq.gz	PAIRED
SRR21622908	GSM6590023	Fibrosis_F2			Liver	liver cells	/gpfs/commons/groups/sanjana_lab/Cas13/MASLD_library_design/RNA-seq/Human/Patient_Cohorts/data/raw/GSE213621/fastq/SRR21622908_1.fastq.gz	/gpfs/commons/groups/sanjana_lab/Cas13/MASLD_library_design/RNA-seq/Human/Patient_Cohorts/data/raw/GSE213621/fastq/SRR21622908_2.fastq.gz	PAIRED
SRR21622909	GSM6590024	Fibrosis_F2			Liver	liver cells	/gpfs/commons/groups/sanjana_lab/Cas13/MASLD_library_design/RNA-seq/Human/Patient_Cohorts/data/raw/GSE213621/fastq/SRR21622909_1.fastq.gz	/gpfs/commons/groups/sanjana_lab/Cas13/MASLD_library_design/RNA-seq/Human/Patient_Cohorts/data/raw/GSE213621/fastq/SRR21622909_2.fastq.gz	PAIRED
SRR21622920	GSM6590035	Fibrosis_F2			Liver	liver cells	/gpfs/commons/groups/sanjana_lab/Cas13/MASLD_library_design/RNA-seq/Human/Patient_Cohorts/data/raw/GSE213621/fastq/SRR21622920_1.fastq.gz	/gpfs/commons/groups/sanjana_lab/Cas13/MASLD_library_design/RNA-seq/Human/Patient_Cohorts/data/raw/GSE213621/fastq/SRR21622920_2.fastq.gz	PAIRED
SRR21622921	GSM6590036	Control			Liver	liver cells	/gpfs/commons/groups/sanjana_lab/Cas13/MASLD_library_design/RNA-seq/Human/Patient_Cohorts/data/raw/GSE213621/fastq/SRR21622921_1.fastq.gz	/gpfs/commons/groups/sanjana_lab/Cas13/MASLD_library_design/RNA-seq/Human/Patient_Cohorts/data/raw/GSE213621/fastq/SRR21622921_2.fastq.gz	PAIRED
SRR21622928	GSM6590043	Fibrosis_F2			Liver	liver cells	/gpfs/commons/groups/sanjana_lab/Cas13/MASLD_library_design/RNA-seq/Human/Patient_Cohorts/data/raw/GSE213621/fastq/SRR21622928_1.fastq.gz	/gpfs/commons/groups/sanjana_lab/Cas13/MASLD_library_design/RNA-seq/Human/Patient_Cohorts/data/raw/GSE213621/fastq/SRR21622928_2.fastq.gz	PAIRED
SRR21622937	GSM6590052	Fibrosis_F0F1			Liver	liver cells	/gpfs/commons/groups/sanjana_lab/Cas13/MASLD_library_design/RNA-seq/Human/Patient_Cohorts/data/raw/GSE213621/fastq/SRR21622937_1.fastq.gz	/gpfs/commons/groups/sanjana_lab/Cas13/MASLD_library_design/RNA-seq/Human/Patient_Cohorts/data/raw/GSE213621/fastq/SRR21622937_2.fastq.gz	PAIRED
SRR21622938	GSM6590053	Control			Liver	liver cells	/gpfs/commons/groups/sanjana_lab/Cas13/MASLD_library_design/RNA-seq/Human/Patient_Cohorts/data/raw/GSE213621/fastq/SRR21622938_1.fastq.gz	/gpfs/commons/groups/sanjana_lab/Cas13/MASLD_library_design/RNA-seq/Human/Patient_Cohorts/data/raw/GSE213621/fastq/SRR21622938_2.fastq.gz	PAIRED
SRR21622944	GSM6590059	Fibrosis_F2			Liver	liver cells	/gpfs/commons/groups/sanjana_lab/Cas13/MASLD_library_design/RNA-seq/Human/Patient_Cohorts/data/raw/GSE213621/fastq/SRR21622944_1.fastq.gz	/gpfs/commons/groups/sanjana_lab/Cas13/MASLD_library_design/RNA-seq/Human/Patient_Cohorts/data/raw/GSE213621/fastq/SRR21622944_2.fastq.gz	PAIRED
SRR21622947	GSM6590062	Fibrosis_F2			Liver	liver cells	/gpfs/commons/groups/sanjana_lab/Cas13/MASLD_library_design/RNA-seq/Human/Patient_Cohorts/data/raw/GSE213621/fastq/SRR21622947_1.fastq.gz	/gpfs/commons/groups/sanjana_lab/Cas13/MASLD_library_design/RNA-seq/Human/Patient_Cohorts/data/raw/GSE213621/fastq/SRR21622947_2.fastq.gz	PAIRED
SRR21622952	GSM6590067	Fibrosis_F0F1			Liver	liver cells	/gpfs/commons/groups/sanjana_lab/Cas13/MASLD_library_design/RNA-seq/Human/Patient_Cohorts/data/raw/GSE213621/fastq/SRR21622952_1.fastq.gz	/gpfs/commons/groups/sanjana_lab/Cas13/MASLD_library_design/RNA-seq/Human/Patient_Cohorts/data/raw/GSE213621/fastq/SRR21622952_2.fastq.gz	PAIRED
SRR21622953	GSM6590068	Fibrosis_F3F4			Liver	liver cells	/gpfs/commons/groups/sanjana_lab/Cas13/MASLD_library_design/RNA-seq/Human/Patient_Cohorts/data/raw/GSE213621/fastq/SRR21622953_1.fastq.gz	/gpfs/commons/groups/sanjana_lab/Cas13/MASLD_library_design/RNA-seq/Human/Patient_Cohorts/data/raw/GSE213621/fastq/SRR21622953_2.fastq.gz	PAIRED
SRR21622959	GSM6590074	Control			Liver	liver cells	/gpfs/commons/groups/sanjana_lab/Cas13/MASLD_library_design/RNA-seq/Human/Patient_Cohorts/data/raw/GSE213621/fastq/SRR21622959_1.fastq.gz	/gpfs/commons/groups/sanjana_lab/Cas13/MASLD_library_design/RNA-seq/Human/Patient_Cohorts/data/raw/GSE213621/fastq/SRR21622959_2.fastq.gz	PAIRED
SRR21622960	GSM6590075	Fibrosis_F3F4			Liver	liver cells	/gpfs/commons/groups/sanjana_lab/Cas13/MASLD_library_design/RNA-seq/Human/Patient_Cohorts/data/raw/GSE213621/fastq/SRR21622960_1.fastq.gz	/gpfs/commons/groups/sanjana_lab/Cas13/MASLD_library_design/RNA-seq/Human/Patient_Cohorts/data/raw/GSE213621/fastq/SRR21622960_2.fastq.gz	PAIRED
SRR21622961	GSM6590076	Control			Liver	liver cells	/gpfs/commons/groups/sanjana_lab/Cas13/MASLD_library_design/RNA-seq/Human/Patient_Cohorts/data/raw/GSE213621/fastq/SRR21622961_1.fastq.gz	/gpfs/commons/groups/sanjana_lab/Cas13/MASLD_library_design/RNA-seq/Human/Patient_Cohorts/data/raw/GSE213621/fastq/SRR21622961_2.fastq.gz	PAIRED
SRR21622962	GSM6590077	Fibrosis_F0F1			Liver	liver cells	/gpfs/commons/groups/sanjana_lab/Cas13/MASLD_library_design/RNA-seq/Human/Patient_Cohorts/data/raw/GSE213621/fastq/SRR21622962_1.fastq.gz	/gpfs/commons/groups/sanjana_lab/Cas13/MASLD_library_design/RNA-seq/Human/Patient_Cohorts/data/raw/GSE213621/fastq/SRR21622962_2.fastq.gz	PAIRED
SRR21622963	GSM6590078	Fibrosis_F2			Liver	liver cells	/gpfs/commons/groups/sanjana_lab/Cas13/MASLD_library_design/RNA-seq/Human/Patient_Cohorts/data/raw/GSE213621/fastq/SRR21622963_1.fastq.gz	/gpfs/commons/groups/sanjana_lab/Cas13/MASLD_library_design/RNA-seq/Human/Patient_Cohorts/data/raw/GSE213621/fastq/SRR21622963_2.fastq.gz	PAIRED
SRR21622964	GSM6590079	Fibrosis_F0F1			Liver	liver cells	/gpfs/commons/groups/sanjana_lab/Cas13/MASLD_library_design/RNA-seq/Human/Patient_Cohorts/data/raw/GSE213621/fastq/SRR21622964_1.fastq.gz	/gpfs/commons/groups/sanjana_lab/Cas13/MASLD_library_design/RNA-seq/Human/Patient_Cohorts/data/raw/GSE213621/fastq/SRR21622964_2.fastq.gz	PAIRED
SRR21622965	GSM6590080	Fibrosis_F3F4			Liver	liver cells	/gpfs/commons/groups/sanjana_lab/Cas13/MASLD_library_design/RNA-seq/Human/Patient_Cohorts/data/raw/GSE213621/fastq/SRR21622965_1.fastq.gz	/gpfs/commons/groups/sanjana_lab/Cas13/MASLD_library_design/RNA-seq/Human/Patient_Cohorts/data/raw/GSE213621/fastq/SRR21622965_2.fastq.gz	PAIRED
SRR21622966	GSM6590081	Fibrosis_F3F4			Liver	liver cells	/gpfs/commons/groups/sanjana_lab/Cas13/MASLD_library_design/RNA-seq/Human/Patient_Cohorts/data/raw/GSE213621/fastq/SRR21622966_1.fastq.gz	/gpfs/commons/groups/sanjana_lab/Cas13/MASLD_library_design/RNA-seq/Human/Patient_Cohorts/data/raw/GSE213621/fastq/SRR21622966_2.fastq.gz	PAIRED
SRR21622970	GSM6590085	Fibrosis_F2			Liver	liver cells	/gpfs/commons/groups/sanjana_lab/Cas13/MASLD_library_design/RNA-seq/Human/Patient_Cohorts/data/raw/GSE213621/fastq/SRR21622970_1.fastq.gz	/gpfs/commons/groups/sanjana_lab/Cas13/MASLD_library_design/RNA-seq/Human/Patient_Cohorts/data/raw/GSE213621/fastq/SRR21622970_2.fastq.gz	PAIRED
SRR21622971	GSM6590086	Fibrosis_F0F1			Liver	liver cells	/gpfs/commons/groups/sanjana_lab/Cas13/MASLD_library_design/RNA-seq/Human/Patient_Cohorts/data/raw/GSE213621/fastq/SRR21622971_1.fastq.gz	/gpfs/commons/groups/sanjana_lab/Cas13/MASLD_library_design/RNA-seq/Human/Patient_Cohorts/data/raw/GSE213621/fastq/SRR21622971_2.fastq.gz	PAIRED
SRR21622972	GSM6590087	Fibrosis_F2			Liver	liver cells	/gpfs/commons/groups/sanjana_lab/Cas13/MASLD_library_design/RNA-seq/Human/Patient_Cohorts/data/raw/GSE213621/fastq/SRR21622972_1.fastq.gz	/gpfs/commons/groups/sanjana_lab/Cas13/MASLD_library_design/RNA-seq/Human/Patient_Cohorts/data/raw/GSE213621/fastq/SRR21622972_2.fastq.gz	PAIRED
SRR21622973	GSM6590088	Fibrosis_F3F4			Liver	liver cells	/gpfs/commons/groups/sanjana_lab/Cas13/MASLD_library_design/RNA-seq/Human/Patient_Cohorts/data/raw/GSE213621/fastq/SRR21622973_1.fastq.gz	/gpfs/commons/groups/sanjana_lab/Cas13/MASLD_library_design/RNA-seq/Human/Patient_Cohorts/data/raw/GSE213621/fastq/SRR21622973_2.fastq.gz	PAIRED
SRR21622974	GSM6590089	Fibrosis_F2			Liver	liver cells	/gpfs/commons/groups/sanjana_lab/Cas13/MASLD_library_design/RNA-seq/Human/Patient_Cohorts/data/raw/GSE213621/fastq/SRR21622974_1.fastq.gz	/gpfs/commons/groups/sanjana_lab/Cas13/MASLD_library_design/RNA-seq/Human/Patient_Cohorts/data/raw/GSE213621/fastq/SRR21622974_2.fastq.gz	PAIRED
SRR21622978	GSM6590093	Fibrosis_F0F1			Liver	liver cells	/gpfs/commons/groups/sanjana_lab/Cas13/MASLD_library_design/RNA-seq/Human/Patient_Cohorts/data/raw/GSE213621/fastq/SRR21622978_1.fastq.gz	/gpfs/commons/groups/sanjana_lab/Cas13/MASLD_library_design/RNA-seq/Human/Patient_Cohorts/data/raw/GSE213621/fastq/SRR21622978_2.fastq.gz	PAIRED
SRR21622979	GSM6590094	Fibrosis_F2			Liver	liver cells	/gpfs/commons/groups/sanjana_lab/Cas13/MASLD_library_design/RNA-seq/Human/Patient_Cohorts/data/raw/GSE213621/fastq/SRR21622979_1.fastq.gz	/gpfs/commons/groups/sanjana_lab/Cas13/MASLD_library_design/RNA-seq/Human/Patient_Cohorts/data/raw/GSE213621/fastq/SRR21622979_2.fastq.gz	PAIRED
SRR21622980	GSM6590095	Control			Liver	liver cells	/gpfs/commons/groups/sanjana_lab/Cas13/MASLD_library_design/RNA-seq/Human/Patient_Cohorts/data/raw/GSE213621/fastq/SRR21622980_1.fastq.gz	/gpfs/commons/groups/sanjana_lab/Cas13/MASLD_library_design/RNA-seq/Human/Patient_Cohorts/data/raw/GSE213621/fastq/SRR21622980_2.fastq.gz	PAIRED
SRR21622984	GSM6590099	Control			Liver	liver cells	/gpfs/commons/groups/sanjana_lab/Cas13/MASLD_library_design/RNA-seq/Human/Patient_Cohorts/data/raw/GSE213621/fastq/SRR21622984_1.fastq.gz	/gpfs/commons/groups/sanjana_lab/Cas13/MASLD_library_design/RNA-seq/Human/Patient_Cohorts/data/raw/GSE213621/fastq/SRR21622984_2.fastq.gz	PAIRED
SRR21622998	GSM6590113	Fibrosis_F3F4			Liver	liver cells	/gpfs/commons/groups/sanjana_lab/Cas13/MASLD_library_design/RNA-seq/Human/Patient_Cohorts/data/raw/GSE213621/fastq/SRR21622998_1.fastq.gz	/gpfs/commons/groups/sanjana_lab/Cas13/MASLD_library_design/RNA-seq/Human/Patient_Cohorts/data/raw/GSE213621/fastq/SRR21622998_2.fastq.gz	PAIRED
SRR21623005	GSM6590120	Fibrosis_F0F1			Liver	liver cells	/gpfs/commons/groups/sanjana_lab/Cas13/MASLD_library_design/RNA-seq/Human/Patient_Cohorts/data/raw/GSE213621/fastq/SRR21623005_1.fastq.gz	/gpfs/commons/groups/sanjana_lab/Cas13/MASLD_library_design/RNA-seq/Human/Patient_Cohorts/data/raw/GSE213621/fastq/SRR21623005_2.fastq.gz	PAIRED
SRR21623010	GSM6590125	Fibrosis_F3F4			Liver	liver cells	/gpfs/commons/groups/sanjana_lab/Cas13/MASLD_library_design/RNA-seq/Human/Patient_Cohorts/data/raw/GSE213621/fastq/SRR21623010_1.fastq.gz	/gpfs/commons/groups/sanjana_lab/Cas13/MASLD_library_design/RNA-seq/Human/Patient_Cohorts/data/raw/GSE213621/fastq/SRR21623010_2.fastq.gz	PAIRED
SRR21623011	GSM6590126	Fibrosis_F2			Liver	liver cells	/gpfs/commons/groups/sanjana_lab/Cas13/MASLD_library_design/RNA-seq/Human/Patient_Cohorts/data/raw/GSE213621/fastq/SRR21623011_1.fastq.gz	/gpfs/commons/groups/sanjana_lab/Cas13/MASLD_library_design/RNA-seq/Human/Patient_Cohorts/data/raw/GSE213621/fastq/SRR21623011_2.fastq.gz	PAIRED
SRR21623016	GSM6590131	Fibrosis_F3F4			Liver	liver cells	/gpfs/commons/groups/sanjana_lab/Cas13/MASLD_library_design/RNA-seq/Human/Patient_Cohorts/data/raw/GSE213621/fastq/SRR21623016_1.fastq.gz	/gpfs/commons/groups/sanjana_lab/Cas13/MASLD_library_design/RNA-seq/Human/Patient_Cohorts/data/raw/GSE213621/fastq/SRR21623016_2.fastq.gz	PAIRED
SRR21623017	GSM6590132	Fibrosis_F0F1			Liver	liver cells	/gpfs/commons/groups/sanjana_lab/Cas13/MASLD_library_design/RNA-seq/Human/Patient_Cohorts/data/raw/GSE213621/fastq/SRR21623017_1.fastq.gz	/gpfs/commons/groups/sanjana_lab/Cas13/MASLD_library_design/RNA-seq/Human/Patient_Cohorts/data/raw/GSE213621/fastq/SRR21623017_2.fastq.gz	PAIRED
SRR21623024	GSM6590139	Control			Liver	liver cells	/gpfs/commons/groups/sanjana_lab/Cas13/MASLD_library_design/RNA-seq/Human/Patient_Cohorts/data/raw/GSE213621/fastq/SRR21623024_1.fastq.gz	/gpfs/commons/groups/sanjana_lab/Cas13/MASLD_library_design/RNA-seq/Human/Patient_Cohorts/data/raw/GSE213621/fastq/SRR21623024_2.fastq.gz	PAIRED
SRR21623025	GSM6590140	Fibrosis_F0F1			Liver	liver cells	/gpfs/commons/groups/sanjana_lab/Cas13/MASLD_library_design/RNA-seq/Human/Patient_Cohorts/data/raw/GSE213621/fastq/SRR21623025_1.fastq.gz	/gpfs/commons/groups/sanjana_lab/Cas13/MASLD_library_design/RNA-seq/Human/Patient_Cohorts/data/raw/GSE213621/fastq/SRR21623025_2.fastq.gz	PAIRED
SRR21623026	GSM6590141	Fibrosis_F2			Liver	liver cells	/gpfs/commons/groups/sanjana_lab/Cas13/MASLD_library_design/RNA-seq/Human/Patient_Cohorts/data/raw/GSE213621/fastq/SRR21623026_1.fastq.gz	/gpfs/commons/groups/sanjana_lab/Cas13/MASLD_library_design/RNA-seq/Human/Patient_Cohorts/data/raw/GSE213621/fastq/SRR21623026_2.fastq.gz	PAIRED
SRR21623030	GSM6590145	Fibrosis_F0F1			Liver	liver cells	/gpfs/commons/groups/sanjana_lab/Cas13/MASLD_library_design/RNA-seq/Human/Patient_Cohorts/data/raw/GSE213621/fastq/SRR21623030_1.fastq.gz	/gpfs/commons/groups/sanjana_lab/Cas13/MASLD_library_design/RNA-seq/Human/Patient_Cohorts/data/raw/GSE213621/fastq/SRR21623030_2.fastq.gz	PAIRED
SRR21623031	GSM6590146	Fibrosis_F2			Liver	liver cells	/gpfs/commons/groups/sanjana_lab/Cas13/MASLD_library_design/RNA-seq/Human/Patient_Cohorts/data/raw/GSE213621/fastq/SRR21623031_1.fastq.gz	/gpfs/commons/groups/sanjana_lab/Cas13/MASLD_library_design/RNA-seq/Human/Patient_Cohorts/data/raw/GSE213621/fastq/SRR21623031_2.fastq.gz	PAIRED
SRR21623032	GSM6590147	Fibrosis_F3F4			Liver	liver cells	/gpfs/commons/groups/sanjana_lab/Cas13/MASLD_library_design/RNA-seq/Human/Patient_Cohorts/data/raw/GSE213621/fastq/SRR21623032_1.fastq.gz	/gpfs/commons/groups/sanjana_lab/Cas13/MASLD_library_design/RNA-seq/Human/Patient_Cohorts/data/raw/GSE213621/fastq/SRR21623032_2.fastq.gz	PAIRED
SRR21623050	GSM6590165	Fibrosis_F2			Liver	liver cells	/gpfs/commons/groups/sanjana_lab/Cas13/MASLD_library_design/RNA-seq/Human/Patient_Cohorts/data/raw/GSE213621/fastq/SRR21623050_1.fastq.gz	/gpfs/commons/groups/sanjana_lab/Cas13/MASLD_library_design/RNA-seq/Human/Patient_Cohorts/data/raw/GSE213621/fastq/SRR21623050_2.fastq.gz	PAIRED
SRR21623051	GSM6590166	Fibrosis_F2			Liver	liver cells	/gpfs/commons/groups/sanjana_lab/Cas13/MASLD_library_design/RNA-seq/Human/Patient_Cohorts/data/raw/GSE213621/fastq/SRR21623051_1.fastq.gz	/gpfs/commons/groups/sanjana_lab/Cas13/MASLD_library_design/RNA-seq/Human/Patient_Cohorts/data/raw/GSE213621/fastq/SRR21623051_2.fastq.gz	PAIRED
SRR21623057	GSM6590172	Fibrosis_F2			Liver	liver cells	/gpfs/commons/groups/sanjana_lab/Cas13/MASLD_library_design/RNA-seq/Human/Patient_Cohorts/data/raw/GSE213621/fastq/SRR21623057_1.fastq.gz	/gpfs/commons/groups/sanjana_lab/Cas13/MASLD_library_design/RNA-seq/Human/Patient_Cohorts/data/raw/GSE213621/fastq/SRR21623057_2.fastq.gz	PAIRED
SRR21623058	GSM6590173	Fibrosis_F0F1			Liver	liver cells	/gpfs/commons/groups/sanjana_lab/Cas13/MASLD_library_design/RNA-seq/Human/Patient_Cohorts/data/raw/GSE213621/fastq/SRR21623058_1.fastq.gz	/gpfs/commons/groups/sanjana_lab/Cas13/MASLD_library_design/RNA-seq/Human/Patient_Cohorts/data/raw/GSE213621/fastq/SRR21623058_2.fastq.gz	PAIRED
SRR21623060	GSM6590175	Fibrosis_F0F1			Liver	liver cells	/gpfs/commons/groups/sanjana_lab/Cas13/MASLD_library_design/RNA-seq/Human/Patient_Cohorts/data/raw/GSE213621/fastq/SRR21623060_1.fastq.gz	/gpfs/commons/groups/sanjana_lab/Cas13/MASLD_library_design/RNA-seq/Human/Patient_Cohorts/data/raw/GSE213621/fastq/SRR21623060_2.fastq.gz	PAIRED
SRR21623062	GSM6590177	Control			Liver	liver cells	/gpfs/commons/groups/sanjana_lab/Cas13/MASLD_library_design/RNA-seq/Human/Patient_Cohorts/data/raw/GSE213621/fastq/SRR21623062_1.fastq.gz	/gpfs/commons/groups/sanjana_lab/Cas13/MASLD_library_design/RNA-seq/Human/Patient_Cohorts/data/raw/GSE213621/fastq/SRR21623062_2.fastq.gz	PAIRED
SRR21623063	GSM6590178	Fibrosis_F2			Liver	liver cells	/gpfs/commons/groups/sanjana_lab/Cas13/MASLD_library_design/RNA-seq/Human/Patient_Cohorts/data/raw/GSE213621/fastq/SRR21623063_1.fastq.gz	/gpfs/commons/groups/sanjana_lab/Cas13/MASLD_library_design/RNA-seq/Human/Patient_Cohorts/data/raw/GSE213621/fastq/SRR21623063_2.fastq.gz	PAIRED
SRR21623064	GSM6590179	Fibrosis_F2			Liver	liver cells	/gpfs/commons/groups/sanjana_lab/Cas13/MASLD_library_design/RNA-seq/Human/Patient_Cohorts/data/raw/GSE213621/fastq/SRR21623064_1.fastq.gz	/gpfs/commons/groups/sanjana_lab/Cas13/MASLD_library_design/RNA-seq/Human/Patient_Cohorts/data/raw/GSE213621/fastq/SRR21623064_2.fastq.gz	PAIRED
SRR21623065	GSM6590180	Fibrosis_F0F1			Liver	liver cells	/gpfs/commons/groups/sanjana_lab/Cas13/MASLD_library_design/RNA-seq/Human/Patient_Cohorts/data/raw/GSE213621/fastq/SRR21623065_1.fastq.gz	/gpfs/commons/groups/sanjana_lab/Cas13/MASLD_library_design/RNA-seq/Human/Patient_Cohorts/data/raw/GSE213621/fastq/SRR21623065_2.fastq.gz	PAIRED
SRR21623066	GSM6590181	Fibrosis_F3F4			Liver	liver cells	/gpfs/commons/groups/sanjana_lab/Cas13/MASLD_library_design/RNA-seq/Human/Patient_Cohorts/data/raw/GSE213621/fastq/SRR21623066_1.fastq.gz	/gpfs/commons/groups/sanjana_lab/Cas13/MASLD_library_design/RNA-seq/Human/Patient_Cohorts/data/raw/GSE213621/fastq/SRR21623066_2.fastq.gz	PAIRED
SRR21623067	GSM6590182	Fibrosis_F2			Liver	liver cells	/gpfs/commons/groups/sanjana_lab/Cas13/MASLD_library_design/RNA-seq/Human/Patient_Cohorts/data/raw/GSE213621/fastq/SRR21623067_1.fastq.gz	/gpfs/commons/groups/sanjana_lab/Cas13/MASLD_library_design/RNA-seq/Human/Patient_Cohorts/data/raw/GSE213621/fastq/SRR21623067_2.fastq.gz	PAIRED
SRR21623070	GSM6590185	Fibrosis_F3F4			Liver	liver cells	/gpfs/commons/groups/sanjana_lab/Cas13/MASLD_library_design/RNA-seq/Human/Patient_Cohorts/data/raw/GSE213621/fastq/SRR21623070_1.fastq.gz	/gpfs/commons/groups/sanjana_lab/Cas13/MASLD_library_design/RNA-seq/Human/Patient_Cohorts/data/raw/GSE213621/fastq/SRR21623070_2.fastq.gz	PAIRED
SRR21623071	GSM6590186	Fibrosis_F3F4			Liver	liver cells	/gpfs/commons/groups/sanjana_lab/Cas13/MASLD_library_design/RNA-seq/Human/Patient_Cohorts/data/raw/GSE213621/fastq/SRR21623071_1.fastq.gz	/gpfs/commons/groups/sanjana_lab/Cas13/MASLD_library_design/RNA-seq/Human/Patient_Cohorts/data/raw/GSE213621/fastq/SRR21623071_2.fastq.gz	PAIRED
SRR21623072	GSM6590187	Fibrosis_F2			Liver	liver cells	/gpfs/commons/groups/sanjana_lab/Cas13/MASLD_library_design/RNA-seq/Human/Patient_Cohorts/data/raw/GSE213621/fastq/SRR21623072_1.fastq.gz	/gpfs/commons/groups/sanjana_lab/Cas13/MASLD_library_design/RNA-seq/Human/Patient_Cohorts/data/raw/GSE213621/fastq/SRR21623072_2.fastq.gz	PAIRED
SRR21623076	GSM6590191	Fibrosis_F0F1			Liver	liver cells	/gpfs/commons/groups/sanjana_lab/Cas13/MASLD_library_design/RNA-seq/Human/Patient_Cohorts/data/raw/GSE213621/fastq/SRR21623076_1.fastq.gz	/gpfs/commons/groups/sanjana_lab/Cas13/MASLD_library_design/RNA-seq/Human/Patient_Cohorts/data/raw/GSE213621/fastq/SRR21623076_2.fastq.gz	PAIRED
SRR21623077	GSM6590192	Fibrosis_F3F4			Liver	liver cells	/gpfs/commons/groups/sanjana_lab/Cas13/MASLD_library_design/RNA-seq/Human/Patient_Cohorts/data/raw/GSE213621/fastq/SRR21623077_1.fastq.gz	/gpfs/commons/groups/sanjana_lab/Cas13/MASLD_library_design/RNA-seq/Human/Patient_Cohorts/data/raw/GSE213621/fastq/SRR21623077_2.fastq.gz	PAIRED
SRR21623078	GSM6590193	Fibrosis_F3F4			Liver	liver cells	/gpfs/commons/groups/sanjana_lab/Cas13/MASLD_library_design/RNA-seq/Human/Patient_Cohorts/data/raw/GSE213621/fastq/SRR21623078_1.fastq.gz	/gpfs/commons/groups/sanjana_lab/Cas13/MASLD_library_design/RNA-seq/Human/Patient_Cohorts/data/raw/GSE213621/fastq/SRR21623078_2.fastq.gz	PAIRED
SRR21623079	GSM6590194	Control			Liver	liver cells	/gpfs/commons/groups/sanjana_lab/Cas13/MASLD_library_design/RNA-seq/Human/Patient_Cohorts/data/raw/GSE213621/fastq/SRR21623079_1.fastq.gz	/gpfs/commons/groups/sanjana_lab/Cas13/MASLD_library_design/RNA-seq/Human/Patient_Cohorts/data/raw/GSE213621/fastq/SRR21623079_2.fastq.gz	PAIRED
SRR21623080	GSM6590195	Fibrosis_F2			Liver	liver cells	/gpfs/commons/groups/sanjana_lab/Cas13/MASLD_library_design/RNA-seq/Human/Patient_Cohorts/data/raw/GSE213621/fastq/SRR21623080_1.fastq.gz	/gpfs/commons/groups/sanjana_lab/Cas13/MASLD_library_design/RNA-seq/Human/Patient_Cohorts/data/raw/GSE213621/fastq/SRR21623080_2.fastq.gz	PAIRED
SRR21623081	GSM6590196	Fibrosis_F3F4			Liver	liver cells	/gpfs/commons/groups/sanjana_lab/Cas13/MASLD_library_design/RNA-seq/Human/Patient_Cohorts/data/raw/GSE213621/fastq/SRR21623081_1.fastq.gz	/gpfs/commons/groups/sanjana_lab/Cas13/MASLD_library_design/RNA-seq/Human/Patient_Cohorts/data/raw/GSE213621/fastq/SRR21623081_2.fastq.gz	PAIRED
SRR21623088	GSM6590203	Fibrosis_F3F4			Liver	liver cells	/gpfs/commons/groups/sanjana_lab/Cas13/MASLD_library_design/RNA-seq/Human/Patient_Cohorts/data/raw/GSE213621/fastq/SRR21623088_1.fastq.gz	/gpfs/commons/groups/sanjana_lab/Cas13/MASLD_library_design/RNA-seq/Human/Patient_Cohorts/data/raw/GSE213621/fastq/SRR21623088_2.fastq.gz	PAIRED
SRR21623089	GSM6590204	Fibrosis_F2			Liver	liver cells	/gpfs/commons/groups/sanjana_lab/Cas13/MASLD_library_design/RNA-seq/Human/Patient_Cohorts/data/raw/GSE213621/fastq/SRR21623089_1.fastq.gz	/gpfs/commons/groups/sanjana_lab/Cas13/MASLD_library_design/RNA-seq/Human/Patient_Cohorts/data/raw/GSE213621/fastq/SRR21623089_2.fastq.gz	PAIRED
SRR21623090	GSM6590205	Fibrosis_F0F1			Liver	liver cells	/gpfs/commons/groups/sanjana_lab/Cas13/MASLD_library_design/RNA-seq/Human/Patient_Cohorts/data/raw/GSE213621/fastq/SRR21623090_1.fastq.gz	/gpfs/commons/groups/sanjana_lab/Cas13/MASLD_library_design/RNA-seq/Human/Patient_Cohorts/data/raw/GSE213621/fastq/SRR21623090_2.fastq.gz	PAIRED
SRR21623091	GSM6590206	Fibrosis_F3F4			Liver	liver cells	/gpfs/commons/groups/sanjana_lab/Cas13/MASLD_library_design/RNA-seq/Human/Patient_Cohorts/data/raw/GSE213621/fastq/SRR21623091_1.fastq.gz	/gpfs/commons/groups/sanjana_lab/Cas13/MASLD_library_design/RNA-seq/Human/Patient_Cohorts/data/raw/GSE213621/fastq/SRR21623091_2.fastq.gz	PAIRED
SRR21623092	GSM6590207	Fibrosis_F2			Liver	liver cells	/gpfs/commons/groups/sanjana_lab/Cas13/MASLD_library_design/RNA-seq/Human/Patient_Cohorts/data/raw/GSE213621/fastq/SRR21623092_1.fastq.gz	/gpfs/commons/groups/sanjana_lab/Cas13/MASLD_library_design/RNA-seq/Human/Patient_Cohorts/data/raw/GSE213621/fastq/SRR21623092_2.fastq.gz	PAIRED
SRR21623098	GSM6590213	Fibrosis_F0F1			Liver	liver cells	/gpfs/commons/groups/sanjana_lab/Cas13/MASLD_library_design/RNA-seq/Human/Patient_Cohorts/data/raw/GSE213621/fastq/SRR21623098_1.fastq.gz	/gpfs/commons/groups/sanjana_lab/Cas13/MASLD_library_design/RNA-seq/Human/Patient_Cohorts/data/raw/GSE213621/fastq/SRR21623098_2.fastq.gz	PAIRED
SRR21623099	GSM6590214	Fibrosis_F0F1			Liver	liver cells	/gpfs/commons/groups/sanjana_lab/Cas13/MASLD_library_design/RNA-seq/Human/Patient_Cohorts/data/raw/GSE213621/fastq/SRR21623099_1.fastq.gz	/gpfs/commons/groups/sanjana_lab/Cas13/MASLD_library_design/RNA-seq/Human/Patient_Cohorts/data/raw/GSE213621/fastq/SRR21623099_2.fastq.gz	PAIRED
SRR21623100	GSM6590215	Fibrosis_F3F4			Liver	liver cells	/gpfs/commons/groups/sanjana_lab/Cas13/MASLD_library_design/RNA-seq/Human/Patient_Cohorts/data/raw/GSE213621/fastq/SRR21623100_1.fastq.gz	/gpfs/commons/groups/sanjana_lab/Cas13/MASLD_library_design/RNA-seq/Human/Patient_Cohorts/data/raw/GSE213621/fastq/SRR21623100_2.fastq.gz	PAIRED
SRR21623106	GSM6590221	Fibrosis_F3F4			Liver	liver cells	/gpfs/commons/groups/sanjana_lab/Cas13/MASLD_library_design/RNA-seq/Human/Patient_Cohorts/data/raw/GSE213621/fastq/SRR21623106_1.fastq.gz	/gpfs/commons/groups/sanjana_lab/Cas13/MASLD_library_design/RNA-seq/Human/Patient_Cohorts/data/raw/GSE213621/fastq/SRR21623106_2.fastq.gz	PAIRED
SRR21623108	GSM6590223	Fibrosis_F2			Liver	liver cells	/gpfs/commons/groups/sanjana_lab/Cas13/MASLD_library_design/RNA-seq/Human/Patient_Cohorts/data/raw/GSE213621/fastq/SRR21623108_1.fastq.gz	/gpfs/commons/groups/sanjana_lab/Cas13/MASLD_library_design/RNA-seq/Human/Patient_Cohorts/data/raw/GSE213621/fastq/SRR21623108_2.fastq.gz	PAIRED
SRR21623109	GSM6590224	Fibrosis_F0F1			Liver	liver cells	/gpfs/commons/groups/sanjana_lab/Cas13/MASLD_library_design/RNA-seq/Human/Patient_Cohorts/data/raw/GSE213621/fastq/SRR21623109_1.fastq.gz	/gpfs/commons/groups/sanjana_lab/Cas13/MASLD_library_design/RNA-seq/Human/Patient_Cohorts/data/raw/GSE213621/fastq/SRR21623109_2.fastq.gz	PAIRED
SRR21623110	GSM6590225	Fibrosis_F2			Liver	liver cells	/gpfs/commons/groups/sanjana_lab/Cas13/MASLD_library_design/RNA-seq/Human/Patient_Cohorts/data/raw/GSE213621/fastq/SRR21623110_1.fastq.gz	/gpfs/commons/groups/sanjana_lab/Cas13/MASLD_library_design/RNA-seq/Human/Patient_Cohorts/data/raw/GSE213621/fastq/SRR21623110_2.fastq.gz	PAIRED
SRR21623111	GSM6590226	Fibrosis_F2			Liver	liver cells	/gpfs/commons/groups/sanjana_lab/Cas13/MASLD_library_design/RNA-seq/Human/Patient_Cohorts/data/raw/GSE213621/fastq/SRR21623111_1.fastq.gz	/gpfs/commons/groups/sanjana_lab/Cas13/MASLD_library_design/RNA-seq/Human/Patient_Cohorts/data/raw/GSE213621/fastq/SRR21623111_2.fastq.gz	PAIRED
SRR21623118	GSM6590233	Fibrosis_F2			Liver	liver cells	/gpfs/commons/groups/sanjana_lab/Cas13/MASLD_library_design/RNA-seq/Human/Patient_Cohorts/data/raw/GSE213621/fastq/SRR21623118_1.fastq.gz	/gpfs/commons/groups/sanjana_lab/Cas13/MASLD_library_design/RNA-seq/Human/Patient_Cohorts/data/raw/GSE213621/fastq/SRR21623118_2.fastq.gz	PAIRED
SRR21623119	GSM6590234	Fibrosis_F3F4			Liver	liver cells	/gpfs/commons/groups/sanjana_lab/Cas13/MASLD_library_design/RNA-seq/Human/Patient_Cohorts/data/raw/GSE213621/fastq/SRR21623119_1.fastq.gz	/gpfs/commons/groups/sanjana_lab/Cas13/MASLD_library_design/RNA-seq/Human/Patient_Cohorts/data/raw/GSE213621/fastq/SRR21623119_2.fastq.gz	PAIRED
SRR21623120	GSM6590235	Fibrosis_F0F1			Liver	liver cells	/gpfs/commons/groups/sanjana_lab/Cas13/MASLD_library_design/RNA-seq/Human/Patient_Cohorts/data/raw/GSE213621/fastq/SRR21623120_1.fastq.gz	/gpfs/commons/groups/sanjana_lab/Cas13/MASLD_library_design/RNA-seq/Human/Patient_Cohorts/data/raw/GSE213621/fastq/SRR21623120_2.fastq.gz	PAIRED
SRR21623125	GSM6590240	Fibrosis_F0F1			Liver	liver cells	/gpfs/commons/groups/sanjana_lab/Cas13/MASLD_library_design/RNA-seq/Human/Patient_Cohorts/data/raw/GSE213621/fastq/SRR21623125_1.fastq.gz	/gpfs/commons/groups/sanjana_lab/Cas13/MASLD_library_design/RNA-seq/Human/Patient_Cohorts/data/raw/GSE213621/fastq/SRR21623125_2.fastq.gz	PAIRED
SRR21623126	GSM6590241	Fibrosis_F3F4			Liver	liver cells	/gpfs/commons/groups/sanjana_lab/Cas13/MASLD_library_design/RNA-seq/Human/Patient_Cohorts/data/raw/GSE213621/fastq/SRR21623126_1.fastq.gz	/gpfs/commons/groups/sanjana_lab/Cas13/MASLD_library_design/RNA-seq/Human/Patient_Cohorts/data/raw/GSE213621/fastq/SRR21623126_2.fastq.gz	PAIRED
SRR21623127	GSM6590242	Fibrosis_F0F1			Liver	liver cells	/gpfs/commons/groups/sanjana_lab/Cas13/MASLD_library_design/RNA-seq/Human/Patient_Cohorts/data/raw/GSE213621/fastq/SRR21623127_1.fastq.gz	/gpfs/commons/groups/sanjana_lab/Cas13/MASLD_library_design/RNA-seq/Human/Patient_Cohorts/data/raw/GSE213621/fastq/SRR21623127_2.fastq.gz	PAIRED
SRR21623128	GSM6590243	Fibrosis_F3F4			Liver	liver cells	/gpfs/commons/groups/sanjana_lab/Cas13/MASLD_library_design/RNA-seq/Human/Patient_Cohorts/data/raw/GSE213621/fastq/SRR21623128_1.fastq.gz	/gpfs/commons/groups/sanjana_lab/Cas13/MASLD_library_design/RNA-seq/Human/Patient_Cohorts/data/raw/GSE213621/fastq/SRR21623128_2.fastq.gz	PAIRED
SRR21623129	GSM6590244	Fibrosis_F2			Liver	liver cells	/gpfs/commons/groups/sanjana_lab/Cas13/MASLD_library_design/RNA-seq/Human/Patient_Cohorts/data/raw/GSE213621/fastq/SRR21623129_1.fastq.gz	/gpfs/commons/groups/sanjana_lab/Cas13/MASLD_library_design/RNA-seq/Human/Patient_Cohorts/data/raw/GSE213621/fastq/SRR21623129_2.fastq.gz	PAIRED
SRR21623130	GSM6590245	Fibrosis_F0F1			Liver	liver cells	/gpfs/commons/groups/sanjana_lab/Cas13/MASLD_library_design/RNA-seq/Human/Patient_Cohorts/data/raw/GSE213621/fastq/SRR21623130_1.fastq.gz	/gpfs/commons/groups/sanjana_lab/Cas13/MASLD_library_design/RNA-seq/Human/Patient_Cohorts/data/raw/GSE213621/fastq/SRR21623130_2.fastq.gz	PAIRED
SRR21623132	GSM6590247	Fibrosis_F0F1			Liver	liver cells	/gpfs/commons/groups/sanjana_lab/Cas13/MASLD_library_design/RNA-seq/Human/Patient_Cohorts/data/raw/GSE213621/fastq/SRR21623132_1.fastq.gz	/gpfs/commons/groups/sanjana_lab/Cas13/MASLD_library_design/RNA-seq/Human/Patient_Cohorts/data/raw/GSE213621/fastq/SRR21623132_2.fastq.gz	PAIRED
SRR21623133	GSM6590248	Control			Liver	liver cells	/gpfs/commons/groups/sanjana_lab/Cas13/MASLD_library_design/RNA-seq/Human/Patient_Cohorts/data/raw/GSE213621/fastq/SRR21623133_1.fastq.gz	/gpfs/commons/groups/sanjana_lab/Cas13/MASLD_library_design/RNA-seq/Human/Patient_Cohorts/data/raw/GSE213621/fastq/SRR21623133_2.fastq.gz	PAIRED
SRR21623134	GSM6590249	Fibrosis_F3F4			Liver	liver cells	/gpfs/commons/groups/sanjana_lab/Cas13/MASLD_library_design/RNA-seq/Human/Patient_Cohorts/data/raw/GSE213621/fastq/SRR21623134_1.fastq.gz	/gpfs/commons/groups/sanjana_lab/Cas13/MASLD_library_design/RNA-seq/Human/Patient_Cohorts/data/raw/GSE213621/fastq/SRR21623134_2.fastq.gz	PAIRED
SRR21623135	GSM6590250	Fibrosis_F0F1			Liver	liver cells	/gpfs/commons/groups/sanjana_lab/Cas13/MASLD_library_design/RNA-seq/Human/Patient_Cohorts/data/raw/GSE213621/fastq/SRR21623135_1.fastq.gz	/gpfs/commons/groups/sanjana_lab/Cas13/MASLD_library_design/RNA-seq/Human/Patient_Cohorts/data/raw/GSE213621/fastq/SRR21623135_2.fastq.gz	PAIRED
SRR21623145	GSM6590260	Fibrosis_F3F4			Liver	liver cells	/gpfs/commons/groups/sanjana_lab/Cas13/MASLD_library_design/RNA-seq/Human/Patient_Cohorts/data/raw/GSE213621/fastq/SRR21623145_1.fastq.gz	/gpfs/commons/groups/sanjana_lab/Cas13/MASLD_library_design/RNA-seq/Human/Patient_Cohorts/data/raw/GSE213621/fastq/SRR21623145_2.fastq.gz	PAIRED
SRR21623146	GSM6590261	Fibrosis_F3F4			Liver	liver cells	/gpfs/commons/groups/sanjana_lab/Cas13/MASLD_library_design/RNA-seq/Human/Patient_Cohorts/data/raw/GSE213621/fastq/SRR21623146_1.fastq.gz	/gpfs/commons/groups/sanjana_lab/Cas13/MASLD_library_design/RNA-seq/Human/Patient_Cohorts/data/raw/GSE213621/fastq/SRR21623146_2.fastq.gz	PAIRED
SRR21623147	GSM6590262	Fibrosis_F3F4			Liver	liver cells	/gpfs/commons/groups/sanjana_lab/Cas13/MASLD_library_design/RNA-seq/Human/Patient_Cohorts/data/raw/GSE213621/fastq/SRR21623147_1.fastq.gz	/gpfs/commons/groups/sanjana_lab/Cas13/MASLD_library_design/RNA-seq/Human/Patient_Cohorts/data/raw/GSE213621/fastq/SRR21623147_2.fastq.gz	PAIRED
SRR21623148	GSM6590263	Fibrosis_F0F1			Liver	liver cells	/gpfs/commons/groups/sanjana_lab/Cas13/MASLD_library_design/RNA-seq/Human/Patient_Cohorts/data/raw/GSE213621/fastq/SRR21623148_1.fastq.gz	/gpfs/commons/groups/sanjana_lab/Cas13/MASLD_library_design/RNA-seq/Human/Patient_Cohorts/data/raw/GSE213621/fastq/SRR21623148_2.fastq.gz	PAIRED
SRR21623149	GSM6590264	Fibrosis_F2			Liver	liver cells	/gpfs/commons/groups/sanjana_lab/Cas13/MASLD_library_design/RNA-seq/Human/Patient_Cohorts/data/raw/GSE213621/fastq/SRR21623149_1.fastq.gz	/gpfs/commons/groups/sanjana_lab/Cas13/MASLD_library_design/RNA-seq/Human/Patient_Cohorts/data/raw/GSE213621/fastq/SRR21623149_2.fastq.gz	PAIRED
SRR21623152	GSM6590267	Fibrosis_F2			Liver	liver cells	/gpfs/commons/groups/sanjana_lab/Cas13/MASLD_library_design/RNA-seq/Human/Patient_Cohorts/data/raw/GSE213621/fastq/SRR21623152_1.fastq.gz	/gpfs/commons/groups/sanjana_lab/Cas13/MASLD_library_design/RNA-seq/Human/Patient_Cohorts/data/raw/GSE213621/fastq/SRR21623152_2.fastq.gz	PAIRED
SRR21623153	GSM6590268	Fibrosis_F3F4			Liver	liver cells	/gpfs/commons/groups/sanjana_lab/Cas13/MASLD_library_design/RNA-seq/Human/Patient_Cohorts/data/raw/GSE213621/fastq/SRR21623153_1.fastq.gz	/gpfs/commons/groups/sanjana_lab/Cas13/MASLD_library_design/RNA-seq/Human/Patient_Cohorts/data/raw/GSE213621/fastq/SRR21623153_2.fastq.gz	PAIRED
SRR21623154	GSM6590269	Fibrosis_F2			Liver	liver cells	/gpfs/commons/groups/sanjana_lab/Cas13/MASLD_library_design/RNA-seq/Human/Patient_Cohorts/data/raw/GSE213621/fastq/SRR21623154_1.fastq.gz	/gpfs/commons/groups/sanjana_lab/Cas13/MASLD_library_design/RNA-seq/Human/Patient_Cohorts/data/raw/GSE213621/fastq/SRR21623154_2.fastq.gz	PAIRED
SRR21623155	GSM6590270	Fibrosis_F3F4			Liver	liver cells	/gpfs/commons/groups/sanjana_lab/Cas13/MASLD_library_design/RNA-seq/Human/Patient_Cohorts/data/raw/GSE213621/fastq/SRR21623155_1.fastq.gz	/gpfs/commons/groups/sanjana_lab/Cas13/MASLD_library_design/RNA-seq/Human/Patient_Cohorts/data/raw/GSE213621/fastq/SRR21623155_2.fastq.gz	PAIRED
SRR21623156	GSM6590271	Fibrosis_F3F4			Liver	liver cells	/gpfs/commons/groups/sanjana_lab/Cas13/MASLD_library_design/RNA-seq/Human/Patient_Cohorts/data/raw/GSE213621/fastq/SRR21623156_1.fastq.gz	/gpfs/commons/groups/sanjana_lab/Cas13/MASLD_library_design/RNA-seq/Human/Patient_Cohorts/data/raw/GSE213621/fastq/SRR21623156_2.fastq.gz	PAIRED
SRR21623158	GSM6590273	Fibrosis_F3F4			Liver	liver cells	/gpfs/commons/groups/sanjana_lab/Cas13/MASLD_library_design/RNA-seq/Human/Patient_Cohorts/data/raw/GSE213621/fastq/SRR21623158_1.fastq.gz	/gpfs/commons/groups/sanjana_lab/Cas13/MASLD_library_design/RNA-seq/Human/Patient_Cohorts/data/raw/GSE213621/fastq/SRR21623158_2.fastq.gz	PAIRED
SRR21623159	GSM6590274	Fibrosis_F2			Liver	liver cells	/gpfs/commons/groups/sanjana_lab/Cas13/MASLD_library_design/RNA-seq/Human/Patient_Cohorts/data/raw/GSE213621/fastq/SRR21623159_1.fastq.gz	/gpfs/commons/groups/sanjana_lab/Cas13/MASLD_library_design/RNA-seq/Human/Patient_Cohorts/data/raw/GSE213621/fastq/SRR21623159_2.fastq.gz	PAIRED
SRR21623160	GSM6590275	Fibrosis_F0F1			Liver	liver cells	/gpfs/commons/groups/sanjana_lab/Cas13/MASLD_library_design/RNA-seq/Human/Patient_Cohorts/data/raw/GSE213621/fastq/SRR21623160_1.fastq.gz	/gpfs/commons/groups/sanjana_lab/Cas13/MASLD_library_design/RNA-seq/Human/Patient_Cohorts/data/raw/GSE213621/fastq/SRR21623160_2.fastq.gz	PAIRED
SRR21623161	GSM6590276	Fibrosis_F3F4			Liver	liver cells	/gpfs/commons/groups/sanjana_lab/Cas13/MASLD_library_design/RNA-seq/Human/Patient_Cohorts/data/raw/GSE213621/fastq/SRR21623161_1.fastq.gz	/gpfs/commons/groups/sanjana_lab/Cas13/MASLD_library_design/RNA-seq/Human/Patient_Cohorts/data/raw/GSE213621/fastq/SRR21623161_2.fastq.gz	PAIRED
SRR21623167	GSM6590282	Fibrosis_F0F1			Liver	liver cells	/gpfs/commons/groups/sanjana_lab/Cas13/MASLD_library_design/RNA-seq/Human/Patient_Cohorts/data/raw/GSE213621/fastq/SRR21623167_1.fastq.gz	/gpfs/commons/groups/sanjana_lab/Cas13/MASLD_library_design/RNA-seq/Human/Patient_Cohorts/data/raw/GSE213621/fastq/SRR21623167_2.fastq.gz	PAIRED
SRR21623168	GSM6590283	Fibrosis_F3F4			Liver	liver cells	/gpfs/commons/groups/sanjana_lab/Cas13/MASLD_library_design/RNA-seq/Human/Patient_Cohorts/data/raw/GSE213621/fastq/SRR21623168_1.fastq.gz	/gpfs/commons/groups/sanjana_lab/Cas13/MASLD_library_design/RNA-seq/Human/Patient_Cohorts/data/raw/GSE213621/fastq/SRR21623168_2.fastq.gz	PAIRED
SRR21623169	GSM6590284	Fibrosis_F0F1			Liver	liver cells	/gpfs/commons/groups/sanjana_lab/Cas13/MASLD_library_design/RNA-seq/Human/Patient_Cohorts/data/raw/GSE213621/fastq/SRR21623169_1.fastq.gz	/gpfs/commons/groups/sanjana_lab/Cas13/MASLD_library_design/RNA-seq/Human/Patient_Cohorts/data/raw/GSE213621/fastq/SRR21623169_2.fastq.gz	PAIRED
SRR21623170	GSM6590285	Fibrosis_F3F4			Liver	liver cells	/gpfs/commons/groups/sanjana_lab/Cas13/MASLD_library_design/RNA-seq/Human/Patient_Cohorts/data/raw/GSE213621/fastq/SRR21623170_1.fastq.gz	/gpfs/commons/groups/sanjana_lab/Cas13/MASLD_library_design/RNA-seq/Human/Patient_Cohorts/data/raw/GSE213621/fastq/SRR21623170_2.fastq.gz	PAIRED
SRR21623171	GSM6590286	Fibrosis_F0F1			Liver	liver cells	/gpfs/commons/groups/sanjana_lab/Cas13/MASLD_library_design/RNA-seq/Human/Patient_Cohorts/data/raw/GSE213621/fastq/SRR21623171_1.fastq.gz	/gpfs/commons/groups/sanjana_lab/Cas13/MASLD_library_design/RNA-seq/Human/Patient_Cohorts/data/raw/GSE213621/fastq/SRR21623171_2.fastq.gz	PAIRED
SRR21623179	GSM6590294	Fibrosis_F0F1			Liver	liver cells	/gpfs/commons/groups/sanjana_lab/Cas13/MASLD_library_design/RNA-seq/Human/Patient_Cohorts/data/raw/GSE213621/fastq/SRR21623179_1.fastq.gz	/gpfs/commons/groups/sanjana_lab/Cas13/MASLD_library_design/RNA-seq/Human/Patient_Cohorts/data/raw/GSE213621/fastq/SRR21623179_2.fastq.gz	PAIRED
SRR21623180	GSM6590295	Fibrosis_F3F4			Liver	liver cells	/gpfs/commons/groups/sanjana_lab/Cas13/MASLD_library_design/RNA-seq/Human/Patient_Cohorts/data/raw/GSE213621/fastq/SRR21623180_1.fastq.gz	/gpfs/commons/groups/sanjana_lab/Cas13/MASLD_library_design/RNA-seq/Human/Patient_Cohorts/data/raw/GSE213621/fastq/SRR21623180_2.fastq.gz	PAIRED
SRR21623181	GSM6590296	Fibrosis_F0F1			Liver	liver cells	/gpfs/commons/groups/sanjana_lab/Cas13/MASLD_library_design/RNA-seq/Human/Patient_Cohorts/data/raw/GSE213621/fastq/SRR21623181_1.fastq.gz	/gpfs/commons/groups/sanjana_lab/Cas13/MASLD_library_design/RNA-seq/Human/Patient_Cohorts/data/raw/GSE213621/fastq/SRR21623181_2.fastq.gz	PAIRED
SRR21623187	GSM6590302	Fibrosis_F3F4			Liver	liver cells	/gpfs/commons/groups/sanjana_lab/Cas13/MASLD_library_design/RNA-seq/Human/Patient_Cohorts/data/raw/GSE213621/fastq/SRR21623187_1.fastq.gz	/gpfs/commons/groups/sanjana_lab/Cas13/MASLD_library_design/RNA-seq/Human/Patient_Cohorts/data/raw/GSE213621/fastq/SRR21623187_2.fastq.gz	PAIRED
SRR21623190	GSM6590305	Fibrosis_F3F4			Liver	liver cells	/gpfs/commons/groups/sanjana_lab/Cas13/MASLD_library_design/RNA-seq/Human/Patient_Cohorts/data/raw/GSE213621/fastq/SRR21623190_1.fastq.gz	/gpfs/commons/groups/sanjana_lab/Cas13/MASLD_library_design/RNA-seq/Human/Patient_Cohorts/data/raw/GSE213621/fastq/SRR21623190_2.fastq.gz	PAIRED
SRR21623191	GSM6590306	Fibrosis_F3F4			Liver	liver cells	/gpfs/commons/groups/sanjana_lab/Cas13/MASLD_library_design/RNA-seq/Human/Patient_Cohorts/data/raw/GSE213621/fastq/SRR21623191_1.fastq.gz	/gpfs/commons/groups/sanjana_lab/Cas13/MASLD_library_design/RNA-seq/Human/Patient_Cohorts/data/raw/GSE213621/fastq/SRR21623191_2.fastq.gz	PAIRED
SRR21623192	GSM6590307	Fibrosis_F3F4			Liver	liver cells	/gpfs/commons/groups/sanjana_lab/Cas13/MASLD_library_design/RNA-seq/Human/Patient_Cohorts/data/raw/GSE213621/fastq/SRR21623192_1.fastq.gz	/gpfs/commons/groups/sanjana_lab/Cas13/MASLD_library_design/RNA-seq/Human/Patient_Cohorts/data/raw/GSE213621/fastq/SRR21623192_2.fastq.gz	PAIRED
