Run,Assay Type,AvgSpotLen,Bases,BioProject,BioSample,Bytes,cell_type,Center Name,Consent,DATASTORE filetype,DATASTORE provider,DATASTORE region,Experiment,fibrotic_stage,GEO_Accession (exp),Instrument,LibraryLayout,LibrarySelection,LibrarySource,Organism,Platform,ReleaseDate,create_date,version,Sample Name,source_name,SRA Study
SRR21622825,RNA-Seq,302,20512059554,PRJNA881948,SAMN30919266,6505142616,liver cells,GEO,public,"run.zq,sra,fastq","gs,ncbi,s3","ncbi.public,gs.us-east1,s3.us-east-1",SRX17623649,F2,GSM6589940,Illumina HiSeq 2500,PAIRED,cDNA,TRANSCRIPTOMIC,Homo sapiens,ILLUMINA,2023-03-01T00:00:00Z,2022-09-19T13:51:00Z,1,GSM6589940,liver cells,SRP398015
SRR21622826,RNA-Seq,302,25595472742,PRJNA881948,SAMN30919267,8236326532,liver cells,GEO,public,"run.zq,fastq,sra","s3,ncbi,gs","gs.us-east1,ncbi.public,s3.us-east-1",SRX17623650,Control,GSM6589941,Illumina HiSeq 2500,PAIRED,cDNA,TRANSCRIPTOMIC,Homo sapiens,ILLUMINA,2023-03-01T00:00:00Z,2022-09-19T12:17:00Z,1,GSM6589941,liver cells,SRP398015
SRR21622830,RNA-Seq,302,16872046306,PRJNA881948,SAMN30919271,5049357896,liver cells,GEO,public,"fastq,sra,run.zq","ncbi,s3,gs","s3.us-east-1,gs.us-east1,ncbi.public",SRX17623654,Control,GSM6589945,Illumina HiSeq 2500,PAIRED,cDNA,TRANSCRIPTOMIC,Homo sapiens,ILLUMINA,2023-03-01T00:00:00Z,2022-09-19T12:39:00Z,1,GSM6589945,liver cells,SRP398015
SRR21622831,RNA-Seq,302,34342545778,PRJNA881948,SAMN30919272,11077263904,liver cells,GEO,public,"fastq,sra,run.zq","ncbi,gs,s3","ncbi.public,s3.us-east-1,gs.us-east1",SRX17623655,F2,GSM6589946,Illumina HiSeq 2500,PAIRED,cDNA,TRANSCRIPTOMIC,Homo sapiens,ILLUMINA,2023-03-01T00:00:00Z,2022-09-19T15:37:00Z,1,GSM6589946,liver cells,SRP398015
SRR21622837,RNA-Seq,302,16980535578,PRJNA881948,SAMN30919278,5488665540,liver cells,GEO,public,"sra,fastq,run.zq","ncbi,gs,s3","s3.us-east-1,ncbi.public,gs.us-east1",SRX17623661,Control,GSM6589952,Illumina HiSeq 2500,PAIRED,cDNA,TRANSCRIPTOMIC,Homo sapiens,ILLUMINA,2023-03-01T00:00:00Z,2022-09-19T12:27:00Z,1,GSM6589952,liver cells,SRP398015
SRR21622841,RNA-Seq,302,31773202560,PRJNA881948,SAMN30919282,10294199524,liver cells,GEO,public,"fastq,sra,run.zq","s3,gs,ncbi","gs.us-east1,s3.us-east-1,ncbi.public",SRX17623665,Control,GSM6589956,Illumina HiSeq 2500,PAIRED,cDNA,TRANSCRIPTOMIC,Homo sapiens,ILLUMINA,2023-03-01T00:00:00Z,2022-09-19T12:41:00Z,1,GSM6589956,liver cells,SRP398015
SRR21622842,RNA-Seq,302,25557993032,PRJNA881948,SAMN30919283,7967451791,liver cells,GEO,public,"sra,run.zq,fastq","gs,ncbi,s3","ncbi.public,s3.us-east-1,gs.us-east1",SRX17623666,F2,GSM6589957,Illumina HiSeq 2500,PAIRED,cDNA,TRANSCRIPTOMIC,Homo sapiens,ILLUMINA,2023-03-01T00:00:00Z,2022-09-19T12:06:00Z,1,GSM6589957,liver cells,SRP398015
SRR21622844,RNA-Seq,302,28373812946,PRJNA881948,SAMN30919285,8988277014,liver cells,GEO,public,"sra,run.zq,fastq","gs,s3,ncbi","s3.us-east-1,gs.us-east1,ncbi.public",SRX17623668,F2,GSM6589959,Illumina HiSeq 2500,PAIRED,cDNA,TRANSCRIPTOMIC,Homo sapiens,ILLUMINA,2023-03-01T00:00:00Z,2022-09-19T11:32:00Z,1,GSM6589959,liver cells,SRP398015
SRR21622846,RNA-Seq,302,17245094524,PRJNA881948,SAMN30919287,5102877368,liver cells,GEO,public,"fastq,sra,run.zq","gs,ncbi,s3","s3.us-east-1,ncbi.public,gs.us-east1",SRX17623670,Control,GSM6589961,Illumina HiSeq 2500,PAIRED,cDNA,TRANSCRIPTOMIC,Homo sapiens,ILLUMINA,2023-03-01T00:00:00Z,2022-09-19T11:15:00Z,1,GSM6589961,liver cells,SRP398015
SRR21622847,RNA-Seq,302,28289512062,PRJNA881948,SAMN30919288,8821776028,liver cells,GEO,public,"fastq,sra,run.zq","gs,s3,ncbi","s3.us-east-1,gs.us-east1,ncbi.public",SRX17623671,F2,GSM6589962,Illumina HiSeq 2500,PAIRED,cDNA,TRANSCRIPTOMIC,Homo sapiens,ILLUMINA,2023-03-01T00:00:00Z,2022-09-19T11:44:00Z,1,GSM6589962,liver cells,SRP398015
SRR21622848,RNA-Seq,302,28304256910,PRJNA881948,SAMN30919289,8855019839,liver cells,GEO,public,"sra,run.zq,fastq","ncbi,gs,s3","gs.us-east1,ncbi.public,s3.us-east-1",SRX17623672,Control,GSM6589963,Illumina HiSeq 2500,PAIRED,cDNA,TRANSCRIPTOMIC,Homo sapiens,ILLUMINA,2023-03-01T00:00:00Z,2022-09-19T12:38:00Z,1,GSM6589963,liver cells,SRP398015
SRR21622849,RNA-Seq,302,35884303494,PRJNA881948,SAMN30919290,11395617982,liver cells,GEO,public,"sra,fastq,run.zq","s3,gs,ncbi","s3.us-east-1,ncbi.public,gs.us-east1",SRX17623673,F2,GSM6589964,Illumina HiSeq 2500,PAIRED,cDNA,TRANSCRIPTOMIC,Homo sapiens,ILLUMINA,2023-03-01T00:00:00Z,2022-09-19T13:19:00Z,1,GSM6589964,liver cells,SRP398015
SRR21622850,RNA-Seq,302,33488980830,PRJNA881948,SAMN30919291,10609640696,liver cells,GEO,public,"run.zq,sra,fastq","gs,s3,ncbi","s3.us-east-1,gs.us-east1,ncbi.public",SRX17623674,Control,GSM6589965,Illumina HiSeq 2500,PAIRED,cDNA,TRANSCRIPTOMIC,Homo sapiens,ILLUMINA,2023-03-01T00:00:00Z,2022-09-19T11:52:00Z,1,GSM6589965,liver cells,SRP398015
SRR21622851,RNA-Seq,302,29895696646,PRJNA881948,SAMN30919292,9364022200,liver cells,GEO,public,"fastq,run.zq,sra","s3,ncbi,gs","ncbi.public,s3.us-east-1,gs.us-east1",SRX17623675,F0F1,GSM6589966,Illumina HiSeq 2500,PAIRED,cDNA,TRANSCRIPTOMIC,Homo sapiens,ILLUMINA,2023-03-01T00:00:00Z,2022-09-19T11:39:00Z,1,GSM6589966,liver cells,SRP398015
SRR21622854,RNA-Seq,302,25787188986,PRJNA881948,SAMN30919298,8176679319,liver cells,GEO,public,"fastq,run.zq,sra","gs,s3,ncbi","s3.us-east-1,gs.us-east1,ncbi.public",SRX17623678,Control,GSM6589969,Illumina HiSeq 2500,PAIRED,cDNA,TRANSCRIPTOMIC,Homo sapiens,ILLUMINA,2023-03-01T00:00:00Z,2022-09-19T11:46:00Z,1,GSM6589969,liver cells,SRP398015
SRR21622855,RNA-Seq,302,31418790762,PRJNA881948,SAMN30919294,10133266044,liver cells,GEO,public,"fastq,sra,run.zq","ncbi,s3,gs","ncbi.public,s3.us-east-1,gs.us-east1",SRX17623679,F2,GSM6589970,Illumina HiSeq 2500,PAIRED,cDNA,TRANSCRIPTOMIC,Homo sapiens,ILLUMINA,2023-03-01T00:00:00Z,2022-09-19T11:29:00Z,1,GSM6589970,liver cells,SRP398015
SRR21622856,RNA-Seq,302,21976549966,PRJNA881948,SAMN30919295,6938532179,liver cells,GEO,public,"sra,fastq,run.zq","ncbi,gs,s3","gs.us-east1,s3.us-east-1,ncbi.public",SRX17623680,Control,GSM6589971,Illumina HiSeq 2500,PAIRED,cDNA,TRANSCRIPTOMIC,Homo sapiens,ILLUMINA,2023-03-01T00:00:00Z,2022-09-19T12:20:00Z,1,GSM6589971,liver cells,SRP398015
SRR21622857,RNA-Seq,302,20381546630,PRJNA881948,SAMN30919296,6399609789,liver cells,GEO,public,"run.zq,sra,fastq","ncbi,gs,s3","ncbi.public,gs.us-east1,s3.us-east-1",SRX17623681,F2,GSM6589972,Illumina HiSeq 2500,PAIRED,cDNA,TRANSCRIPTOMIC,Homo sapiens,ILLUMINA,2023-03-01T00:00:00Z,2022-09-19T11:19:00Z,1,GSM6589972,liver cells,SRP398015
SRR21622858,RNA-Seq,302,39313274914,PRJNA881948,SAMN30919299,12552291647,liver cells,GEO,public,"sra,run.zq,fastq","ncbi,s3,gs","s3.us-east-1,gs.us-east1,ncbi.public",SRX17623682,Control,GSM6589973,Illumina HiSeq 2500,PAIRED,cDNA,TRANSCRIPTOMIC,Homo sapiens,ILLUMINA,2023-03-01T00:00:00Z,2022-09-19T16:42:00Z,1,GSM6589973,liver cells,SRP398015
SRR21622868,RNA-Seq,302,28909643392,PRJNA881948,SAMN30919311,9046871716,liver cells,GEO,public,"run.zq,sra,fastq","ncbi,s3,gs","ncbi.public,s3.us-east-1,gs.us-east1",SRX17623692,Control,GSM6589983,Illumina HiSeq 2500,PAIRED,cDNA,TRANSCRIPTOMIC,Homo sapiens,ILLUMINA,2023-03-01T00:00:00Z,2022-09-19T11:32:00Z,1,GSM6589983,liver cells,SRP398015
SRR21622869,RNA-Seq,302,19965438950,PRJNA881948,SAMN30919312,6285687278,liver cells,GEO,public,"run.zq,sra,fastq","gs,s3,ncbi","s3.us-east-1,gs.us-east1,ncbi.public",SRX17623693,F0F1,GSM6589984,Illumina HiSeq 2500,PAIRED,cDNA,TRANSCRIPTOMIC,Homo sapiens,ILLUMINA,2023-03-01T00:00:00Z,2022-09-19T11:48:00Z,1,GSM6589984,liver cells,SRP398015
SRR21622870,RNA-Seq,302,28611656670,PRJNA881948,SAMN30919313,9156541431,liver cells,GEO,public,"run.zq,fastq,sra","gs,s3,ncbi","gs.us-east1,s3.us-east-1,ncbi.public",SRX17623694,F2,GSM6589985,Illumina HiSeq 2500,PAIRED,cDNA,TRANSCRIPTOMIC,Homo sapiens,ILLUMINA,2023-03-01T00:00:00Z,2022-09-19T13:48:00Z,1,GSM6589985,liver cells,SRP398015
SRR21622871,RNA-Seq,302,23184610668,PRJNA881948,SAMN30919314,7322541486,liver cells,GEO,public,"fastq,sra,run.zq","s3,gs,ncbi","s3.us-east-1,gs.us-east1,ncbi.public",SRX17623695,F2,GSM6589986,Illumina HiSeq 2500,PAIRED,cDNA,TRANSCRIPTOMIC,Homo sapiens,ILLUMINA,2023-03-01T00:00:00Z,2022-09-19T11:57:00Z,1,GSM6589986,liver cells,SRP398015
SRR21622872,RNA-Seq,302,32030702558,PRJNA881948,SAMN30919315,10180853157,liver cells,GEO,public,"fastq,sra,run.zq","s3,ncbi,gs","gs.us-east1,ncbi.public,s3.us-east-1",SRX17623696,F2,GSM6589987,Illumina HiSeq 2500,PAIRED,cDNA,TRANSCRIPTOMIC,Homo sapiens,ILLUMINA,2023-03-01T00:00:00Z,2022-09-19T12:12:00Z,1,GSM6589987,liver cells,SRP398015
SRR21622873,RNA-Seq,302,25473781540,PRJNA881948,SAMN30919316,8135327299,liver cells,GEO,public,"sra,fastq,run.zq","gs,s3,ncbi","gs.us-east1,ncbi.public,s3.us-east-1",SRX17623697,F0F1,GSM6589988,Illumina HiSeq 2500,PAIRED,cDNA,TRANSCRIPTOMIC,Homo sapiens,ILLUMINA,2023-03-01T00:00:00Z,2022-09-19T13:17:00Z,1,GSM6589988,liver cells,SRP398015
SRR21622876,RNA-Seq,302,28951645250,PRJNA881948,SAMN30919319,9078272093,liver cells,GEO,public,"fastq,run.zq,sra","s3,ncbi,gs","s3.us-east-1,ncbi.public,gs.us-east1",SRX17623700,F0F1,GSM6589991,Illumina HiSeq 2500,PAIRED,cDNA,TRANSCRIPTOMIC,Homo sapiens,ILLUMINA,2023-03-01T00:00:00Z,2022-09-19T15:51:00Z,1,GSM6589991,liver cells,SRP398015
SRR21622877,RNA-Seq,302,29103831506,PRJNA881948,SAMN30919320,9110195306,liver cells,GEO,public,"fastq,sra,run.zq","s3,gs,ncbi","s3.us-east-1,ncbi.public,gs.us-east1",SRX17623701,F2,GSM6589992,Illumina HiSeq 2500,PAIRED,cDNA,TRANSCRIPTOMIC,Homo sapiens,ILLUMINA,2023-03-01T00:00:00Z,2022-09-19T12:59:00Z,1,GSM6589992,liver cells,SRP398015
SRR21622878,RNA-Seq,302,27406901056,PRJNA881948,SAMN30919321,8567792751,liver cells,GEO,public,"sra,fastq,run.zq","ncbi,gs,s3","s3.us-east-1,ncbi.public,gs.us-east1",SRX17623702,F0F1,GSM6589993,Illumina HiSeq 2500,PAIRED,cDNA,TRANSCRIPTOMIC,Homo sapiens,ILLUMINA,2023-03-01T00:00:00Z,2022-09-19T11:36:00Z,1,GSM6589993,liver cells,SRP398015
SRR21622879,RNA-Seq,302,20319586800,PRJNA881948,SAMN30919322,6450310085,liver cells,GEO,public,"run.zq,fastq,sra","s3,ncbi,gs","s3.us-east-1,ncbi.public,gs.us-east1",SRX17623703,F2,GSM6589994,Illumina HiSeq 2500,PAIRED,cDNA,TRANSCRIPTOMIC,Homo sapiens,ILLUMINA,2023-03-01T00:00:00Z,2022-09-19T11:35:00Z,1,GSM6589994,liver cells,SRP398015
SRR21622880,RNA-Seq,302,27916185400,PRJNA881948,SAMN30919323,8994837555,liver cells,GEO,public,"sra,fastq,run.zq","ncbi,gs,s3","s3.us-east-1,ncbi.public,gs.us-east1",SRX17623704,F2,GSM6589995,Illumina HiSeq 2500,PAIRED,cDNA,TRANSCRIPTOMIC,Homo sapiens,ILLUMINA,2023-03-01T00:00:00Z,2022-09-19T12:06:00Z,1,GSM6589995,liver cells,SRP398015
SRR21622881,RNA-Seq,302,37291768454,PRJNA881948,SAMN30919324,11955007772,liver cells,GEO,public,"fastq,sra,run.zq","gs,s3,ncbi","ncbi.public,gs.us-east1,s3.us-east-1",SRX17623705,Control,GSM6589996,Illumina HiSeq 2500,PAIRED,cDNA,TRANSCRIPTOMIC,Homo sapiens,ILLUMINA,2023-03-01T00:00:00Z,2022-09-19T12:54:00Z,1,GSM6589996,liver cells,SRP398015
SRR21622882,RNA-Seq,302,30573472528,PRJNA881948,SAMN30919325,9771890908,liver cells,GEO,public,"fastq,sra,run.zq","ncbi,gs,s3","s3.us-east-1,ncbi.public,gs.us-east1",SRX17623706,Control,GSM6589997,Illumina HiSeq 2500,PAIRED,cDNA,TRANSCRIPTOMIC,Homo sapiens,ILLUMINA,2023-03-01T00:00:00Z,2022-09-19T11:44:00Z,1,GSM6589997,liver cells,SRP398015
SRR21622883,RNA-Seq,302,29932906368,PRJNA881948,SAMN30919236,9668969534,liver cells,GEO,public,"run.zq,sra,fastq","gs,ncbi,s3","s3.us-east-1,gs.us-east1,ncbi.public",SRX17623707,Control,GSM6589998,Illumina HiSeq 2500,PAIRED,cDNA,TRANSCRIPTOMIC,Homo sapiens,ILLUMINA,2023-03-01T00:00:00Z,2022-09-19T12:10:00Z,1,GSM6589998,liver cells,SRP398015
SRR21622884,RNA-Seq,302,27905432086,PRJNA881948,SAMN30919237,8945117067,liver cells,GEO,public,"sra,fastq,run.zq","ncbi,s3,gs","s3.us-east-1,ncbi.public,gs.us-east1",SRX17623708,Control,GSM6589999,Illumina HiSeq 2500,PAIRED,cDNA,TRANSCRIPTOMIC,Homo sapiens,ILLUMINA,2023-03-01T00:00:00Z,2022-09-19T15:43:00Z,1,GSM6589999,liver cells,SRP398015
SRR21622885,RNA-Seq,302,34373322296,PRJNA881948,SAMN30919326,11025960091,liver cells,GEO,public,"sra,fastq,run.zq","gs,s3,ncbi","ncbi.public,s3.us-east-1,gs.us-east1",SRX17623709,F3F4,GSM6590000,Illumina HiSeq 2500,PAIRED,cDNA,TRANSCRIPTOMIC,Homo sapiens,ILLUMINA,2023-03-01T00:00:00Z,2022-09-19T12:08:00Z,1,GSM6590000,liver cells,SRP398015
SRR21622886,RNA-Seq,302,33971779774,PRJNA881948,SAMN30919327,10927136917,liver cells,GEO,public,"sra,fastq,run.zq","gs,ncbi,s3","ncbi.public,gs.us-east1,s3.us-east-1",SRX17623710,F2,GSM6590001,Illumina HiSeq 2500,PAIRED,cDNA,TRANSCRIPTOMIC,Homo sapiens,ILLUMINA,2023-03-01T00:00:00Z,2022-09-19T11:54:00Z,1,GSM6590001,liver cells,SRP398015
SRR21622887,RNA-Seq,302,16829998544,PRJNA881948,SAMN30919235,4962153736,liver cells,GEO,public,"sra,run.zq,fastq","gs,s3,ncbi","s3.us-east-1,gs.us-east1,ncbi.public",SRX17623711,F2,GSM6590002,Illumina HiSeq 2500,PAIRED,cDNA,TRANSCRIPTOMIC,Homo sapiens,ILLUMINA,2023-03-01T00:00:00Z,2022-09-19T14:33:00Z,1,GSM6590002,liver cells,SRP398015
SRR21622888,RNA-Seq,302,28224781684,PRJNA881948,SAMN30919238,8926476984,liver cells,GEO,public,"fastq,sra,run.zq","gs,s3,ncbi","s3.us-east-1,gs.us-east1,ncbi.public",SRX17623712,F0F1,GSM6590003,Illumina HiSeq 2500,PAIRED,cDNA,TRANSCRIPTOMIC,Homo sapiens,ILLUMINA,2023-03-01T00:00:00Z,2022-09-19T12:18:00Z,1,GSM6590003,liver cells,SRP398015
SRR21622889,RNA-Seq,302,32368900278,PRJNA881948,SAMN30919239,10344042365,liver cells,GEO,public,"run.zq,fastq,sra","s3,ncbi,gs","s3.us-east-1,ncbi.public,gs.us-east1",SRX17623713,Control,GSM6590004,Illumina HiSeq 2500,PAIRED,cDNA,TRANSCRIPTOMIC,Homo sapiens,ILLUMINA,2023-03-01T00:00:00Z,2022-09-19T11:42:00Z,1,GSM6590004,liver cells,SRP398015
SRR21622890,RNA-Seq,302,41314572742,PRJNA881948,SAMN30919240,13072284561,liver cells,GEO,public,"run.zq,sra,fastq","ncbi,s3,gs","s3.us-east-1,ncbi.public,gs.us-east1",SRX17623714,F3F4,GSM6590005,Illumina HiSeq 2500,PAIRED,cDNA,TRANSCRIPTOMIC,Homo sapiens,ILLUMINA,2023-03-01T00:00:00Z,2022-09-19T14:26:00Z,1,GSM6590005,liver cells,SRP398015
SRR21622893,RNA-Seq,302,28664572204,PRJNA881948,SAMN30919243,9193810582,liver cells,GEO,public,"run.zq,fastq,sra","gs,ncbi,s3","gs.us-east1,s3.us-east-1,ncbi.public",SRX17623717,F0F1,GSM6590008,Illumina HiSeq 2500,PAIRED,cDNA,TRANSCRIPTOMIC,Homo sapiens,ILLUMINA,2023-03-01T00:00:00Z,2022-09-19T11:49:00Z,1,GSM6590008,liver cells,SRP398015
SRR21622894,RNA-Seq,302,26313528478,PRJNA881948,SAMN30919244,8266739072,liver cells,GEO,public,"fastq,sra,run.zq","ncbi,s3,gs","gs.us-east1,ncbi.public,s3.us-east-1",SRX17623790,F2,GSM6590009,Illumina HiSeq 2500,PAIRED,cDNA,TRANSCRIPTOMIC,Homo sapiens,ILLUMINA,2023-03-01T00:00:00Z,2022-09-19T12:52:00Z,1,GSM6590009,liver cells,SRP398015
SRR21622897,RNA-Seq,302,25685292978,PRJNA881948,SAMN30919248,8193915977,liver cells,GEO,public,"sra,run.zq,fastq","s3,gs,ncbi","s3.us-east-1,ncbi.public,gs.us-east1",SRX17623793,F3F4,GSM6590012,Illumina HiSeq 2500,PAIRED,cDNA,TRANSCRIPTOMIC,Homo sapiens,ILLUMINA,2023-03-01T00:00:00Z,2022-09-19T12:02:00Z,1,GSM6590012,liver cells,SRP398015
SRR21622898,RNA-Seq,302,32452635818,PRJNA881948,SAMN30919249,10053092490,liver cells,GEO,public,"sra,run.zq,fastq","ncbi,s3,gs","ncbi.public,s3.us-east-1,gs.us-east1",SRX17623794,Control,GSM6590013,Illumina HiSeq 2500,PAIRED,cDNA,TRANSCRIPTOMIC,Homo sapiens,ILLUMINA,2023-03-01T00:00:00Z,2022-09-19T11:35:00Z,1,GSM6590013,liver cells,SRP398015
SRR21622899,RNA-Seq,302,33628969004,PRJNA881948,SAMN30919250,10806687167,liver cells,GEO,public,"sra,fastq,run.zq","gs,s3,ncbi","gs.us-east1,s3.us-east-1,ncbi.public",SRX17623795,Control,GSM6590014,Illumina HiSeq 2500,PAIRED,cDNA,TRANSCRIPTOMIC,Homo sapiens,ILLUMINA,2023-03-01T00:00:00Z,2022-09-19T12:47:00Z,1,GSM6590014,liver cells,SRP398015
SRR21622901,RNA-Seq,302,22071301862,PRJNA881948,SAMN30919252,6462661625,liver cells,GEO,public,"run.zq,sra,fastq","ncbi,s3,gs","s3.us-east-1,gs.us-east1,ncbi.public",SRX17623797,Control,GSM6590016,Illumina HiSeq 2500,PAIRED,cDNA,TRANSCRIPTOMIC,Homo sapiens,ILLUMINA,2023-03-01T00:00:00Z,2022-09-19T13:40:00Z,1,GSM6590016,liver cells,SRP398015
SRR21622902,RNA-Seq,302,32608374198,PRJNA881948,SAMN30919253,10400574542,liver cells,GEO,public,"sra,run.zq,fastq","gs,s3,ncbi","gs.us-east1,ncbi.public,s3.us-east-1",SRX17623798,F3F4,GSM6590017,Illumina HiSeq 2500,PAIRED,cDNA,TRANSCRIPTOMIC,Homo sapiens,ILLUMINA,2023-03-01T00:00:00Z,2022-09-19T11:48:00Z,1,GSM6590017,liver cells,SRP398015
SRR21622903,RNA-Seq,302,28621675218,PRJNA881948,SAMN30919254,8919573188,liver cells,GEO,public,"sra,fastq,run.zq","ncbi,s3,gs","s3.us-east-1,gs.us-east1,ncbi.public",SRX17623799,F0F1,GSM6590018,Illumina HiSeq 2500,PAIRED,cDNA,TRANSCRIPTOMIC,Homo sapiens,ILLUMINA,2023-03-01T00:00:00Z,2022-09-19T12:03:00Z,1,GSM6590018,liver cells,SRP398015
SRR21622904,RNA-Seq,302,16298654308,PRJNA881948,SAMN30919255,4829906072,liver cells,GEO,public,"run.zq,sra,fastq","gs,s3,ncbi","ncbi.public,gs.us-east1,s3.us-east-1",SRX17623800,F0F1,GSM6590019,Illumina HiSeq 2500,PAIRED,cDNA,TRANSCRIPTOMIC,Homo sapiens,ILLUMINA,2023-03-01T00:00:00Z,2022-09-19T11:09:00Z,1,GSM6590019,liver cells,SRP398015
SRR21622905,RNA-Seq,302,34458304492,PRJNA881948,SAMN30919256,11053020782,liver cells,GEO,public,"fastq,sra,run.zq","gs,ncbi,s3","gs.us-east1,ncbi.public,s3.us-east-1",SRX17623801,Control,GSM6590020,Illumina HiSeq 2500,PAIRED,cDNA,TRANSCRIPTOMIC,Homo sapiens,ILLUMINA,2023-03-01T00:00:00Z,2022-09-19T13:34:00Z,1,GSM6590020,liver cells,SRP398015
SRR21622906,RNA-Seq,302,14675869690,PRJNA881948,SAMN30919257,4419212523,liver cells,GEO,public,"run.zq,fastq,sra","s3,gs,ncbi","s3.us-east-1,gs.us-east1,ncbi.public",SRX17623802,Control,GSM6590021,Illumina HiSeq 2500,PAIRED,cDNA,TRANSCRIPTOMIC,Homo sapiens,ILLUMINA,2023-03-01T00:00:00Z,2022-09-19T11:22:00Z,1,GSM6590021,liver cells,SRP398015
SRR21622907,RNA-Seq,302,15800691944,PRJNA881948,SAMN30919258,4685122342,liver cells,GEO,public,"fastq,run.zq,sra","gs,ncbi,s3","ncbi.public,gs.us-east1,s3.us-east-1",SRX17623803,Control,GSM6590022,Illumina HiSeq 2500,PAIRED,cDNA,TRANSCRIPTOMIC,Homo sapiens,ILLUMINA,2023-03-01T00:00:00Z,2022-09-19T11:16:00Z,1,GSM6590022,liver cells,SRP398015
SRR21622910,RNA-Seq,302,26756412082,PRJNA881948,SAMN30919261,8477169614,liver cells,GEO,public,"run.zq,fastq,sra","gs,s3,ncbi","gs.us-east1,s3.us-east-1,ncbi.public",SRX17623806,F0F1,GSM6590025,Illumina HiSeq 2500,PAIRED,cDNA,TRANSCRIPTOMIC,Homo sapiens,ILLUMINA,2023-03-01T00:00:00Z,2022-09-19T11:36:00Z,1,GSM6590025,liver cells,SRP398015
SRR21622911,RNA-Seq,302,33893995446,PRJNA881948,SAMN30919262,10816203794,liver cells,GEO,public,"run.zq,fastq,sra","ncbi,gs,s3","gs.us-east1,ncbi.public,s3.us-east-1",SRX17623807,F0F1,GSM6590026,Illumina HiSeq 2500,PAIRED,cDNA,TRANSCRIPTOMIC,Homo sapiens,ILLUMINA,2023-03-01T00:00:00Z,2022-09-19T13:55:00Z,1,GSM6590026,liver cells,SRP398015
SRR21622912,RNA-Seq,302,31978394950,PRJNA881948,SAMN30919263,10228272122,liver cells,GEO,public,"sra,run.zq,fastq","s3,ncbi,gs","s3.us-east-1,ncbi.public,gs.us-east1",SRX17623808,F3F4,GSM6590027,Illumina HiSeq 2500,PAIRED,cDNA,TRANSCRIPTOMIC,Homo sapiens,ILLUMINA,2023-03-01T00:00:00Z,2022-09-19T12:34:00Z,1,GSM6590027,liver cells,SRP398015
SRR21622913,RNA-Seq,302,36484313168,PRJNA881948,SAMN30919264,11616264241,liver cells,GEO,public,"sra,fastq,run.zq","ncbi,gs,s3","s3.us-east-1,ncbi.public,gs.us-east1",SRX17623809,F0F1,GSM6590028,Illumina HiSeq 2500,PAIRED,cDNA,TRANSCRIPTOMIC,Homo sapiens,ILLUMINA,2023-03-01T00:00:00Z,2022-09-19T11:40:00Z,1,GSM6590028,liver cells,SRP398015
SRR21622914,RNA-Seq,302,23362357600,PRJNA881948,SAMN30919265,7523061419,liver cells,GEO,public,"sra,run.zq,fastq","s3,gs,ncbi","gs.us-east1,s3.us-east-1,ncbi.public",SRX17623810,Control,GSM6590029,Illumina HiSeq 2500,PAIRED,cDNA,TRANSCRIPTOMIC,Homo sapiens,ILLUMINA,2023-03-01T00:00:00Z,2022-09-19T12:19:00Z,1,GSM6590029,liver cells,SRP398015
SRR21622915,RNA-Seq,302,21602606922,PRJNA881948,SAMN30919204,6928556978,liver cells,GEO,public,"sra,run.zq,fastq","s3,gs,ncbi","s3.us-east-1,ncbi.public,gs.us-east1",SRX17623811,F3F4,GSM6590030,Illumina HiSeq 2500,PAIRED,cDNA,TRANSCRIPTOMIC,Homo sapiens,ILLUMINA,2023-03-01T00:00:00Z,2022-09-19T12:35:00Z,1,GSM6590030,liver cells,SRP398015
SRR21622916,RNA-Seq,302,23386784568,PRJNA881948,SAMN30919205,7312653456,liver cells,GEO,public,"run.zq,sra,fastq","ncbi,gs,s3","s3.us-east-1,ncbi.public,gs.us-east1",SRX17623812,F3F4,GSM6590031,Illumina HiSeq 2500,PAIRED,cDNA,TRANSCRIPTOMIC,Homo sapiens,ILLUMINA,2023-03-01T00:00:00Z,2022-09-19T11:27:00Z,1,GSM6590031,liver cells,SRP398015
SRR21622917,RNA-Seq,302,14089286332,PRJNA881948,SAMN30919206,4200230035,liver cells,GEO,public,"sra,run.zq,fastq","gs,ncbi,s3","s3.us-east-1,ncbi.public,gs.us-east1",SRX17623813,F2,GSM6590032,Illumina HiSeq 2500,PAIRED,cDNA,TRANSCRIPTOMIC,Homo sapiens,ILLUMINA,2023-03-01T00:00:00Z,2022-09-19T11:15:00Z,1,GSM6590032,liver cells,SRP398015
SRR21622918,RNA-Seq,302,19603352124,PRJNA881948,SAMN30919207,6396187967,liver cells,GEO,public,"run.zq,fastq,sra","ncbi,gs,s3","gs.us-east1,ncbi.public,s3.us-east-1",SRX17623718,F3F4,GSM6590033,Illumina HiSeq 2500,PAIRED,cDNA,TRANSCRIPTOMIC,Homo sapiens,ILLUMINA,2023-03-01T00:00:00Z,2022-09-19T11:21:00Z,1,GSM6590033,liver cells,SRP398015
SRR21622919,RNA-Seq,302,29876852752,PRJNA881948,SAMN30919208,9366114853,liver cells,GEO,public,"fastq,run.zq,sra","s3,gs,ncbi","ncbi.public,s3.us-east-1,gs.us-east1",SRX17623719,F2,GSM6590034,Illumina HiSeq 2500,PAIRED,cDNA,TRANSCRIPTOMIC,Homo sapiens,ILLUMINA,2023-03-01T00:00:00Z,2022-09-19T11:46:00Z,1,GSM6590034,liver cells,SRP398015
SRR21622922,RNA-Seq,302,17543869466,PRJNA881948,SAMN30919211,5482138386,liver cells,GEO,public,"run.zq,sra,fastq","ncbi,gs,s3","s3.us-east-1,gs.us-east1,ncbi.public",SRX17623722,F2,GSM6590037,Illumina HiSeq 2500,PAIRED,cDNA,TRANSCRIPTOMIC,Homo sapiens,ILLUMINA,2023-03-01T00:00:00Z,2022-09-19T11:14:00Z,1,GSM6590037,liver cells,SRP398015
SRR21622923,RNA-Seq,302,21740483814,PRJNA881948,SAMN30919212,6823466814,liver cells,GEO,public,"run.zq,sra,fastq","s3,gs,ncbi","ncbi.public,s3.us-east-1,gs.us-east1",SRX17623723,F2,GSM6590038,Illumina HiSeq 2500,PAIRED,cDNA,TRANSCRIPTOMIC,Homo sapiens,ILLUMINA,2023-03-01T00:00:00Z,2022-09-19T11:22:00Z,1,GSM6590038,liver cells,SRP398015
SRR21622924,RNA-Seq,302,22787163266,PRJNA881948,SAMN30919214,7198970067,liver cells,GEO,public,"run.zq,fastq,sra","s3,ncbi,gs","gs.us-east1,ncbi.public,s3.us-east-1",SRX17623724,F3F4,GSM6590039,Illumina HiSeq 2500,PAIRED,cDNA,TRANSCRIPTOMIC,Homo sapiens,ILLUMINA,2023-03-01T00:00:00Z,2022-09-19T13:15:00Z,1,GSM6590039,liver cells,SRP398015
SRR21622925,RNA-Seq,302,22199796520,PRJNA881948,SAMN30919215,7049525507,liver cells,GEO,public,"run.zq,fastq,sra","gs,s3,ncbi","gs.us-east1,s3.us-east-1,ncbi.public",SRX17623725,F3F4,GSM6590040,Illumina HiSeq 2500,PAIRED,cDNA,TRANSCRIPTOMIC,Homo sapiens,ILLUMINA,2023-03-01T00:00:00Z,2022-09-19T14:38:00Z,1,GSM6590040,liver cells,SRP398015
SRR21622926,RNA-Seq,302,24556066356,PRJNA881948,SAMN30919216,7630072072,liver cells,GEO,public,"run.zq,sra,fastq","ncbi,gs,s3","s3.us-east-1,gs.us-east1,ncbi.public",SRX17623726,F2,GSM6590041,Illumina HiSeq 2500,PAIRED,cDNA,TRANSCRIPTOMIC,Homo sapiens,ILLUMINA,2023-03-01T00:00:00Z,2022-09-19T11:27:00Z,1,GSM6590041,liver cells,SRP398015
SRR21622927,RNA-Seq,302,18491485670,PRJNA881948,SAMN30919217,5842208243,liver cells,GEO,public,"run.zq,sra,fastq","ncbi,gs,s3","ncbi.public,s3.us-east-1,gs.us-east1",SRX17623727,F2,GSM6590042,Illumina HiSeq 2500,PAIRED,cDNA,TRANSCRIPTOMIC,Homo sapiens,ILLUMINA,2023-03-01T00:00:00Z,2022-09-19T11:24:00Z,1,GSM6590042,liver cells,SRP398015
SRR21622929,RNA-Seq,302,41562409646,PRJNA881948,SAMN30919219,13492024403,liver cells,GEO,public,"fastq,run.zq,sra","gs,ncbi,s3","s3.us-east-1,gs.us-east1,ncbi.public",SRX17623729,F0F1,GSM6590044,Illumina HiSeq 2500,PAIRED,cDNA,TRANSCRIPTOMIC,Homo sapiens,ILLUMINA,2023-03-01T00:00:00Z,2022-09-19T12:49:00Z,1,GSM6590044,liver cells,SRP398015
SRR21622930,RNA-Seq,302,36350143930,PRJNA881948,SAMN30919220,11690277412,liver cells,GEO,public,"fastq,sra,run.zq","gs,ncbi,s3","ncbi.public,gs.us-east1,s3.us-east-1",SRX17623730,Control,GSM6590045,Illumina HiSeq 2500,PAIRED,cDNA,TRANSCRIPTOMIC,Homo sapiens,ILLUMINA,2023-03-01T00:00:00Z,2022-09-19T12:04:00Z,1,GSM6590045,liver cells,SRP398015
SRR21622931,RNA-Seq,302,37173961576,PRJNA881948,SAMN30919221,11879177512,liver cells,GEO,public,"sra,fastq,run.zq","ncbi,s3,gs","ncbi.public,gs.us-east1,s3.us-east-1",SRX17623731,F0F1,GSM6590046,Illumina HiSeq 2500,PAIRED,cDNA,TRANSCRIPTOMIC,Homo sapiens,ILLUMINA,2023-03-01T00:00:00Z,2022-09-19T12:24:00Z,1,GSM6590046,liver cells,SRP398015
SRR21622932,RNA-Seq,302,34297669182,PRJNA881948,SAMN30919222,10645510864,liver cells,GEO,public,"sra,fastq,run.zq","ncbi,gs,s3","ncbi.public,s3.us-east-1,gs.us-east1",SRX17623732,Control,GSM6590047,Illumina HiSeq 2500,PAIRED,cDNA,TRANSCRIPTOMIC,Homo sapiens,ILLUMINA,2023-03-01T00:00:00Z,2022-09-19T12:46:00Z,1,GSM6590047,liver cells,SRP398015
SRR21622933,RNA-Seq,302,36021016176,PRJNA881948,SAMN30919223,11662329143,liver cells,GEO,public,"sra,run.zq,fastq","gs,ncbi,s3","s3.us-east-1,gs.us-east1,ncbi.public",SRX17623733,Control,GSM6590048,Illumina HiSeq 2500,PAIRED,cDNA,TRANSCRIPTOMIC,Homo sapiens,ILLUMINA,2023-03-01T00:00:00Z,2022-09-19T12:32:00Z,1,GSM6590048,liver cells,SRP398015
SRR21622934,RNA-Seq,302,35155049296,PRJNA881948,SAMN30919224,11199945868,liver cells,GEO,public,"sra,fastq,run.zq","ncbi,s3,gs","ncbi.public,gs.us-east1,s3.us-east-1",SRX17623734,F0F1,GSM6590049,Illumina HiSeq 2500,PAIRED,cDNA,TRANSCRIPTOMIC,Homo sapiens,ILLUMINA,2023-03-01T00:00:00Z,2022-09-19T14:43:00Z,1,GSM6590049,liver cells,SRP398015
SRR21622935,RNA-Seq,302,13970833778,PRJNA881948,SAMN30919225,4152287478,liver cells,GEO,public,"run.zq,sra,fastq","ncbi,gs,s3","ncbi.public,s3.us-east-1,gs.us-east1",SRX17623735,Control,GSM6590050,Illumina HiSeq 2500,PAIRED,cDNA,TRANSCRIPTOMIC,Homo sapiens,ILLUMINA,2023-03-01T00:00:00Z,2022-09-19T11:08:00Z,1,GSM6590050,liver cells,SRP398015
SRR21622936,RNA-Seq,302,25860908696,PRJNA881948,SAMN30919226,8159908871,liver cells,GEO,public,"sra,fastq,run.zq","s3,ncbi,gs","gs.us-east1,s3.us-east-1,ncbi.public",SRX17623736,F0F1,GSM6590051,Illumina HiSeq 2500,PAIRED,cDNA,TRANSCRIPTOMIC,Homo sapiens,ILLUMINA,2023-03-01T00:00:00Z,2022-09-19T11:41:00Z,1,GSM6590051,liver cells,SRP398015
SRR21622939,RNA-Seq,302,28770572996,PRJNA881948,SAMN30919229,9003973727,liver cells,GEO,public,"fastq,run.zq,sra","gs,ncbi,s3","ncbi.public,s3.us-east-1,gs.us-east1",SRX17623739,F0F1,GSM6590054,Illumina HiSeq 2500,PAIRED,cDNA,TRANSCRIPTOMIC,Homo sapiens,ILLUMINA,2023-03-01T00:00:00Z,2022-09-19T11:30:00Z,1,GSM6590054,liver cells,SRP398015
SRR21622940,RNA-Seq,302,20831220100,PRJNA881948,SAMN30919230,6208883745,liver cells,GEO,public,"fastq,run.zq,sra","ncbi,gs,s3","s3.us-east-1,gs.us-east1,ncbi.public",SRX17623740,Control,GSM6590055,Illumina HiSeq 2500,PAIRED,cDNA,TRANSCRIPTOMIC,Homo sapiens,ILLUMINA,2023-03-01T00:00:00Z,2022-09-19T11:24:00Z,1,GSM6590055,liver cells,SRP398015
SRR21622941,RNA-Seq,302,21282470916,PRJNA881948,SAMN30919231,6643864445,liver cells,GEO,public,"fastq,sra,run.zq","s3,gs,ncbi","ncbi.public,s3.us-east-1,gs.us-east1",SRX17623741,F0F1,GSM6590056,Illumina HiSeq 2500,PAIRED,cDNA,TRANSCRIPTOMIC,Homo sapiens,ILLUMINA,2023-03-01T00:00:00Z,2022-09-19T11:27:00Z,1,GSM6590056,liver cells,SRP398015
SRR21622942,RNA-Seq,302,23811549078,PRJNA881948,SAMN30919232,7901532861,liver cells,GEO,public,"sra,fastq,run.zq","gs,ncbi,s3","gs.us-east1,s3.us-east-1,ncbi.public",SRX17623838,F3F4,GSM6590057,Illumina HiSeq 2500,PAIRED,cDNA,TRANSCRIPTOMIC,Homo sapiens,ILLUMINA,2023-03-01T00:00:00Z,2022-09-19T11:31:00Z,1,GSM6590057,liver cells,SRP398015
SRR21622943,RNA-Seq,302,27254216802,PRJNA881948,SAMN30919233,8568592791,liver cells,GEO,public,"sra,run.zq,fastq","s3,gs,ncbi","gs.us-east1,ncbi.public,s3.us-east-1",SRX17623839,F0F1,GSM6590058,Illumina HiSeq 2500,PAIRED,cDNA,TRANSCRIPTOMIC,Homo sapiens,ILLUMINA,2023-03-01T00:00:00Z,2022-09-19T11:56:00Z,1,GSM6590058,liver cells,SRP398015
SRR21622945,RNA-Seq,302,16432149180,PRJNA881948,SAMN30919183,4884421493,liver cells,GEO,public,"sra,fastq,run.zq","s3,ncbi,gs","gs.us-east1,ncbi.public,s3.us-east-1",SRX17623841,Control,GSM6590060,Illumina HiSeq 2500,PAIRED,cDNA,TRANSCRIPTOMIC,Homo sapiens,ILLUMINA,2023-03-01T00:00:00Z,2022-09-19T11:17:00Z,1,GSM6590060,liver cells,SRP398015
SRR21622946,RNA-Seq,302,24585184290,PRJNA881948,SAMN30919184,7877877782,liver cells,GEO,public,"sra,fastq,run.zq","gs,ncbi,s3","gs.us-east1,ncbi.public,s3.us-east-1",SRX17623842,Control,GSM6590061,Illumina HiSeq 2500,PAIRED,cDNA,TRANSCRIPTOMIC,Homo sapiens,ILLUMINA,2023-03-01T00:00:00Z,2022-09-19T12:35:00Z,1,GSM6590061,liver cells,SRP398015
SRR21622949,RNA-Seq,302,22840311944,PRJNA881948,SAMN30919187,7172495227,liver cells,GEO,public,"run.zq,fastq,sra","ncbi,gs,s3","gs.us-east1,ncbi.public,s3.us-east-1",SRX17623845,F2,GSM6590064,Illumina HiSeq 2500,PAIRED,cDNA,TRANSCRIPTOMIC,Homo sapiens,ILLUMINA,2023-03-01T00:00:00Z,2022-09-19T11:37:00Z,1,GSM6590064,liver cells,SRP398015
SRR21622950,RNA-Seq,302,30599969706,PRJNA881948,SAMN30919188,9642851543,liver cells,GEO,public,"run.zq,fastq,sra","gs,ncbi,s3","s3.us-east-1,gs.us-east1,ncbi.public",SRX17623846,F3F4,GSM6590065,Illumina HiSeq 2500,PAIRED,cDNA,TRANSCRIPTOMIC,Homo sapiens,ILLUMINA,2023-03-01T00:00:00Z,2022-09-19T11:41:00Z,1,GSM6590065,liver cells,SRP398015
SRR21622951,RNA-Seq,302,24317553098,PRJNA881948,SAMN30919189,7829175563,liver cells,GEO,public,"fastq,sra,run.zq","ncbi,gs,s3","s3.us-east-1,gs.us-east1,ncbi.public",SRX17623847,F0F1,GSM6590066,Illumina HiSeq 2500,PAIRED,cDNA,TRANSCRIPTOMIC,Homo sapiens,ILLUMINA,2023-03-01T00:00:00Z,2022-09-19T13:14:00Z,1,GSM6590066,liver cells,SRP398015
SRR21622954,RNA-Seq,302,22955352200,PRJNA881948,SAMN30919192,7345156180,liver cells,GEO,public,"run.zq,fastq,sra","gs,s3,ncbi","s3.us-east-1,gs.us-east1,ncbi.public",SRX17623850,F3F4,GSM6590069,Illumina HiSeq 2500,PAIRED,cDNA,TRANSCRIPTOMIC,Homo sapiens,ILLUMINA,2023-03-01T00:00:00Z,2022-09-19T15:35:00Z,1,GSM6590069,liver cells,SRP398015
SRR21622955,RNA-Seq,302,33079762978,PRJNA881948,SAMN30919193,9795010499,liver cells,GEO,public,"sra,run.zq,fastq","gs,ncbi,s3","gs.us-east1,s3.us-east-1,ncbi.public",SRX17623851,Control,GSM6590070,Illumina HiSeq 2500,PAIRED,cDNA,TRANSCRIPTOMIC,Homo sapiens,ILLUMINA,2023-03-01T00:00:00Z,2022-09-19T11:57:00Z,1,GSM6590070,liver cells,SRP398015
SRR21622956,RNA-Seq,302,22406526090,PRJNA881948,SAMN30919194,6667812020,liver cells,GEO,public,"fastq,sra,run.zq","ncbi,s3,gs","ncbi.public,s3.us-east-1,gs.us-east1",SRX17623852,F0F1,GSM6590071,Illumina HiSeq 2500,PAIRED,cDNA,TRANSCRIPTOMIC,Homo sapiens,ILLUMINA,2023-03-01T00:00:00Z,2022-09-19T11:55:00Z,1,GSM6590071,liver cells,SRP398015
SRR21622957,RNA-Seq,302,35064942462,PRJNA881948,SAMN30919195,11198669402,liver cells,GEO,public,"run.zq,sra,fastq","gs,ncbi,s3","gs.us-east1,ncbi.public,s3.us-east-1",SRX17623853,Control,GSM6590072,Illumina HiSeq 2500,PAIRED,cDNA,TRANSCRIPTOMIC,Homo sapiens,ILLUMINA,2023-03-01T00:00:00Z,2022-09-19T16:21:00Z,1,GSM6590072,liver cells,SRP398015
SRR21622958,RNA-Seq,302,21968735112,PRJNA881948,SAMN30919196,7016710530,liver cells,GEO,public,"fastq,sra,run.zq","ncbi,s3,gs","s3.us-east-1,ncbi.public,gs.us-east1",SRX17623854,F2,GSM6590073,Illumina HiSeq 2500,PAIRED,cDNA,TRANSCRIPTOMIC,Homo sapiens,ILLUMINA,2023-03-01T00:00:00Z,2022-09-19T11:41:00Z,1,GSM6590073,liver cells,SRP398015
SRR21622967,RNA-Seq,302,16435823010,PRJNA881948,SAMN30919452,4887307365,liver cells,GEO,public,"run.zq,sra,fastq","gs,s3,ncbi","gs.us-east1,ncbi.public,s3.us-east-1",SRX17623911,Control,GSM6590082,Illumina HiSeq 2500,PAIRED,cDNA,TRANSCRIPTOMIC,Homo sapiens,ILLUMINA,2023-03-01T00:00:00Z,2022-09-19T11:12:00Z,1,GSM6590082,liver cells,SRP398015
SRR21622968,RNA-Seq,302,41721868364,PRJNA881948,SAMN30919453,13448775082,liver cells,GEO,public,"fastq,sra,run.zq","ncbi,s3,gs","s3.us-east-1,ncbi.public,gs.us-east1",SRX17623912,F2,GSM6590083,Illumina HiSeq 2500,PAIRED,cDNA,TRANSCRIPTOMIC,Homo sapiens,ILLUMINA,2023-03-01T00:00:00Z,2022-09-19T15:56:00Z,1,GSM6590083,liver cells,SRP398015
SRR21622969,RNA-Seq,302,23967254842,PRJNA881948,SAMN30919454,7431361157,liver cells,GEO,public,"run.zq,fastq,sra","ncbi,s3,gs","ncbi.public,s3.us-east-1,gs.us-east1",SRX17623913,Control,GSM6590084,Illumina HiSeq 2500,PAIRED,cDNA,TRANSCRIPTOMIC,Homo sapiens,ILLUMINA,2023-03-01T00:00:00Z,2022-09-19T11:48:00Z,1,GSM6590084,liver cells,SRP398015
SRR21622975,RNA-Seq,302,30393090042,PRJNA881948,SAMN30919402,9887453020,liver cells,GEO,public,"run.zq,sra,fastq","s3,gs,ncbi","gs.us-east1,s3.us-east-1,ncbi.public",SRX17623919,F3F4,GSM6590090,Illumina HiSeq 2500,PAIRED,cDNA,TRANSCRIPTOMIC,Homo sapiens,ILLUMINA,2023-03-01T00:00:00Z,2022-09-19T12:13:00Z,1,GSM6590090,liver cells,SRP398015
SRR21622976,RNA-Seq,302,13799701854,PRJNA881948,SAMN30919403,4112088715,liver cells,GEO,public,"run.zq,sra,fastq","s3,gs,ncbi","ncbi.public,gs.us-east1,s3.us-east-1",SRX17623920,F0F1,GSM6590091,Illumina HiSeq 2500,PAIRED,cDNA,TRANSCRIPTOMIC,Homo sapiens,ILLUMINA,2023-03-01T00:00:00Z,2022-09-19T11:16:00Z,1,GSM6590091,liver cells,SRP398015
SRR21622977,RNA-Seq,302,15218551308,PRJNA881948,SAMN30919405,4544296594,liver cells,GEO,public,"run.zq,fastq,sra","ncbi,gs,s3","s3.us-east-1,gs.us-east1,ncbi.public",SRX17623921,F2,GSM6590092,Illumina HiSeq 2500,PAIRED,cDNA,TRANSCRIPTOMIC,Homo sapiens,ILLUMINA,2023-03-01T00:00:00Z,2022-09-19T11:17:00Z,1,GSM6590092,liver cells,SRP398015
SRR21622981,RNA-Seq,302,29267620300,PRJNA881948,SAMN30919409,9553930132,liver cells,GEO,public,"sra,run.zq,fastq","s3,ncbi,gs","s3.us-east-1,ncbi.public,gs.us-east1",SRX17623925,F3F4,GSM6590096,Illumina HiSeq 2500,PAIRED,cDNA,TRANSCRIPTOMIC,Homo sapiens,ILLUMINA,2023-03-01T00:00:00Z,2022-09-19T12:17:00Z,1,GSM6590096,liver cells,SRP398015
SRR21622982,RNA-Seq,302,17517499732,PRJNA881948,SAMN30919410,5220777697,liver cells,GEO,public,"fastq,sra,run.zq","ncbi,s3,gs","ncbi.public,s3.us-east-1,gs.us-east1",SRX17623926,Control,GSM6590097,Illumina HiSeq 2500,PAIRED,cDNA,TRANSCRIPTOMIC,Homo sapiens,ILLUMINA,2023-03-01T00:00:00Z,2022-09-19T11:39:00Z,1,GSM6590097,liver cells,SRP398015
SRR21622983,RNA-Seq,302,19379911988,PRJNA881948,SAMN30919411,6197853094,liver cells,GEO,public,"sra,run.zq,fastq","ncbi,s3,gs","ncbi.public,s3.us-east-1,gs.us-east1",SRX17623927,F3F4,GSM6590098,Illumina HiSeq 2500,PAIRED,cDNA,TRANSCRIPTOMIC,Homo sapiens,ILLUMINA,2023-03-01T00:00:00Z,2022-09-19T13:27:00Z,1,GSM6590098,liver cells,SRP398015
SRR21622985,RNA-Seq,302,24540229778,PRJNA881948,SAMN30919413,7738749479,liver cells,GEO,public,"run.zq,sra,fastq","s3,gs,ncbi","ncbi.public,s3.us-east-1,gs.us-east1",SRX17623929,F0F1,GSM6590100,Illumina HiSeq 2500,PAIRED,cDNA,TRANSCRIPTOMIC,Homo sapiens,ILLUMINA,2023-03-01T00:00:00Z,2022-09-19T11:57:00Z,1,GSM6590100,liver cells,SRP398015
SRR21622986,RNA-Seq,302,20969652370,PRJNA881948,SAMN30919414,6651950317,liver cells,GEO,public,"sra,run.zq,fastq","ncbi,s3,gs","s3.us-east-1,ncbi.public,gs.us-east1",SRX17623930,F2,GSM6590101,Illumina HiSeq 2500,PAIRED,cDNA,TRANSCRIPTOMIC,Homo sapiens,ILLUMINA,2023-03-01T00:00:00Z,2022-09-19T11:15:00Z,1,GSM6590101,liver cells,SRP398015
SRR21622987,RNA-Seq,302,32230469820,PRJNA881948,SAMN30919415,10491196194,liver cells,GEO,public,"fastq,sra,run.zq","s3,ncbi,gs","s3.us-east-1,ncbi.public,gs.us-east1",SRX17623931,F3F4,GSM6590102,Illumina HiSeq 2500,PAIRED,cDNA,TRANSCRIPTOMIC,Homo sapiens,ILLUMINA,2023-03-01T00:00:00Z,2022-09-19T13:24:00Z,1,GSM6590102,liver cells,SRP398015
SRR21622988,RNA-Seq,302,30145575372,PRJNA881948,SAMN30919416,9483342462,liver cells,GEO,public,"fastq,sra,run.zq","ncbi,s3,gs","gs.us-east1,ncbi.public,s3.us-east-1",SRX17623932,Control,GSM6590103,Illumina HiSeq 2500,PAIRED,cDNA,TRANSCRIPTOMIC,Homo sapiens,ILLUMINA,2023-03-01T00:00:00Z,2022-09-19T11:54:00Z,1,GSM6590103,liver cells,SRP398015
SRR21622989,RNA-Seq,302,17542403860,PRJNA881948,SAMN30919417,5183821909,liver cells,GEO,public,"sra,run.zq,fastq","gs,s3,ncbi","gs.us-east1,s3.us-east-1,ncbi.public",SRX17623933,F2,GSM6590104,Illumina HiSeq 2500,PAIRED,cDNA,TRANSCRIPTOMIC,Homo sapiens,ILLUMINA,2023-03-01T00:00:00Z,2022-09-19T11:21:00Z,1,GSM6590104,liver cells,SRP398015
SRR21622990,RNA-Seq,302,37811950166,PRJNA881948,SAMN30919418,12095782557,liver cells,GEO,public,"sra,fastq,run.zq","gs,s3,ncbi","s3.us-east-1,gs.us-east1,ncbi.public",SRX17623742,F3F4,GSM6590105,Illumina HiSeq 2500,PAIRED,cDNA,TRANSCRIPTOMIC,Homo sapiens,ILLUMINA,2023-03-01T00:00:00Z,2022-09-19T14:02:00Z,1,GSM6590105,liver cells,SRP398015
SRR21622991,RNA-Seq,302,29353557420,PRJNA881948,SAMN30919419,8659837523,liver cells,GEO,public,"fastq,run.zq,sra","gs,ncbi,s3","s3.us-east-1,gs.us-east1,ncbi.public",SRX17623743,F2,GSM6590106,Illumina HiSeq 2500,PAIRED,cDNA,TRANSCRIPTOMIC,Homo sapiens,ILLUMINA,2023-03-01T00:00:00Z,2022-09-19T11:37:00Z,1,GSM6590106,liver cells,SRP398015
SRR21622992,RNA-Seq,302,18276162086,PRJNA881948,SAMN30919420,5440131042,liver cells,GEO,public,"sra,fastq,run.zq","gs,s3,ncbi","s3.us-east-1,ncbi.public,gs.us-east1",SRX17623744,Control,GSM6590107,Illumina HiSeq 2500,PAIRED,cDNA,TRANSCRIPTOMIC,Homo sapiens,ILLUMINA,2023-03-01T00:00:00Z,2022-09-19T11:35:00Z,1,GSM6590107,liver cells,SRP398015
SRR21622993,RNA-Seq,302,30120317904,PRJNA881948,SAMN30919421,9610270389,liver cells,GEO,public,"sra,fastq,run.zq","gs,ncbi,s3","gs.us-east1,ncbi.public,s3.us-east-1",SRX17623745,Control,GSM6590108,Illumina HiSeq 2500,PAIRED,cDNA,TRANSCRIPTOMIC,Homo sapiens,ILLUMINA,2023-03-01T00:00:00Z,2022-09-19T11:57:00Z,1,GSM6590108,liver cells,SRP398015
SRR21622994,RNA-Seq,302,17737994764,PRJNA881948,SAMN30919422,5542243063,liver cells,GEO,public,"run.zq,fastq,sra","s3,ncbi,gs","s3.us-east-1,gs.us-east1,ncbi.public",SRX17623746,F0F1,GSM6590109,Illumina HiSeq 2500,PAIRED,cDNA,TRANSCRIPTOMIC,Homo sapiens,ILLUMINA,2023-03-01T00:00:00Z,2022-09-19T11:19:00Z,1,GSM6590109,liver cells,SRP398015
SRR21622995,RNA-Seq,302,17351802298,PRJNA881948,SAMN30919423,5106287870,liver cells,GEO,public,"fastq,sra,run.zq","s3,ncbi,gs","s3.us-east-1,ncbi.public,gs.us-east1",SRX17623747,F2,GSM6590110,Illumina HiSeq 2500,PAIRED,cDNA,TRANSCRIPTOMIC,Homo sapiens,ILLUMINA,2023-03-01T00:00:00Z,2022-09-19T11:22:00Z,1,GSM6590110,liver cells,SRP398015
SRR21622996,RNA-Seq,302,27305400064,PRJNA881948,SAMN30919424,8613699951,liver cells,GEO,public,"sra,fastq,run.zq","gs,s3,ncbi","s3.us-east-1,gs.us-east1,ncbi.public",SRX17623748,F2,GSM6590111,Illumina HiSeq 2500,PAIRED,cDNA,TRANSCRIPTOMIC,Homo sapiens,ILLUMINA,2023-03-01T00:00:00Z,2022-09-19T12:01:00Z,1,GSM6590111,liver cells,SRP398015
SRR21622997,RNA-Seq,302,26946358908,PRJNA881948,SAMN30919425,8682055332,liver cells,GEO,public,"sra,run.zq,fastq","gs,ncbi,s3","gs.us-east1,ncbi.public,s3.us-east-1",SRX17623749,F0F1,GSM6590112,Illumina HiSeq 2500,PAIRED,cDNA,TRANSCRIPTOMIC,Homo sapiens,ILLUMINA,2023-03-01T00:00:00Z,2022-09-19T15:15:00Z,1,GSM6590112,liver cells,SRP398015
SRR21622999,RNA-Seq,302,22677482302,PRJNA881948,SAMN30919427,7106478456,liver cells,GEO,public,"fastq,run.zq,sra","s3,gs,ncbi","gs.us-east1,ncbi.public,s3.us-east-1",SRX17623751,F2,GSM6590114,Illumina HiSeq 2500,PAIRED,cDNA,TRANSCRIPTOMIC,Homo sapiens,ILLUMINA,2023-03-01T00:00:00Z,2022-09-19T11:23:00Z,1,GSM6590114,liver cells,SRP398015
SRR21623000,RNA-Seq,302,19138692206,PRJNA881948,SAMN30919428,5977554694,liver cells,GEO,public,"fastq,sra,run.zq","s3,ncbi,gs","s3.us-east-1,gs.us-east1,ncbi.public",SRX17623752,F3F4,GSM6590115,Illumina HiSeq 2500,PAIRED,cDNA,TRANSCRIPTOMIC,Homo sapiens,ILLUMINA,2023-03-01T00:00:00Z,2022-09-19T11:18:00Z,1,GSM6590115,liver cells,SRP398015
SRR21623001,RNA-Seq,302,22239205104,PRJNA881948,SAMN30919855,7111532376,liver cells,GEO,public,"sra,run.zq,fastq","gs,s3,ncbi","ncbi.public,gs.us-east1,s3.us-east-1",SRX17623753,F0F1,GSM6590116,Illumina HiSeq 2500,PAIRED,cDNA,TRANSCRIPTOMIC,Homo sapiens,ILLUMINA,2023-03-01T00:00:00Z,2022-09-19T12:02:00Z,1,GSM6590116,liver cells,SRP398015
SRR21623002,RNA-Seq,302,37460580112,PRJNA881948,SAMN30919856,11880417885,liver cells,GEO,public,"fastq,sra,run.zq","ncbi,s3,gs","ncbi.public,s3.us-east-1,gs.us-east1",SRX17623754,F0F1,GSM6590117,Illumina HiSeq 2500,PAIRED,cDNA,TRANSCRIPTOMIC,Homo sapiens,ILLUMINA,2023-03-01T00:00:00Z,2022-09-19T15:56:00Z,1,GSM6590117,liver cells,SRP398015
SRR21623003,RNA-Seq,302,38163267370,PRJNA881948,SAMN30919857,12192781558,liver cells,GEO,public,"run.zq,sra,fastq","s3,ncbi,gs","gs.us-east1,s3.us-east-1,ncbi.public",SRX17623755,Control,GSM6590118,Illumina HiSeq 2500,PAIRED,cDNA,TRANSCRIPTOMIC,Homo sapiens,ILLUMINA,2023-03-01T00:00:00Z,2022-09-19T13:10:00Z,1,GSM6590118,liver cells,SRP398015
SRR21623004,RNA-Seq,302,25269757286,PRJNA881948,SAMN30919858,8155306732,liver cells,GEO,public,"run.zq,sra,fastq","s3,ncbi,gs","s3.us-east-1,gs.us-east1,ncbi.public",SRX17623756,F2,GSM6590119,Illumina HiSeq 2500,PAIRED,cDNA,TRANSCRIPTOMIC,Homo sapiens,ILLUMINA,2023-03-01T00:00:00Z,2022-09-19T11:36:00Z,1,GSM6590119,liver cells,SRP398015
SRR21623006,RNA-Seq,302,17602290762,PRJNA881948,SAMN30919860,5224974870,liver cells,GEO,public,"sra,run.zq,fastq","s3,gs,ncbi","s3.us-east-1,ncbi.public,gs.us-east1",SRX17623758,F2,GSM6590121,Illumina HiSeq 2500,PAIRED,cDNA,TRANSCRIPTOMIC,Homo sapiens,ILLUMINA,2023-03-01T00:00:00Z,2022-09-19T11:14:00Z,1,GSM6590121,liver cells,SRP398015
SRR21623007,RNA-Seq,302,21325025434,PRJNA881948,SAMN30919861,6759779867,liver cells,GEO,public,"fastq,sra,run.zq","ncbi,s3,gs","ncbi.public,gs.us-east1,s3.us-east-1",SRX17623759,F3F4,GSM6590122,Illumina HiSeq 2500,PAIRED,cDNA,TRANSCRIPTOMIC,Homo sapiens,ILLUMINA,2023-03-01T00:00:00Z,2022-09-19T11:29:00Z,1,GSM6590122,liver cells,SRP398015
SRR21623008,RNA-Seq,302,37013396028,PRJNA881948,SAMN30919862,11917285816,liver cells,GEO,public,"run.zq,sra,fastq","ncbi,s3,gs","gs.us-east1,s3.us-east-1,ncbi.public",SRX17623760,F0F1,GSM6590123,Illumina HiSeq 2500,PAIRED,cDNA,TRANSCRIPTOMIC,Homo sapiens,ILLUMINA,2023-03-01T00:00:00Z,2022-09-19T12:05:00Z,1,GSM6590123,liver cells,SRP398015
SRR21623009,RNA-Seq,302,30512885288,PRJNA881948,SAMN30919863,9668847706,liver cells,GEO,public,"fastq,run.zq,sra","ncbi,gs,s3","ncbi.public,gs.us-east1,s3.us-east-1",SRX17623761,Control,GSM6590124,Illumina HiSeq 2500,PAIRED,cDNA,TRANSCRIPTOMIC,Homo sapiens,ILLUMINA,2023-03-01T00:00:00Z,2022-09-19T11:52:00Z,1,GSM6590124,liver cells,SRP398015
SRR21623012,RNA-Seq,302,25393756674,PRJNA881948,SAMN30919866,7982307124,liver cells,GEO,public,"sra,run.zq,fastq","s3,ncbi,gs","gs.us-east1,s3.us-east-1,ncbi.public",SRX17623764,F2,GSM6590127,Illumina HiSeq 2500,PAIRED,cDNA,TRANSCRIPTOMIC,Homo sapiens,ILLUMINA,2023-03-01T00:00:00Z,2022-09-19T12:22:00Z,1,GSM6590127,liver cells,SRP398015
SRR21623013,RNA-Seq,302,37588619656,PRJNA881948,SAMN30919867,12067039751,liver cells,GEO,public,"run.zq,fastq,sra","ncbi,gs,s3","s3.us-east-1,gs.us-east1,ncbi.public",SRX17623765,Control,GSM6590128,Illumina HiSeq 2500,PAIRED,cDNA,TRANSCRIPTOMIC,Homo sapiens,ILLUMINA,2023-03-01T00:00:00Z,2022-09-19T11:57:00Z,1,GSM6590128,liver cells,SRP398015
SRR21623014,RNA-Seq,302,33446124614,PRJNA881948,SAMN30919868,10558969315,liver cells,GEO,public,"sra,fastq,run.zq","gs,ncbi,s3","ncbi.public,gs.us-east1,s3.us-east-1",SRX17623934,F2,GSM6590129,Illumina HiSeq 2500,PAIRED,cDNA,TRANSCRIPTOMIC,Homo sapiens,ILLUMINA,2023-03-01T00:00:00Z,2022-09-19T12:21:00Z,1,GSM6590129,liver cells,SRP398015
SRR21623015,RNA-Seq,302,38651466678,PRJNA881948,SAMN30919869,12388136103,liver cells,GEO,public,"run.zq,sra,fastq","gs,s3,ncbi","gs.us-east1,s3.us-east-1,ncbi.public",SRX17623935,F3F4,GSM6590130,Illumina HiSeq 2500,PAIRED,cDNA,TRANSCRIPTOMIC,Homo sapiens,ILLUMINA,2023-03-01T00:00:00Z,2022-09-19T16:03:00Z,1,GSM6590130,liver cells,SRP398015
SRR21623018,RNA-Seq,302,33510493800,PRJNA881948,SAMN30919872,10830272045,liver cells,GEO,public,"sra,fastq,run.zq","s3,gs,ncbi","gs.us-east1,s3.us-east-1,ncbi.public",SRX17623938,F3F4,GSM6590133,Illumina HiSeq 2500,PAIRED,cDNA,TRANSCRIPTOMIC,Homo sapiens,ILLUMINA,2023-03-01T00:00:00Z,2022-09-19T11:58:00Z,1,GSM6590133,liver cells,SRP398015
SRR21623019,RNA-Seq,302,30425835600,PRJNA881948,SAMN30919873,9503873278,liver cells,GEO,public,"fastq,run.zq,sra","s3,ncbi,gs","ncbi.public,s3.us-east-1,gs.us-east1",SRX17623939,Control,GSM6590134,Illumina HiSeq 2500,PAIRED,cDNA,TRANSCRIPTOMIC,Homo sapiens,ILLUMINA,2023-03-01T00:00:00Z,2022-09-19T13:38:00Z,1,GSM6590134,liver cells,SRP398015
SRR21623020,RNA-Seq,302,32774767138,PRJNA881948,SAMN30919874,10356931771,liver cells,GEO,public,"sra,run.zq,fastq","s3,ncbi,gs","gs.us-east1,s3.us-east-1,ncbi.public",SRX17623940,F2,GSM6590135,Illumina HiSeq 2500,PAIRED,cDNA,TRANSCRIPTOMIC,Homo sapiens,ILLUMINA,2023-03-01T00:00:00Z,2022-09-19T14:07:00Z,1,GSM6590135,liver cells,SRP398015
SRR21623021,RNA-Seq,302,26692937420,PRJNA881948,SAMN30919875,8394068499,liver cells,GEO,public,"run.zq,fastq,sra","s3,ncbi,gs","ncbi.public,s3.us-east-1,gs.us-east1",SRX17623941,F2,GSM6590136,Illumina HiSeq 2500,PAIRED,cDNA,TRANSCRIPTOMIC,Homo sapiens,ILLUMINA,2023-03-01T00:00:00Z,2022-09-19T11:23:00Z,1,GSM6590136,liver cells,SRP398015
SRR21623022,RNA-Seq,302,52355769450,PRJNA881948,SAMN30919876,16835150722,liver cells,GEO,public,"fastq,run.zq,sra","s3,gs,ncbi","s3.us-east-1,ncbi.public,gs.us-east1",SRX17623942,F3F4,GSM6590137,Illumina HiSeq 2500,PAIRED,cDNA,TRANSCRIPTOMIC,Homo sapiens,ILLUMINA,2023-03-01T00:00:00Z,2022-09-19T14:27:00Z,1,GSM6590137,liver cells,SRP398015
SRR21623023,RNA-Seq,302,40371856790,PRJNA881948,SAMN30919877,13042977809,liver cells,GEO,public,"run.zq,fastq,sra","gs,ncbi,s3","ncbi.public,s3.us-east-1,gs.us-east1",SRX17623943,F3F4,GSM6590138,Illumina HiSeq 2500,PAIRED,cDNA,TRANSCRIPTOMIC,Homo sapiens,ILLUMINA,2023-03-01T00:00:00Z,2022-09-19T14:15:00Z,1,GSM6590138,liver cells,SRP398015
SRR21623027,RNA-Seq,302,19543164128,PRJNA881948,SAMN30919881,5805134750,liver cells,GEO,public,"run.zq,fastq,sra","ncbi,gs,s3","s3.us-east-1,gs.us-east1,ncbi.public",SRX17623947,F3F4,GSM6590142,Illumina HiSeq 2500,PAIRED,cDNA,TRANSCRIPTOMIC,Homo sapiens,ILLUMINA,2023-03-01T00:00:00Z,2022-09-19T11:31:00Z,1,GSM6590142,liver cells,SRP398015
SRR21623028,RNA-Seq,302,18248238562,PRJNA881948,SAMN30919882,5433994301,liver cells,GEO,public,"fastq,run.zq,sra","ncbi,gs,s3","ncbi.public,s3.us-east-1,gs.us-east1",SRX17623948,F2,GSM6590143,Illumina HiSeq 2500,PAIRED,cDNA,TRANSCRIPTOMIC,Homo sapiens,ILLUMINA,2023-03-01T00:00:00Z,2022-09-19T12:50:00Z,1,GSM6590143,liver cells,SRP398015
SRR21623029,RNA-Seq,302,34781013236,PRJNA881948,SAMN30920883,11107392905,liver cells,GEO,public,"sra,fastq,run.zq","ncbi,gs,s3","s3.us-east-1,gs.us-east1,ncbi.public",SRX17623949,F0F1,GSM6590144,Illumina HiSeq 2500,PAIRED,cDNA,TRANSCRIPTOMIC,Homo sapiens,ILLUMINA,2023-03-01T00:00:00Z,2022-09-19T15:19:00Z,1,GSM6590144,liver cells,SRP398015
SRR21623033,RNA-Seq,302,28779783392,PRJNA881948,SAMN30920889,9045904748,liver cells,GEO,public,"fastq,run.zq,sra","gs,ncbi,s3","ncbi.public,s3.us-east-1,gs.us-east1",SRX17623953,F3F4,GSM6590148,Illumina HiSeq 2500,PAIRED,cDNA,TRANSCRIPTOMIC,Homo sapiens,ILLUMINA,2023-03-01T00:00:00Z,2022-09-19T12:05:00Z,1,GSM6590148,liver cells,SRP398015
SRR21623034,RNA-Seq,302,17914725466,PRJNA881948,SAMN30920890,5729290776,liver cells,GEO,public,"sra,run.zq,fastq","ncbi,s3,gs","ncbi.public,gs.us-east1,s3.us-east-1",SRX17623954,F3F4,GSM6590149,Illumina HiSeq 2500,PAIRED,cDNA,TRANSCRIPTOMIC,Homo sapiens,ILLUMINA,2023-03-01T00:00:00Z,2022-09-19T11:35:00Z,1,GSM6590149,liver cells,SRP398015
SRR21623035,RNA-Seq,302,14282733640,PRJNA881948,SAMN30920887,4254093164,liver cells,GEO,public,"run.zq,fastq,sra","ncbi,s3,gs","ncbi.public,s3.us-east-1,gs.us-east1",SRX17623955,F0F1,GSM6590150,Illumina HiSeq 2500,PAIRED,cDNA,TRANSCRIPTOMIC,Homo sapiens,ILLUMINA,2023-03-01T00:00:00Z,2022-09-19T11:07:00Z,1,GSM6590150,liver cells,SRP398015
SRR21623036,RNA-Seq,302,21862213068,PRJNA881948,SAMN30920888,6897757499,liver cells,GEO,public,"sra,fastq,run.zq","ncbi,s3,gs","ncbi.public,gs.us-east1,s3.us-east-1",SRX17623956,F3F4,GSM6590151,Illumina HiSeq 2500,PAIRED,cDNA,TRANSCRIPTOMIC,Homo sapiens,ILLUMINA,2023-03-01T00:00:00Z,2022-09-19T11:25:00Z,1,GSM6590151,liver cells,SRP398015
SRR21623037,RNA-Seq,302,21980452108,PRJNA881948,SAMN30920891,6980405734,liver cells,GEO,public,"run.zq,fastq,sra","s3,ncbi,gs","s3.us-east-1,ncbi.public,gs.us-east1",SRX17623957,F3F4,GSM6590152,Illumina HiSeq 2500,PAIRED,cDNA,TRANSCRIPTOMIC,Homo sapiens,ILLUMINA,2023-03-01T00:00:00Z,2022-09-19T11:36:00Z,1,GSM6590152,liver cells,SRP398015
SRR21623038,RNA-Seq,302,14617975384,PRJNA881948,SAMN30920892,4335503921,liver cells,GEO,public,"sra,fastq,run.zq","gs,ncbi,s3","gs.us-east1,ncbi.public,s3.us-east-1",SRX17623862,F0F1,GSM6590153,Illumina HiSeq 2500,PAIRED,cDNA,TRANSCRIPTOMIC,Homo sapiens,ILLUMINA,2023-03-01T00:00:00Z,2022-09-19T11:07:00Z,1,GSM6590153,liver cells,SRP398015
SRR21623039,RNA-Seq,302,34830446710,PRJNA881948,SAMN30920893,11148372252,liver cells,GEO,public,"sra,run.zq,fastq","ncbi,s3,gs","ncbi.public,s3.us-east-1,gs.us-east1",SRX17623863,F0F1,GSM6590154,Illumina HiSeq 2500,PAIRED,cDNA,TRANSCRIPTOMIC,Homo sapiens,ILLUMINA,2023-03-01T00:00:00Z,2022-09-19T11:35:00Z,1,GSM6590154,liver cells,SRP398015
SRR21623040,RNA-Seq,302,19341089586,PRJNA881948,SAMN30920894,6104483971,liver cells,GEO,public,"sra,fastq,run.zq","ncbi,gs,s3","s3.us-east-1,gs.us-east1,ncbi.public",SRX17623864,F0F1,GSM6590155,Illumina HiSeq 2500,PAIRED,cDNA,TRANSCRIPTOMIC,Homo sapiens,ILLUMINA,2023-03-01T00:00:00Z,2022-09-19T11:15:00Z,1,GSM6590155,liver cells,SRP398015
SRR21623041,RNA-Seq,302,27885732626,PRJNA881948,SAMN30920895,8857148559,liver cells,GEO,public,"fastq,sra,run.zq","ncbi,gs,s3","s3.us-east-1,ncbi.public,gs.us-east1",SRX17623865,F0F1,GSM6590156,Illumina HiSeq 2500,PAIRED,cDNA,TRANSCRIPTOMIC,Homo sapiens,ILLUMINA,2023-03-01T00:00:00Z,2022-09-19T11:30:00Z,1,GSM6590156,liver cells,SRP398015
SRR21623042,RNA-Seq,302,33040576062,PRJNA881948,SAMN30920896,10511156681,liver cells,GEO,public,"run.zq,sra,fastq","gs,ncbi,s3","ncbi.public,s3.us-east-1,gs.us-east1",SRX17623866,F3F4,GSM6590157,Illumina HiSeq 2500,PAIRED,cDNA,TRANSCRIPTOMIC,Homo sapiens,ILLUMINA,2023-03-01T00:00:00Z,2022-09-19T11:42:00Z,1,GSM6590157,liver cells,SRP398015
SRR21623043,RNA-Seq,302,26960013838,PRJNA881948,SAMN30920897,8586117112,liver cells,GEO,public,"fastq,run.zq,sra","gs,ncbi,s3","ncbi.public,gs.us-east1,s3.us-east-1",SRX17623867,F2,GSM6590158,Illumina HiSeq 2500,PAIRED,cDNA,TRANSCRIPTOMIC,Homo sapiens,ILLUMINA,2023-03-01T00:00:00Z,2022-09-19T13:15:00Z,1,GSM6590158,liver cells,SRP398015
SRR21623044,RNA-Seq,302,32335687526,PRJNA881948,SAMN30920898,10394455436,liver cells,GEO,public,"run.zq,sra,fastq","ncbi,s3,gs","ncbi.public,gs.us-east1,s3.us-east-1",SRX17623868,F3F4,GSM6590159,Illumina HiSeq 2500,PAIRED,cDNA,TRANSCRIPTOMIC,Homo sapiens,ILLUMINA,2023-03-01T00:00:00Z,2022-09-19T12:12:00Z,1,GSM6590159,liver cells,SRP398015
SRR21623045,RNA-Seq,302,22707676262,PRJNA881948,SAMN30920899,7205233052,liver cells,GEO,public,"run.zq,sra,fastq","gs,ncbi,s3","s3.us-east-1,ncbi.public,gs.us-east1",SRX17623869,F3F4,GSM6590160,Illumina HiSeq 2500,PAIRED,cDNA,TRANSCRIPTOMIC,Homo sapiens,ILLUMINA,2023-03-01T00:00:00Z,2022-09-19T11:47:00Z,1,GSM6590160,liver cells,SRP398015
SRR21623046,RNA-Seq,302,20431694938,PRJNA881948,SAMN30920900,6453576848,liver cells,GEO,public,"run.zq,fastq,sra","gs,ncbi,s3","ncbi.public,gs.us-east1,s3.us-east-1",SRX17623870,F3F4,GSM6590161,Illumina HiSeq 2500,PAIRED,cDNA,TRANSCRIPTOMIC,Homo sapiens,ILLUMINA,2023-03-01T00:00:00Z,2022-09-19T11:29:00Z,1,GSM6590161,liver cells,SRP398015
SRR21623047,RNA-Seq,302,38201278902,PRJNA881948,SAMN30920901,12084587553,liver cells,GEO,public,"sra,fastq,run.zq","s3,gs,ncbi","ncbi.public,s3.us-east-1,gs.us-east1",SRX17623871,F3F4,GSM6590162,Illumina HiSeq 2500,PAIRED,cDNA,TRANSCRIPTOMIC,Homo sapiens,ILLUMINA,2023-03-01T00:00:00Z,2022-09-19T11:47:00Z,1,GSM6590162,liver cells,SRP398015
SRR21623048,RNA-Seq,302,29597191692,PRJNA881948,SAMN30920902,9330089686,liver cells,GEO,public,"run.zq,sra,fastq","gs,ncbi,s3","gs.us-east1,s3.us-east-1,ncbi.public",SRX17623872,F2,GSM6590163,Illumina HiSeq 2500,PAIRED,cDNA,TRANSCRIPTOMIC,Homo sapiens,ILLUMINA,2023-03-01T00:00:00Z,2022-09-19T11:35:00Z,1,GSM6590163,liver cells,SRP398015
SRR21623049,RNA-Seq,302,33372918908,PRJNA881948,SAMN30920903,10703969286,liver cells,GEO,public,"sra,run.zq,fastq","s3,ncbi,gs","gs.us-east1,ncbi.public,s3.us-east-1",SRX17623873,Control,GSM6590164,Illumina HiSeq 2500,PAIRED,cDNA,TRANSCRIPTOMIC,Homo sapiens,ILLUMINA,2023-03-01T00:00:00Z,2022-09-19T12:37:00Z,1,GSM6590164,liver cells,SRP398015
SRR21623052,RNA-Seq,302,19249015222,PRJNA881948,SAMN30920906,6054278223,liver cells,GEO,public,"run.zq,sra,fastq","gs,ncbi,s3","ncbi.public,s3.us-east-1,gs.us-east1",SRX17623876,F3F4,GSM6590167,Illumina HiSeq 2500,PAIRED,cDNA,TRANSCRIPTOMIC,Homo sapiens,ILLUMINA,2023-03-01T00:00:00Z,2022-09-19T11:14:00Z,1,GSM6590167,liver cells,SRP398015
SRR21623053,RNA-Seq,302,25467904016,PRJNA881948,SAMN30920907,7988774594,liver cells,GEO,public,"sra,fastq,run.zq","ncbi,s3,gs","ncbi.public,s3.us-east-1,gs.us-east1",SRX17623877,F3F4,GSM6590168,Illumina HiSeq 2500,PAIRED,cDNA,TRANSCRIPTOMIC,Homo sapiens,ILLUMINA,2023-03-01T00:00:00Z,2022-09-19T11:39:00Z,1,GSM6590168,liver cells,SRP398015
SRR21623054,RNA-Seq,302,21800197972,PRJNA881948,SAMN30920908,6873893417,liver cells,GEO,public,"fastq,run.zq,sra","s3,ncbi,gs","s3.us-east-1,gs.us-east1,ncbi.public",SRX17623878,F3F4,GSM6590169,Illumina HiSeq 2500,PAIRED,cDNA,TRANSCRIPTOMIC,Homo sapiens,ILLUMINA,2023-03-01T00:00:00Z,2022-09-19T11:23:00Z,1,GSM6590169,liver cells,SRP398015
SRR21623055,RNA-Seq,302,34134672232,PRJNA881948,SAMN30920909,10723360337,liver cells,GEO,public,"sra,run.zq,fastq","gs,s3,ncbi","gs.us-east1,ncbi.public,s3.us-east-1",SRX17623879,F2,GSM6590170,Illumina HiSeq 2500,PAIRED,cDNA,TRANSCRIPTOMIC,Homo sapiens,ILLUMINA,2023-03-01T00:00:00Z,2022-09-19T12:11:00Z,1,GSM6590170,liver cells,SRP398015
SRR21623056,RNA-Seq,302,39362093818,PRJNA881948,SAMN30920910,12483731206,liver cells,GEO,public,"fastq,sra,run.zq","ncbi,s3,gs","ncbi.public,s3.us-east-1,gs.us-east1",SRX17623880,Control,GSM6590171,Illumina HiSeq 2500,PAIRED,cDNA,TRANSCRIPTOMIC,Homo sapiens,ILLUMINA,2023-03-01T00:00:00Z,2022-09-19T15:10:00Z,1,GSM6590171,liver cells,SRP398015
SRR21623059,RNA-Seq,302,24004577814,PRJNA881948,SAMN30920913,7562674107,liver cells,GEO,public,"fastq,sra,run.zq","ncbi,s3,gs","ncbi.public,s3.us-east-1,gs.us-east1",SRX17623883,F3F4,GSM6590174,Illumina HiSeq 2500,PAIRED,cDNA,TRANSCRIPTOMIC,Homo sapiens,ILLUMINA,2023-03-01T00:00:00Z,2022-09-19T11:28:00Z,1,GSM6590174,liver cells,SRP398015
SRR21623061,RNA-Seq,302,32526382406,PRJNA881948,SAMN30920915,10341577480,liver cells,GEO,public,"fastq,run.zq,sra","ncbi,s3,gs","ncbi.public,gs.us-east1,s3.us-east-1",SRX17623885,Control,GSM6590176,Illumina HiSeq 2500,PAIRED,cDNA,TRANSCRIPTOMIC,Homo sapiens,ILLUMINA,2023-03-01T00:00:00Z,2022-09-19T12:50:00Z,1,GSM6590176,liver cells,SRP398015
SRR21623068,RNA-Seq,302,33355187884,PRJNA881948,SAMN30920922,10501512462,liver cells,GEO,public,"fastq,run.zq,sra","s3,ncbi,gs","gs.us-east1,s3.us-east-1,ncbi.public",SRX17623964,Control,GSM6590183,Illumina HiSeq 2500,PAIRED,cDNA,TRANSCRIPTOMIC,Homo sapiens,ILLUMINA,2023-03-01T00:00:00Z,2022-09-19T12:07:00Z,1,GSM6590183,liver cells,SRP398015
SRR21623069,RNA-Seq,302,18090876630,PRJNA881948,SAMN30920923,5766839519,liver cells,GEO,public,"run.zq,sra,fastq","s3,gs,ncbi","gs.us-east1,s3.us-east-1,ncbi.public",SRX17623965,F3F4,GSM6590184,Illumina HiSeq 2500,PAIRED,cDNA,TRANSCRIPTOMIC,Homo sapiens,ILLUMINA,2023-03-01T00:00:00Z,2022-09-19T14:21:00Z,1,GSM6590184,liver cells,SRP398015
SRR21623073,RNA-Seq,302,26329998350,PRJNA881948,SAMN30920927,8273783977,liver cells,GEO,public,"fastq,sra,run.zq","ncbi,gs,s3","ncbi.public,s3.us-east-1,gs.us-east1",SRX17623969,F0F1,GSM6590188,Illumina HiSeq 2500,PAIRED,cDNA,TRANSCRIPTOMIC,Homo sapiens,ILLUMINA,2023-03-01T00:00:00Z,2022-09-19T14:06:00Z,1,GSM6590188,liver cells,SRP398015
SRR21623074,RNA-Seq,302,29787349314,PRJNA881948,SAMN30920928,9273561512,liver cells,GEO,public,"fastq,run.zq,sra","ncbi,s3,gs","ncbi.public,gs.us-east1,s3.us-east-1",SRX17623970,F2,GSM6590189,Illumina HiSeq 2500,PAIRED,cDNA,TRANSCRIPTOMIC,Homo sapiens,ILLUMINA,2023-03-01T00:00:00Z,2022-09-19T11:47:00Z,1,GSM6590189,liver cells,SRP398015
SRR21623075,RNA-Seq,302,25657314792,PRJNA881948,SAMN30920929,8055460490,liver cells,GEO,public,"run.zq,fastq,sra","ncbi,gs,s3","gs.us-east1,ncbi.public,s3.us-east-1",SRX17623971,F0F1,GSM6590190,Illumina HiSeq 2500,PAIRED,cDNA,TRANSCRIPTOMIC,Homo sapiens,ILLUMINA,2023-03-01T00:00:00Z,2022-09-19T11:33:00Z,1,GSM6590190,liver cells,SRP398015
SRR21623082,RNA-Seq,302,18754624310,PRJNA881948,SAMN30920936,5592085868,liver cells,GEO,public,"fastq,sra,run.zq","gs,ncbi,s3","gs.us-east1,ncbi.public,s3.us-east-1",SRX17623978,F0F1,GSM6590197,Illumina HiSeq 2500,PAIRED,cDNA,TRANSCRIPTOMIC,Homo sapiens,ILLUMINA,2023-03-01T00:00:00Z,2022-09-19T11:31:00Z,1,GSM6590197,liver cells,SRP398015
SRR21623083,RNA-Seq,302,38667691930,PRJNA881948,SAMN30920937,12450401953,liver cells,GEO,public,"sra,fastq,run.zq","ncbi,gs,s3","gs.us-east1,s3.us-east-1,ncbi.public",SRX17623979,F0F1,GSM6590198,Illumina HiSeq 2500,PAIRED,cDNA,TRANSCRIPTOMIC,Homo sapiens,ILLUMINA,2023-03-01T00:00:00Z,2022-09-19T15:12:00Z,1,GSM6590198,liver cells,SRP398015
SRR21623084,RNA-Seq,302,24737986928,PRJNA881948,SAMN30920938,7785516543,liver cells,GEO,public,"sra,fastq,run.zq","s3,ncbi,gs","ncbi.public,s3.us-east-1,gs.us-east1",SRX17623980,F0F1,GSM6590199,Illumina HiSeq 2500,PAIRED,cDNA,TRANSCRIPTOMIC,Homo sapiens,ILLUMINA,2023-03-01T00:00:00Z,2022-09-19T12:26:00Z,1,GSM6590199,liver cells,SRP398015
SRR21623085,RNA-Seq,302,24095631418,PRJNA881948,SAMN30920939,7625670376,liver cells,GEO,public,"fastq,run.zq,sra","gs,ncbi,s3","ncbi.public,s3.us-east-1,gs.us-east1",SRX17623981,F2,GSM6590200,Illumina HiSeq 2500,PAIRED,cDNA,TRANSCRIPTOMIC,Homo sapiens,ILLUMINA,2023-03-01T00:00:00Z,2022-09-19T14:22:00Z,1,GSM6590200,liver cells,SRP398015
SRR21623086,RNA-Seq,302,26131354226,PRJNA881948,SAMN30920940,8180944046,liver cells,GEO,public,"sra,run.zq,fastq","s3,ncbi,gs","gs.us-east1,ncbi.public,s3.us-east-1",SRX17623814,F3F4,GSM6590201,Illumina HiSeq 2500,PAIRED,cDNA,TRANSCRIPTOMIC,Homo sapiens,ILLUMINA,2023-03-01T00:00:00Z,2022-09-19T11:34:00Z,1,GSM6590201,liver cells,SRP398015
SRR21623087,RNA-Seq,302,20650776610,PRJNA881948,SAMN30920941,6134150896,liver cells,GEO,public,"sra,run.zq,fastq","ncbi,gs,s3","s3.us-east-1,gs.us-east1,ncbi.public",SRX17623815,Control,GSM6590202,Illumina HiSeq 2500,PAIRED,cDNA,TRANSCRIPTOMIC,Homo sapiens,ILLUMINA,2023-03-01T00:00:00Z,2022-09-19T11:57:00Z,1,GSM6590202,liver cells,SRP398015
SRR21623093,RNA-Seq,302,42070980968,PRJNA881948,SAMN30919827,12501581780,liver cells,GEO,public,"run.zq,fastq,sra","s3,gs,ncbi","s3.us-east-1,ncbi.public,gs.us-east1",SRX17623821,Control,GSM6590208,Illumina HiSeq 2500,PAIRED,cDNA,TRANSCRIPTOMIC,Homo sapiens,ILLUMINA,2023-03-01T00:00:00Z,2022-09-19T11:55:00Z,1,GSM6590208,liver cells,SRP398015
SRR21623094,RNA-Seq,302,29489806230,PRJNA881948,SAMN30919828,9270027244,liver cells,GEO,public,"fastq,run.zq,sra","ncbi,gs,s3","ncbi.public,gs.us-east1,s3.us-east-1",SRX17623822,F2,GSM6590209,Illumina HiSeq 2500,PAIRED,cDNA,TRANSCRIPTOMIC,Homo sapiens,ILLUMINA,2023-03-01T00:00:00Z,2022-09-19T13:50:00Z,1,GSM6590209,liver cells,SRP398015
SRR21623095,RNA-Seq,302,24945450962,PRJNA881948,SAMN30919829,8021315659,liver cells,GEO,public,"run.zq,sra,fastq","gs,s3,ncbi","s3.us-east-1,ncbi.public,gs.us-east1",SRX17623823,F0F1,GSM6590210,Illumina HiSeq 2500,PAIRED,cDNA,TRANSCRIPTOMIC,Homo sapiens,ILLUMINA,2023-03-01T00:00:00Z,2022-09-19T12:22:00Z,1,GSM6590210,liver cells,SRP398015
SRR21623096,RNA-Seq,302,16036355832,PRJNA881948,SAMN30919830,4745231220,liver cells,GEO,public,"run.zq,sra,fastq","gs,s3,ncbi","gs.us-east1,ncbi.public,s3.us-east-1",SRX17623824,F0F1,GSM6590211,Illumina HiSeq 2500,PAIRED,cDNA,TRANSCRIPTOMIC,Homo sapiens,ILLUMINA,2023-03-01T00:00:00Z,2022-09-19T11:49:00Z,1,GSM6590211,liver cells,SRP398015
SRR21623097,RNA-Seq,302,31192104126,PRJNA881948,SAMN30919831,9841129354,liver cells,GEO,public,"run.zq,sra,fastq","gs,ncbi,s3","ncbi.public,s3.us-east-1,gs.us-east1",SRX17623825,F0F1,GSM6590212,Illumina HiSeq 2500,PAIRED,cDNA,TRANSCRIPTOMIC,Homo sapiens,ILLUMINA,2023-03-01T00:00:00Z,2022-09-19T17:37:00Z,1,GSM6590212,liver cells,SRP398015
SRR21623101,RNA-Seq,302,35499574520,PRJNA881948,SAMN30919835,11500209645,liver cells,GEO,public,"run.zq,fastq,sra","gs,s3,ncbi","ncbi.public,s3.us-east-1,gs.us-east1",SRX17623829,F3F4,GSM6590216,Illumina HiSeq 2500,PAIRED,cDNA,TRANSCRIPTOMIC,Homo sapiens,ILLUMINA,2023-03-01T00:00:00Z,2022-09-19T15:23:00Z,1,GSM6590216,liver cells,SRP398015
SRR21623102,RNA-Seq,302,31816963870,PRJNA881948,SAMN30919836,10011877866,liver cells,GEO,public,"run.zq,sra,fastq","s3,ncbi,gs","gs.us-east1,ncbi.public,s3.us-east-1",SRX17623830,F0F1,GSM6590217,Illumina HiSeq 2500,PAIRED,cDNA,TRANSCRIPTOMIC,Homo sapiens,ILLUMINA,2023-03-01T00:00:00Z,2022-09-19T12:14:00Z,1,GSM6590217,liver cells,SRP398015
SRR21623103,RNA-Seq,302,37546934294,PRJNA881948,SAMN30919837,11891435394,liver cells,GEO,public,"run.zq,fastq,sra","s3,gs,ncbi","ncbi.public,s3.us-east-1,gs.us-east1",SRX17623831,F3F4,GSM6590218,Illumina HiSeq 2500,PAIRED,cDNA,TRANSCRIPTOMIC,Homo sapiens,ILLUMINA,2023-03-01T00:00:00Z,2022-09-19T12:17:00Z,1,GSM6590218,liver cells,SRP398015
SRR21623104,RNA-Seq,302,16035817668,PRJNA881948,SAMN30919838,4800388754,liver cells,GEO,public,"sra,fastq,run.zq","ncbi,s3,gs","gs.us-east1,ncbi.public,s3.us-east-1",SRX17623832,F0F1,GSM6590219,Illumina HiSeq 2500,PAIRED,cDNA,TRANSCRIPTOMIC,Homo sapiens,ILLUMINA,2023-03-01T00:00:00Z,2022-09-19T11:09:00Z,1,GSM6590219,liver cells,SRP398015
SRR21623105,RNA-Seq,302,30376812242,PRJNA881948,SAMN30919839,9551150031,liver cells,GEO,public,"fastq,sra,run.zq","ncbi,gs,s3","gs.us-east1,s3.us-east-1,ncbi.public",SRX17623833,F2,GSM6590220,Illumina HiSeq 2500,PAIRED,cDNA,TRANSCRIPTOMIC,Homo sapiens,ILLUMINA,2023-03-01T00:00:00Z,2022-09-19T11:44:00Z,1,GSM6590220,liver cells,SRP398015
SRR21623107,RNA-Seq,302,21269715946,PRJNA881948,SAMN30919841,6260029784,liver cells,GEO,public,"fastq,sra,run.zq","gs,ncbi,s3","ncbi.public,s3.us-east-1,gs.us-east1",SRX17623835,F0F1,GSM6590222,Illumina HiSeq 2500,PAIRED,cDNA,TRANSCRIPTOMIC,Homo sapiens,ILLUMINA,2023-03-01T00:00:00Z,2022-09-19T11:17:00Z,1,GSM6590222,liver cells,SRP398015
SRR21623112,RNA-Seq,302,34501721220,PRJNA881948,SAMN30919846,10997613472,liver cells,GEO,public,"fastq,run.zq,sra","s3,ncbi,gs","gs.us-east1,ncbi.public,s3.us-east-1",SRX17623984,F0F1,GSM6590227,Illumina HiSeq 2500,PAIRED,cDNA,TRANSCRIPTOMIC,Homo sapiens,ILLUMINA,2023-03-01T00:00:00Z,2022-09-19T20:22:00Z,1,GSM6590227,liver cells,SRP398015
SRR21623113,RNA-Seq,302,31952614720,PRJNA881948,SAMN30919847,10273911484,liver cells,GEO,public,"sra,run.zq,fastq","gs,ncbi,s3","ncbi.public,s3.us-east-1,gs.us-east1",SRX17623985,F2,GSM6590228,Illumina HiSeq 2500,PAIRED,cDNA,TRANSCRIPTOMIC,Homo sapiens,ILLUMINA,2023-03-01T00:00:00Z,2022-09-19T12:06:00Z,1,GSM6590228,liver cells,SRP398015
SRR21623114,RNA-Seq,302,37366365776,PRJNA881948,SAMN30919848,11969029641,liver cells,GEO,public,"run.zq,fastq,sra","s3,ncbi,gs","gs.us-east1,s3.us-east-1,ncbi.public",SRX17623986,F3F4,GSM6590229,Illumina HiSeq 2500,PAIRED,cDNA,TRANSCRIPTOMIC,Homo sapiens,ILLUMINA,2023-03-01T00:00:00Z,2022-09-19T14:38:00Z,1,GSM6590229,liver cells,SRP398015
SRR21623115,RNA-Seq,302,39486317894,PRJNA881948,SAMN30919849,12547975256,liver cells,GEO,public,"fastq,sra,run.zq","gs,s3,ncbi","ncbi.public,gs.us-east1,s3.us-east-1",SRX17623987,F2,GSM6590230,Illumina HiSeq 2500,PAIRED,cDNA,TRANSCRIPTOMIC,Homo sapiens,ILLUMINA,2023-03-01T00:00:00Z,2022-09-19T12:45:00Z,1,GSM6590230,liver cells,SRP398015
SRR21623116,RNA-Seq,302,37100260590,PRJNA881948,SAMN30919850,11909845677,liver cells,GEO,public,"run.zq,sra,fastq","ncbi,s3,gs","ncbi.public,gs.us-east1,s3.us-east-1",SRX17623988,F0F1,GSM6590231,Illumina HiSeq 2500,PAIRED,cDNA,TRANSCRIPTOMIC,Homo sapiens,ILLUMINA,2023-03-01T00:00:00Z,2022-09-19T13:02:00Z,1,GSM6590231,liver cells,SRP398015
SRR21623117,RNA-Seq,302,36149420536,PRJNA881948,SAMN30919851,11580248321,liver cells,GEO,public,"sra,run.zq,fastq","s3,gs,ncbi","gs.us-east1,ncbi.public,s3.us-east-1",SRX17623989,F0F1,GSM6590232,Illumina HiSeq 2500,PAIRED,cDNA,TRANSCRIPTOMIC,Homo sapiens,ILLUMINA,2023-03-01T00:00:00Z,2022-09-19T17:16:00Z,1,GSM6590232,liver cells,SRP398015
SRR21623121,RNA-Seq,302,33652978306,PRJNA881948,SAMN30919456,10765906591,liver cells,GEO,public,"fastq,run.zq,sra","ncbi,gs,s3","ncbi.public,s3.us-east-1,gs.us-east1",SRX17623993,F2,GSM6590236,Illumina HiSeq 2500,PAIRED,cDNA,TRANSCRIPTOMIC,Homo sapiens,ILLUMINA,2023-03-01T00:00:00Z,2022-09-19T12:06:00Z,1,GSM6590236,liver cells,SRP398015
SRR21623122,RNA-Seq,302,19566854216,PRJNA881948,SAMN30919457,6176793650,liver cells,GEO,public,"fastq,run.zq,sra","gs,ncbi,s3","s3.us-east-1,gs.us-east1,ncbi.public",SRX17623994,F3F4,GSM6590237,Illumina HiSeq 2500,PAIRED,cDNA,TRANSCRIPTOMIC,Homo sapiens,ILLUMINA,2023-03-01T00:00:00Z,2022-09-19T11:23:00Z,1,GSM6590237,liver cells,SRP398015
SRR21623123,RNA-Seq,302,26980965390,PRJNA881948,SAMN30919458,8692679455,liver cells,GEO,public,"run.zq,sra,fastq","gs,ncbi,s3","ncbi.public,gs.us-east1,s3.us-east-1",SRX17623995,F2,GSM6590238,Illumina HiSeq 2500,PAIRED,cDNA,TRANSCRIPTOMIC,Homo sapiens,ILLUMINA,2023-03-01T00:00:00Z,2022-09-19T12:46:00Z,1,GSM6590238,liver cells,SRP398015
SRR21623124,RNA-Seq,302,32692488446,PRJNA881948,SAMN30919459,10329164200,liver cells,GEO,public,"sra,run.zq,fastq","s3,ncbi,gs","s3.us-east-1,gs.us-east1,ncbi.public",SRX17623996,F3F4,GSM6590239,Illumina HiSeq 2500,PAIRED,cDNA,TRANSCRIPTOMIC,Homo sapiens,ILLUMINA,2023-03-01T00:00:00Z,2022-09-19T11:58:00Z,1,GSM6590239,liver cells,SRP398015
SRR21623131,RNA-Seq,302,29792116686,PRJNA881948,SAMN30919466,9398725547,liver cells,GEO,public,"sra,run.zq,fastq","gs,ncbi,s3","s3.us-east-1,ncbi.public,gs.us-east1",SRX17624003,F0F1,GSM6590246,Illumina HiSeq 2500,PAIRED,cDNA,TRANSCRIPTOMIC,Homo sapiens,ILLUMINA,2023-03-01T00:00:00Z,2022-09-19T12:01:00Z,1,GSM6590246,liver cells,SRP398015
SRR21623136,RNA-Seq,302,28343336918,PRJNA881948,SAMN30919471,9124464681,liver cells,GEO,public,"run.zq,sra,fastq","ncbi,gs,s3","s3.us-east-1,ncbi.public,gs.us-east1",SRX17623888,F3F4,GSM6590251,Illumina HiSeq 2500,PAIRED,cDNA,TRANSCRIPTOMIC,Homo sapiens,ILLUMINA,2023-03-01T00:00:00Z,2022-09-19T12:29:00Z,1,GSM6590251,liver cells,SRP398015
SRR21623137,RNA-Seq,302,26548776210,PRJNA881948,SAMN30919472,8265677167,liver cells,GEO,public,"run.zq,sra,fastq","ncbi,s3,gs","ncbi.public,s3.us-east-1,gs.us-east1",SRX17623889,F2,GSM6590252,Illumina HiSeq 2500,PAIRED,cDNA,TRANSCRIPTOMIC,Homo sapiens,ILLUMINA,2023-03-01T00:00:00Z,2022-09-19T13:55:00Z,1,GSM6590252,liver cells,SRP398015
SRR21623138,RNA-Seq,302,19624705638,PRJNA881948,SAMN30919473,5827991940,liver cells,GEO,public,"sra,fastq,run.zq","gs,s3,ncbi","ncbi.public,gs.us-east1,s3.us-east-1",SRX17623890,F2,GSM6590253,Illumina HiSeq 2500,PAIRED,cDNA,TRANSCRIPTOMIC,Homo sapiens,ILLUMINA,2023-03-01T00:00:00Z,2022-09-19T11:49:00Z,1,GSM6590253,liver cells,SRP398015
SRR21623139,RNA-Seq,302,18363995766,PRJNA881948,SAMN30919474,5446737133,liver cells,GEO,public,"run.zq,fastq,sra","ncbi,s3,gs","s3.us-east-1,gs.us-east1,ncbi.public",SRX17623891,F0F1,GSM6590254,Illumina HiSeq 2500,PAIRED,cDNA,TRANSCRIPTOMIC,Homo sapiens,ILLUMINA,2023-03-01T00:00:00Z,2022-09-19T11:36:00Z,1,GSM6590254,liver cells,SRP398015
SRR21623140,RNA-Seq,302,17352236876,PRJNA881948,SAMN30919475,5175864444,liver cells,GEO,public,"sra,fastq,run.zq","gs,ncbi,s3","ncbi.public,gs.us-east1,s3.us-east-1",SRX17623892,F0F1,GSM6590255,Illumina HiSeq 2500,PAIRED,cDNA,TRANSCRIPTOMIC,Homo sapiens,ILLUMINA,2023-03-01T00:00:00Z,2022-09-19T11:20:00Z,1,GSM6590255,liver cells,SRP398015
SRR21623141,RNA-Seq,302,32342142172,PRJNA881948,SAMN30919476,10261865644,liver cells,GEO,public,"sra,fastq,run.zq","ncbi,gs,s3","s3.us-east-1,ncbi.public,gs.us-east1",SRX17623893,F0F1,GSM6590256,Illumina HiSeq 2500,PAIRED,cDNA,TRANSCRIPTOMIC,Homo sapiens,ILLUMINA,2023-03-01T00:00:00Z,2022-09-19T12:20:00Z,1,GSM6590256,liver cells,SRP398015
SRR21623142,RNA-Seq,302,33636830366,PRJNA881948,SAMN30919477,10946694173,liver cells,GEO,public,"run.zq,sra,fastq","gs,ncbi,s3","s3.us-east-1,ncbi.public,gs.us-east1",SRX17623894,Control,GSM6590257,Illumina HiSeq 2500,PAIRED,cDNA,TRANSCRIPTOMIC,Homo sapiens,ILLUMINA,2023-03-01T00:00:00Z,2022-09-19T12:03:00Z,1,GSM6590257,liver cells,SRP398015
SRR21623143,RNA-Seq,302,31268233494,PRJNA881948,SAMN30919478,9842946129,liver cells,GEO,public,"fastq,sra,run.zq","gs,ncbi,s3","gs.us-east1,s3.us-east-1,ncbi.public",SRX17623895,F0F1,GSM6590258,Illumina HiSeq 2500,PAIRED,cDNA,TRANSCRIPTOMIC,Homo sapiens,ILLUMINA,2023-03-01T00:00:00Z,2022-09-19T12:04:00Z,1,GSM6590258,liver cells,SRP398015
SRR21623144,RNA-Seq,302,34502440584,PRJNA881948,SAMN30919479,10949103848,liver cells,GEO,public,"fastq,sra,run.zq","s3,ncbi,gs","s3.us-east-1,gs.us-east1,ncbi.public",SRX17623896,F0F1,GSM6590259,Illumina HiSeq 2500,PAIRED,cDNA,TRANSCRIPTOMIC,Homo sapiens,ILLUMINA,2023-03-01T00:00:00Z,2022-09-19T12:22:00Z,1,GSM6590259,liver cells,SRP398015
SRR21623150,RNA-Seq,302,28335344488,PRJNA881948,SAMN30919824,8909891595,liver cells,GEO,public,"fastq,run.zq,sra","gs,s3,ncbi","s3.us-east-1,ncbi.public,gs.us-east1",SRX17623902,F2,GSM6590265,Illumina HiSeq 2500,PAIRED,cDNA,TRANSCRIPTOMIC,Homo sapiens,ILLUMINA,2023-03-01T00:00:00Z,2022-09-19T11:44:00Z,1,GSM6590265,liver cells,SRP398015
SRR21623151,RNA-Seq,302,30530440246,PRJNA881948,SAMN30920945,9580473374,liver cells,GEO,public,"run.zq,sra,fastq","s3,ncbi,gs","s3.us-east-1,gs.us-east1,ncbi.public",SRX17623903,F2,GSM6590266,Illumina HiSeq 2500,PAIRED,cDNA,TRANSCRIPTOMIC,Homo sapiens,ILLUMINA,2023-03-01T00:00:00Z,2022-09-19T11:53:00Z,1,GSM6590266,liver cells,SRP398015
SRR21623157,RNA-Seq,302,22409009436,PRJNA881948,SAMN30920951,7079813846,liver cells,GEO,public,"fastq,sra,run.zq","ncbi,s3,gs","gs.us-east1,s3.us-east-1,ncbi.public",SRX17623909,F3F4,GSM6590272,Illumina HiSeq 2500,PAIRED,cDNA,TRANSCRIPTOMIC,Homo sapiens,ILLUMINA,2023-03-01T00:00:00Z,2022-09-19T13:29:00Z,1,GSM6590272,liver cells,SRP398015
SRR21623162,RNA-Seq,302,26000733488,PRJNA881948,SAMN30920956,7692840633,liver cells,GEO,public,"fastq,sra,run.zq","ncbi,gs,s3","gs.us-east1,ncbi.public,s3.us-east-1",SRX17623770,F3F4,GSM6590277,Illumina HiSeq 2500,PAIRED,cDNA,TRANSCRIPTOMIC,Homo sapiens,ILLUMINA,2023-03-01T00:00:00Z,2022-09-19T11:46:00Z,1,GSM6590277,liver cells,SRP398015
SRR21623163,RNA-Seq,302,33184898540,PRJNA881948,SAMN30920957,9649652489,liver cells,GEO,public,"fastq,run.zq,sra","gs,s3,ncbi","gs.us-east1,s3.us-east-1,ncbi.public",SRX17623771,F2,GSM6590278,Illumina HiSeq 2500,PAIRED,cDNA,TRANSCRIPTOMIC,Homo sapiens,ILLUMINA,2023-03-01T00:00:00Z,2022-09-19T11:39:00Z,1,GSM6590278,liver cells,SRP398015
SRR21623164,RNA-Seq,302,15435826718,PRJNA881948,SAMN30920958,4689047110,liver cells,GEO,public,"run.zq,sra,fastq","gs,s3,ncbi","ncbi.public,s3.us-east-1,gs.us-east1",SRX17623772,F3F4,GSM6590279,Illumina HiSeq 2500,PAIRED,cDNA,TRANSCRIPTOMIC,Homo sapiens,ILLUMINA,2023-03-01T00:00:00Z,2022-09-19T11:23:00Z,1,GSM6590279,liver cells,SRP398015
SRR21623165,RNA-Seq,302,32143574756,PRJNA881948,SAMN30920959,9605238125,liver cells,GEO,public,"run.zq,sra,fastq","s3,ncbi,gs","gs.us-east1,ncbi.public,s3.us-east-1",SRX17623773,F0F1,GSM6590280,Illumina HiSeq 2500,PAIRED,cDNA,TRANSCRIPTOMIC,Homo sapiens,ILLUMINA,2023-03-01T00:00:00Z,2022-09-19T12:22:00Z,1,GSM6590280,liver cells,SRP398015
SRR21623166,RNA-Seq,302,32543067906,PRJNA881948,SAMN30920960,9646894242,liver cells,GEO,public,"fastq,sra,run.zq","ncbi,s3,gs","ncbi.public,s3.us-east-1,gs.us-east1",SRX17623774,F0F1,GSM6590281,Illumina HiSeq 2500,PAIRED,cDNA,TRANSCRIPTOMIC,Homo sapiens,ILLUMINA,2023-03-01T00:00:00Z,2022-09-19T12:53:00Z,1,GSM6590281,liver cells,SRP398015
SRR21623172,RNA-Seq,302,13747286432,PRJNA881948,SAMN30920966,4111801887,liver cells,GEO,public,"run.zq,fastq,sra","s3,ncbi,gs","gs.us-east1,s3.us-east-1,ncbi.public",SRX17623780,F3F4,GSM6590287,Illumina HiSeq 2500,PAIRED,cDNA,TRANSCRIPTOMIC,Homo sapiens,ILLUMINA,2023-03-01T00:00:00Z,2022-09-19T11:07:00Z,1,GSM6590287,liver cells,SRP398015
SRR21623173,RNA-Seq,302,32871565990,PRJNA881948,SAMN30920967,10488365840,liver cells,GEO,public,"fastq,run.zq,sra","gs,ncbi,s3","gs.us-east1,s3.us-east-1,ncbi.public",SRX17623781,F3F4,GSM6590288,Illumina HiSeq 2500,PAIRED,cDNA,TRANSCRIPTOMIC,Homo sapiens,ILLUMINA,2023-03-01T00:00:00Z,2022-09-19T11:47:00Z,1,GSM6590288,liver cells,SRP398015
SRR21623174,RNA-Seq,302,37441499450,PRJNA881948,SAMN30920968,12023799827,liver cells,GEO,public,"sra,run.zq,fastq","ncbi,s3,gs","ncbi.public,s3.us-east-1,gs.us-east1",SRX17623782,F0F1,GSM6590289,Illumina HiSeq 2500,PAIRED,cDNA,TRANSCRIPTOMIC,Homo sapiens,ILLUMINA,2023-03-01T00:00:00Z,2022-09-19T11:46:00Z,1,GSM6590289,liver cells,SRP398015
SRR21623175,RNA-Seq,302,37813323964,PRJNA881948,SAMN30920969,11067182730,liver cells,GEO,public,"run.zq,fastq,sra","s3,ncbi,gs","ncbi.public,gs.us-east1,s3.us-east-1",SRX17623783,F2,GSM6590290,Illumina HiSeq 2500,PAIRED,cDNA,TRANSCRIPTOMIC,Homo sapiens,ILLUMINA,2023-03-01T00:00:00Z,2022-09-19T12:44:00Z,1,GSM6590290,liver cells,SRP398015
SRR21623176,RNA-Seq,302,32616479274,PRJNA881948,SAMN30920970,9760523380,liver cells,GEO,public,"fastq,run.zq,sra","ncbi,gs,s3","ncbi.public,s3.us-east-1,gs.us-east1",SRX17623784,Control,GSM6590291,Illumina HiSeq 2500,PAIRED,cDNA,TRANSCRIPTOMIC,Homo sapiens,ILLUMINA,2023-03-01T00:00:00Z,2022-09-19T12:16:00Z,1,GSM6590291,liver cells,SRP398015
SRR21623177,RNA-Seq,302,34087301418,PRJNA881948,SAMN30920971,10912503956,liver cells,GEO,public,"sra,run.zq,fastq","gs,ncbi,s3","gs.us-east1,s3.us-east-1,ncbi.public",SRX17623785,F2,GSM6590292,Illumina HiSeq 2500,PAIRED,cDNA,TRANSCRIPTOMIC,Homo sapiens,ILLUMINA,2023-03-01T00:00:00Z,2022-09-19T16:27:00Z,1,GSM6590292,liver cells,SRP398015
SRR21623178,RNA-Seq,302,27329864782,PRJNA881948,SAMN30920972,8764409106,liver cells,GEO,public,"fastq,sra,run.zq","gs,ncbi,s3","ncbi.public,gs.us-east1,s3.us-east-1",SRX17623786,F0F1,GSM6590293,Illumina HiSeq 2500,PAIRED,cDNA,TRANSCRIPTOMIC,Homo sapiens,ILLUMINA,2023-03-01T00:00:00Z,2022-09-19T16:30:00Z,1,GSM6590293,liver cells,SRP398015
SRR21623182,RNA-Seq,302,23649111432,PRJNA881948,SAMN30921011,7563487709,liver cells,GEO,public,"sra,run.zq,fastq","s3,ncbi,gs","ncbi.public,gs.us-east1,s3.us-east-1",SRX17624006,F3F4,GSM6590297,Illumina HiSeq 2500,PAIRED,cDNA,TRANSCRIPTOMIC,Homo sapiens,ILLUMINA,2023-03-01T00:00:00Z,2022-09-19T13:49:00Z,1,GSM6590297,liver cells,SRP398015
SRR21623183,RNA-Seq,302,23931357914,PRJNA881948,SAMN30921012,7546900675,liver cells,GEO,public,"fastq,sra,run.zq","s3,ncbi,gs","s3.us-east-1,gs.us-east1,ncbi.public",SRX17624007,F0F1,GSM6590298,Illumina HiSeq 2500,PAIRED,cDNA,TRANSCRIPTOMIC,Homo sapiens,ILLUMINA,2023-03-01T00:00:00Z,2022-09-19T11:42:00Z,1,GSM6590298,liver cells,SRP398015
SRR21623184,RNA-Seq,302,18832789158,PRJNA881948,SAMN30921013,5925842987,liver cells,GEO,public,"fastq,run.zq,sra","gs,ncbi,s3","gs.us-east1,s3.us-east-1,ncbi.public",SRX17624008,F0F1,GSM6590299,Illumina HiSeq 2500,PAIRED,cDNA,TRANSCRIPTOMIC,Homo sapiens,ILLUMINA,2023-03-01T00:00:00Z,2022-09-19T11:17:00Z,1,GSM6590299,liver cells,SRP398015
SRR21623185,RNA-Seq,302,26424990638,PRJNA881948,SAMN30921014,8431329068,liver cells,GEO,public,"sra,run.zq,fastq","ncbi,gs,s3","gs.us-east1,s3.us-east-1,ncbi.public",SRX17624009,F3F4,GSM6590300,Illumina HiSeq 2500,PAIRED,cDNA,TRANSCRIPTOMIC,Homo sapiens,ILLUMINA,2023-03-01T00:00:00Z,2022-09-19T12:05:00Z,1,GSM6590300,liver cells,SRP398015
SRR21623186,RNA-Seq,302,19640266792,PRJNA881948,SAMN30921015,6128686917,liver cells,GEO,public,"fastq,run.zq,sra","ncbi,gs,s3","ncbi.public,s3.us-east-1,gs.us-east1",SRX17624010,F3F4,GSM6590301,Illumina HiSeq 2500,PAIRED,cDNA,TRANSCRIPTOMIC,Homo sapiens,ILLUMINA,2023-03-01T00:00:00Z,2022-09-19T11:37:00Z,1,GSM6590301,liver cells,SRP398015
SRR21623188,RNA-Seq,302,18254762064,PRJNA881948,SAMN30921017,5746130548,liver cells,GEO,public,"run.zq,sra,fastq","ncbi,s3,gs","ncbi.public,gs.us-east1,s3.us-east-1",SRX17624012,F3F4,GSM6590303,Illumina HiSeq 2500,PAIRED,cDNA,TRANSCRIPTOMIC,Homo sapiens,ILLUMINA,2023-03-01T00:00:00Z,2022-09-19T12:36:00Z,1,GSM6590303,liver cells,SRP398015
SRR21623189,RNA-Seq,302,30261370326,PRJNA881948,SAMN30921018,9566969412,liver cells,GEO,public,"sra,fastq,run.zq","s3,gs,ncbi","s3.us-east-1,ncbi.public,gs.us-east1",SRX17624013,F3F4,GSM6590304,Illumina HiSeq 2500,PAIRED,cDNA,TRANSCRIPTOMIC,Homo sapiens,ILLUMINA,2023-03-01T00:00:00Z,2022-09-19T11:33:00Z,1,GSM6590304,liver cells,SRP398015
SRR21622827,RNA-Seq,302,36141637996,PRJNA881948,SAMN30919268,11736027105,liver cells,GEO,public,"run.zq,fastq,sra","ncbi,s3,gs","s3.us-east-1,ncbi.public,gs.us-east1",SRX17623651,Control,GSM6589942,Illumina HiSeq 2500,PAIRED,cDNA,TRANSCRIPTOMIC,Homo sapiens,ILLUMINA,2023-03-01T00:00:00Z,2022-09-19T17:30:00Z,1,GSM6589942,liver cells,SRP398015
SRR21622828,RNA-Seq,302,34738248526,PRJNA881948,SAMN30919269,11064063636,liver cells,GEO,public,"fastq,sra,run.zq","s3,ncbi,gs","s3.us-east-1,ncbi.public,gs.us-east1",SRX17623652,F2,GSM6589943,Illumina HiSeq 2500,PAIRED,cDNA,TRANSCRIPTOMIC,Homo sapiens,ILLUMINA,2023-03-01T00:00:00Z,2022-09-19T14:08:00Z,1,GSM6589943,liver cells,SRP398015
SRR21622829,RNA-Seq,302,25770593180,PRJNA881948,SAMN30919270,8098312441,liver cells,GEO,public,"fastq,sra,run.zq","gs,s3,ncbi","ncbi.public,s3.us-east-1,gs.us-east1",SRX17623653,F2,GSM6589944,Illumina HiSeq 2500,PAIRED,cDNA,TRANSCRIPTOMIC,Homo sapiens,ILLUMINA,2023-03-01T00:00:00Z,2022-09-19T11:57:00Z,1,GSM6589944,liver cells,SRP398015
SRR21622832,RNA-Seq,302,25846347162,PRJNA881948,SAMN30919273,8219202577,liver cells,GEO,public,"fastq,sra,run.zq","s3,ncbi,gs","s3.us-east-1,gs.us-east1,ncbi.public",SRX17623656,F2,GSM6589947,Illumina HiSeq 2500,PAIRED,cDNA,TRANSCRIPTOMIC,Homo sapiens,ILLUMINA,2023-03-01T00:00:00Z,2022-09-19T12:53:00Z,1,GSM6589947,liver cells,SRP398015
SRR21622833,RNA-Seq,302,36975216886,PRJNA881948,SAMN30919274,12074776469,liver cells,GEO,public,"fastq,sra,run.zq","gs,ncbi,s3","s3.us-east-1,gs.us-east1,ncbi.public",SRX17623657,F2,GSM6589948,Illumina HiSeq 2500,PAIRED,cDNA,TRANSCRIPTOMIC,Homo sapiens,ILLUMINA,2023-03-01T00:00:00Z,2022-09-19T15:53:00Z,1,GSM6589948,liver cells,SRP398015
SRR21622834,RNA-Seq,302,39673892510,PRJNA881948,SAMN30919275,12443798022,liver cells,GEO,public,"fastq,sra,run.zq","ncbi,gs,s3","ncbi.public,gs.us-east1,s3.us-east-1",SRX17623658,Control,GSM6589949,Illumina HiSeq 2500,PAIRED,cDNA,TRANSCRIPTOMIC,Homo sapiens,ILLUMINA,2023-03-01T00:00:00Z,2022-09-19T12:18:00Z,1,GSM6589949,liver cells,SRP398015
SRR21622835,RNA-Seq,302,25026504138,PRJNA881948,SAMN30919276,7914035304,liver cells,GEO,public,"fastq,sra,run.zq","s3,gs,ncbi","s3.us-east-1,gs.us-east1,ncbi.public",SRX17623659,F2,GSM6589950,Illumina HiSeq 2500,PAIRED,cDNA,TRANSCRIPTOMIC,Homo sapiens,ILLUMINA,2023-03-01T00:00:00Z,2022-09-19T14:48:00Z,1,GSM6589950,liver cells,SRP398015
SRR21622836,RNA-Seq,302,25898718794,PRJNA881948,SAMN30919277,8180865139,liver cells,GEO,public,"run.zq,sra,fastq","ncbi,gs,s3","s3.us-east-1,gs.us-east1,ncbi.public",SRX17623660,F3F4,GSM6589951,Illumina HiSeq 2500,PAIRED,cDNA,TRANSCRIPTOMIC,Homo sapiens,ILLUMINA,2023-03-01T00:00:00Z,2022-09-19T11:39:00Z,1,GSM6589951,liver cells,SRP398015
SRR21622838,RNA-Seq,302,15417094866,PRJNA881948,SAMN30919279,4600488140,liver cells,GEO,public,"sra,fastq,run.zq","gs,s3,ncbi","s3.us-east-1,gs.us-east1,ncbi.public",SRX17623662,Control,GSM6589953,Illumina HiSeq 2500,PAIRED,cDNA,TRANSCRIPTOMIC,Homo sapiens,ILLUMINA,2023-03-01T00:00:00Z,2022-09-19T11:11:00Z,1,GSM6589953,liver cells,SRP398015
SRR21622839,RNA-Seq,302,26867850082,PRJNA881948,SAMN30919280,8468713610,liver cells,GEO,public,"run.zq,sra,fastq","s3,gs,ncbi","gs.us-east1,s3.us-east-1,ncbi.public",SRX17623663,F2,GSM6589954,Illumina HiSeq 2500,PAIRED,cDNA,TRANSCRIPTOMIC,Homo sapiens,ILLUMINA,2023-03-01T00:00:00Z,2022-09-19T11:36:00Z,1,GSM6589954,liver cells,SRP398015
SRR21622840,RNA-Seq,302,27103865498,PRJNA881948,SAMN30919281,8773563952,liver cells,GEO,public,"sra,fastq,run.zq","s3,gs,ncbi","ncbi.public,s3.us-east-1,gs.us-east1",SRX17623664,Control,GSM6589955,Illumina HiSeq 2500,PAIRED,cDNA,TRANSCRIPTOMIC,Homo sapiens,ILLUMINA,2023-03-01T00:00:00Z,2022-09-19T16:29:00Z,1,GSM6589955,liver cells,SRP398015
SRR21622843,RNA-Seq,302,30497944744,PRJNA881948,SAMN30919284,9783779659,liver cells,GEO,public,"run.zq,fastq,sra","ncbi,gs,s3","gs.us-east1,ncbi.public,s3.us-east-1",SRX17623667,F2,GSM6589958,Illumina HiSeq 2500,PAIRED,cDNA,TRANSCRIPTOMIC,Homo sapiens,ILLUMINA,2023-03-01T00:00:00Z,2022-09-19T12:24:00Z,1,GSM6589958,liver cells,SRP398015
SRR21622845,RNA-Seq,302,30708364452,PRJNA881948,SAMN30919286,9753097406,liver cells,GEO,public,"sra,run.zq,fastq","gs,s3,ncbi","ncbi.public,gs.us-east1,s3.us-east-1",SRX17623669,F2,GSM6589960,Illumina HiSeq 2500,PAIRED,cDNA,TRANSCRIPTOMIC,Homo sapiens,ILLUMINA,2023-03-01T00:00:00Z,2022-09-19T12:16:00Z,1,GSM6589960,liver cells,SRP398015
SRR21622852,RNA-Seq,302,29481239396,PRJNA881948,SAMN30919293,9441735042,liver cells,GEO,public,"sra,run.zq,fastq","ncbi,s3,gs","ncbi.public,gs.us-east1,s3.us-east-1",SRX17623676,F0F1,GSM6589967,Illumina HiSeq 2500,PAIRED,cDNA,TRANSCRIPTOMIC,Homo sapiens,ILLUMINA,2023-03-01T00:00:00Z,2022-09-19T12:22:00Z,1,GSM6589967,liver cells,SRP398015
SRR21622853,RNA-Seq,302,30765351852,PRJNA881948,SAMN30919297,9655116876,liver cells,GEO,public,"fastq,run.zq,sra","gs,ncbi,s3","gs.us-east1,ncbi.public,s3.us-east-1",SRX17623677,F2,GSM6589968,Illumina HiSeq 2500,PAIRED,cDNA,TRANSCRIPTOMIC,Homo sapiens,ILLUMINA,2023-03-01T00:00:00Z,2022-09-19T12:51:00Z,1,GSM6589968,liver cells,SRP398015
SRR21622859,RNA-Seq,302,25504302868,PRJNA881948,SAMN30919300,7993072324,liver cells,GEO,public,"sra,fastq,run.zq","ncbi,gs,s3","ncbi.public,gs.us-east1,s3.us-east-1",SRX17623683,Control,GSM6589974,Illumina HiSeq 2500,PAIRED,cDNA,TRANSCRIPTOMIC,Homo sapiens,ILLUMINA,2023-03-01T00:00:00Z,2022-09-19T12:51:00Z,1,GSM6589974,liver cells,SRP398015
SRR21622860,RNA-Seq,302,18408787198,PRJNA881948,SAMN30919301,5959809531,liver cells,GEO,public,"fastq,sra,run.zq","gs,s3,ncbi","ncbi.public,s3.us-east-1,gs.us-east1",SRX17623684,Control,GSM6589975,Illumina HiSeq 2500,PAIRED,cDNA,TRANSCRIPTOMIC,Homo sapiens,ILLUMINA,2023-03-01T00:00:00Z,2022-09-19T14:00:00Z,1,GSM6589975,liver cells,SRP398015
SRR21622861,RNA-Seq,302,27572991694,PRJNA881948,SAMN30919302,8589838445,liver cells,GEO,public,"sra,run.zq,fastq","ncbi,gs,s3","ncbi.public,s3.us-east-1,gs.us-east1",SRX17623685,F2,GSM6589976,Illumina HiSeq 2500,PAIRED,cDNA,TRANSCRIPTOMIC,Homo sapiens,ILLUMINA,2023-03-01T00:00:00Z,2022-09-19T11:35:00Z,1,GSM6589976,liver cells,SRP398015
SRR21622862,RNA-Seq,302,23469726452,PRJNA881948,SAMN30919303,7341204383,liver cells,GEO,public,"fastq,run.zq,sra","gs,s3,ncbi","s3.us-east-1,ncbi.public,gs.us-east1",SRX17623686,F2,GSM6589977,Illumina HiSeq 2500,PAIRED,cDNA,TRANSCRIPTOMIC,Homo sapiens,ILLUMINA,2023-03-01T00:00:00Z,2022-09-19T11:51:00Z,1,GSM6589977,liver cells,SRP398015
SRR21622863,RNA-Seq,302,12833919142,PRJNA881948,SAMN30919304,3806661855,liver cells,GEO,public,"fastq,run.zq,sra","s3,gs,ncbi","ncbi.public,s3.us-east-1,gs.us-east1",SRX17623687,F2,GSM6589978,Illumina HiSeq 2500,PAIRED,cDNA,TRANSCRIPTOMIC,Homo sapiens,ILLUMINA,2023-03-01T00:00:00Z,2022-09-19T11:20:00Z,1,GSM6589978,liver cells,SRP398015
SRR21622864,RNA-Seq,302,43857849736,PRJNA881948,SAMN30919305,13905955542,liver cells,GEO,public,"run.zq,sra,fastq","s3,ncbi,gs","gs.us-east1,ncbi.public,s3.us-east-1",SRX17623688,F2,GSM6589979,Illumina HiSeq 2500,PAIRED,cDNA,TRANSCRIPTOMIC,Homo sapiens,ILLUMINA,2023-03-01T00:00:00Z,2022-09-19T12:08:00Z,1,GSM6589979,liver cells,SRP398015
SRR21622865,RNA-Seq,302,29241725914,PRJNA881948,SAMN30919306,9464825796,liver cells,GEO,public,"fastq,run.zq,sra","s3,gs,ncbi","s3.us-east-1,gs.us-east1,ncbi.public",SRX17623689,F0F1,GSM6589980,Illumina HiSeq 2500,PAIRED,cDNA,TRANSCRIPTOMIC,Homo sapiens,ILLUMINA,2023-03-01T00:00:00Z,2022-09-19T15:55:00Z,1,GSM6589980,liver cells,SRP398015
SRR21622866,RNA-Seq,302,30771017976,PRJNA881948,SAMN30919309,9701863936,liver cells,GEO,public,"run.zq,sra,fastq","s3,gs,ncbi","gs.us-east1,ncbi.public,s3.us-east-1",SRX17623690,Control,GSM6589981,Illumina HiSeq 2500,PAIRED,cDNA,TRANSCRIPTOMIC,Homo sapiens,ILLUMINA,2023-03-01T00:00:00Z,2022-09-19T12:39:00Z,1,GSM6589981,liver cells,SRP398015
SRR21622867,RNA-Seq,302,27396393570,PRJNA881948,SAMN30919310,8645617681,liver cells,GEO,public,"fastq,sra,run.zq","gs,s3,ncbi","s3.us-east-1,ncbi.public,gs.us-east1",SRX17623691,F0F1,GSM6589982,Illumina HiSeq 2500,PAIRED,cDNA,TRANSCRIPTOMIC,Homo sapiens,ILLUMINA,2023-03-01T00:00:00Z,2022-09-19T11:46:00Z,1,GSM6589982,liver cells,SRP398015
SRR21622874,RNA-Seq,302,20100906184,PRJNA881948,SAMN30919317,6377006904,liver cells,GEO,public,"sra,run.zq,fastq","gs,ncbi,s3","s3.us-east-1,ncbi.public,gs.us-east1",SRX17623698,F2,GSM6589989,Illumina HiSeq 2500,PAIRED,cDNA,TRANSCRIPTOMIC,Homo sapiens,ILLUMINA,2023-03-01T00:00:00Z,2022-09-19T11:17:00Z,1,GSM6589989,liver cells,SRP398015
SRR21622875,RNA-Seq,302,23619314300,PRJNA881948,SAMN30919318,7588921185,liver cells,GEO,public,"fastq,sra,run.zq","gs,ncbi,s3","gs.us-east1,s3.us-east-1,ncbi.public",SRX17623699,F2,GSM6589990,Illumina HiSeq 2500,PAIRED,cDNA,TRANSCRIPTOMIC,Homo sapiens,ILLUMINA,2023-03-01T00:00:00Z,2022-09-19T14:54:00Z,1,GSM6589990,liver cells,SRP398015
SRR21622891,RNA-Seq,302,31116078344,PRJNA881948,SAMN30919241,9718290347,liver cells,GEO,public,"sra,run.zq,fastq","gs,s3,ncbi","s3.us-east-1,ncbi.public,gs.us-east1",SRX17623715,F0F1,GSM6590006,Illumina HiSeq 2500,PAIRED,cDNA,TRANSCRIPTOMIC,Homo sapiens,ILLUMINA,2023-03-01T00:00:00Z,2022-09-19T12:47:00Z,1,GSM6590006,liver cells,SRP398015
SRR21622892,RNA-Seq,302,41006029912,PRJNA881948,SAMN30919242,13021206560,liver cells,GEO,public,"sra,run.zq,fastq","gs,s3,ncbi","s3.us-east-1,ncbi.public,gs.us-east1",SRX17623716,F2,GSM6590007,Illumina HiSeq 2500,PAIRED,cDNA,TRANSCRIPTOMIC,Homo sapiens,ILLUMINA,2023-03-01T00:00:00Z,2022-09-19T15:44:00Z,1,GSM6590007,liver cells,SRP398015
SRR21622895,RNA-Seq,302,31994079622,PRJNA881948,SAMN30919246,10224165047,liver cells,GEO,public,"fastq,sra,run.zq","ncbi,gs,s3","gs.us-east1,s3.us-east-1,ncbi.public",SRX17623791,Control,GSM6590010,Illumina HiSeq 2500,PAIRED,cDNA,TRANSCRIPTOMIC,Homo sapiens,ILLUMINA,2023-03-01T00:00:00Z,2022-09-19T12:12:00Z,1,GSM6590010,liver cells,SRP398015
SRR21622896,RNA-Seq,302,39861761878,PRJNA881948,SAMN30919247,12737378144,liver cells,GEO,public,"run.zq,sra,fastq","ncbi,s3,gs","s3.us-east-1,gs.us-east1,ncbi.public",SRX17623792,F0F1,GSM6590011,Illumina HiSeq 2500,PAIRED,cDNA,TRANSCRIPTOMIC,Homo sapiens,ILLUMINA,2023-03-01T00:00:00Z,2022-09-19T12:12:00Z,1,GSM6590011,liver cells,SRP398015
SRR21622900,RNA-Seq,302,17788779688,PRJNA881948,SAMN30919251,5288853411,liver cells,GEO,public,"run.zq,fastq,sra","s3,ncbi,gs","gs.us-east1,ncbi.public,s3.us-east-1",SRX17623796,F0F1,GSM6590015,Illumina HiSeq 2500,PAIRED,cDNA,TRANSCRIPTOMIC,Homo sapiens,ILLUMINA,2023-03-01T00:00:00Z,2022-09-19T11:47:00Z,1,GSM6590015,liver cells,SRP398015
SRR21622908,RNA-Seq,302,34194541014,PRJNA881948,SAMN30919259,11063380427,liver cells,GEO,public,"run.zq,sra,fastq","ncbi,gs,s3","s3.us-east-1,ncbi.public,gs.us-east1",SRX17623804,F2,GSM6590023,Illumina HiSeq 2500,PAIRED,cDNA,TRANSCRIPTOMIC,Homo sapiens,ILLUMINA,2023-03-01T00:00:00Z,2022-09-19T12:42:00Z,1,GSM6590023,liver cells,SRP398015
SRR21622909,RNA-Seq,302,27258558958,PRJNA881948,SAMN30919260,8572450922,liver cells,GEO,public,"sra,fastq,run.zq","ncbi,s3,gs","gs.us-east1,ncbi.public,s3.us-east-1",SRX17623805,F2,GSM6590024,Illumina HiSeq 2500,PAIRED,cDNA,TRANSCRIPTOMIC,Homo sapiens,ILLUMINA,2023-03-01T00:00:00Z,2022-09-19T11:33:00Z,1,GSM6590024,liver cells,SRP398015
SRR21622920,RNA-Seq,302,28401872068,PRJNA881948,SAMN30919209,8889011807,liver cells,GEO,public,"fastq,run.zq,sra","s3,ncbi,gs","s3.us-east-1,ncbi.public,gs.us-east1",SRX17623720,F2,GSM6590035,Illumina HiSeq 2500,PAIRED,cDNA,TRANSCRIPTOMIC,Homo sapiens,ILLUMINA,2023-03-01T00:00:00Z,2022-09-19T11:53:00Z,1,GSM6590035,liver cells,SRP398015
SRR21622921,RNA-Seq,302,26634600382,PRJNA881948,SAMN30919210,8619664834,liver cells,GEO,public,"run.zq,sra,fastq","s3,ncbi,gs","s3.us-east-1,ncbi.public,gs.us-east1",SRX17623721,Control,GSM6590036,Illumina HiSeq 2500,PAIRED,cDNA,TRANSCRIPTOMIC,Homo sapiens,ILLUMINA,2023-03-01T00:00:00Z,2022-09-19T12:00:00Z,1,GSM6590036,liver cells,SRP398015
SRR21622928,RNA-Seq,302,44354112746,PRJNA881948,SAMN30919218,14303727622,liver cells,GEO,public,"sra,run.zq,fastq","gs,s3,ncbi","ncbi.public,gs.us-east1,s3.us-east-1",SRX17623728,F2,GSM6590043,Illumina HiSeq 2500,PAIRED,cDNA,TRANSCRIPTOMIC,Homo sapiens,ILLUMINA,2023-03-01T00:00:00Z,2022-09-19T12:37:00Z,1,GSM6590043,liver cells,SRP398015
SRR21622937,RNA-Seq,302,16096163308,PRJNA881948,SAMN30919227,4851242885,liver cells,GEO,public,"run.zq,sra,fastq","s3,ncbi,gs","s3.us-east-1,ncbi.public,gs.us-east1",SRX17623737,F0F1,GSM6590052,Illumina HiSeq 2500,PAIRED,cDNA,TRANSCRIPTOMIC,Homo sapiens,ILLUMINA,2023-03-01T00:00:00Z,2022-09-19T11:25:00Z,1,GSM6590052,liver cells,SRP398015
SRR21622938,RNA-Seq,302,35380744466,PRJNA881948,SAMN30919228,11427554727,liver cells,GEO,public,"sra,run.zq,fastq","gs,s3,ncbi","gs.us-east1,ncbi.public,s3.us-east-1",SRX17623738,Control,GSM6590053,Illumina HiSeq 2500,PAIRED,cDNA,TRANSCRIPTOMIC,Homo sapiens,ILLUMINA,2023-03-01T00:00:00Z,2022-09-19T13:37:00Z,1,GSM6590053,liver cells,SRP398015
SRR21622944,RNA-Seq,302,17996021148,PRJNA881948,SAMN30919234,5715656337,liver cells,GEO,public,"fastq,run.zq,sra","s3,ncbi,gs","gs.us-east1,s3.us-east-1,ncbi.public",SRX17623840,F2,GSM6590059,Illumina HiSeq 2500,PAIRED,cDNA,TRANSCRIPTOMIC,Homo sapiens,ILLUMINA,2023-03-01T00:00:00Z,2022-09-19T12:54:00Z,1,GSM6590059,liver cells,SRP398015
SRR21622947,RNA-Seq,302,23261447924,PRJNA881948,SAMN30919185,7492604127,liver cells,GEO,public,"run.zq,fastq,sra","gs,s3,ncbi","s3.us-east-1,ncbi.public,gs.us-east1",SRX17623843,F2,GSM6590062,Illumina HiSeq 2500,PAIRED,cDNA,TRANSCRIPTOMIC,Homo sapiens,ILLUMINA,2023-03-01T00:00:00Z,2022-09-19T14:07:00Z,1,GSM6590062,liver cells,SRP398015
SRR21622952,RNA-Seq,302,25693683444,PRJNA881948,SAMN30919190,8104308961,liver cells,GEO,public,"fastq,sra,run.zq","s3,ncbi,gs","ncbi.public,gs.us-east1,s3.us-east-1",SRX17623848,F0F1,GSM6590067,Illumina HiSeq 2500,PAIRED,cDNA,TRANSCRIPTOMIC,Homo sapiens,ILLUMINA,2023-03-01T00:00:00Z,2022-09-19T11:49:00Z,1,GSM6590067,liver cells,SRP398015
SRR21622953,RNA-Seq,302,20957098230,PRJNA881948,SAMN30919191,6270760522,liver cells,GEO,public,"fastq,sra,run.zq","s3,ncbi,gs","ncbi.public,gs.us-east1,s3.us-east-1",SRX17623849,F3F4,GSM6590068,Illumina HiSeq 2500,PAIRED,cDNA,TRANSCRIPTOMIC,Homo sapiens,ILLUMINA,2023-03-01T00:00:00Z,2022-09-19T13:05:00Z,1,GSM6590068,liver cells,SRP398015
SRR21622959,RNA-Seq,302,16677925236,PRJNA881948,SAMN30919197,5004060855,liver cells,GEO,public,"run.zq,sra,fastq","s3,gs,ncbi","gs.us-east1,ncbi.public,s3.us-east-1",SRX17623855,Control,GSM6590074,Illumina HiSeq 2500,PAIRED,cDNA,TRANSCRIPTOMIC,Homo sapiens,ILLUMINA,2023-03-01T00:00:00Z,2022-09-19T11:23:00Z,1,GSM6590074,liver cells,SRP398015
SRR21622960,RNA-Seq,302,31038696582,PRJNA881948,SAMN30919198,9983110721,liver cells,GEO,public,"sra,run.zq,fastq","gs,s3,ncbi","gs.us-east1,ncbi.public,s3.us-east-1",SRX17623856,F3F4,GSM6590075,Illumina HiSeq 2500,PAIRED,cDNA,TRANSCRIPTOMIC,Homo sapiens,ILLUMINA,2023-03-01T00:00:00Z,2022-09-19T11:42:00Z,1,GSM6590075,liver cells,SRP398015
SRR21622961,RNA-Seq,302,20808813210,PRJNA881948,SAMN30919199,6813524393,liver cells,GEO,public,"run.zq,fastq,sra","s3,ncbi,gs","s3.us-east-1,gs.us-east1,ncbi.public",SRX17623857,Control,GSM6590076,Illumina HiSeq 2500,PAIRED,cDNA,TRANSCRIPTOMIC,Homo sapiens,ILLUMINA,2023-03-01T00:00:00Z,2022-09-19T11:26:00Z,1,GSM6590076,liver cells,SRP398015
SRR21622962,RNA-Seq,302,22464931984,PRJNA881948,SAMN30919200,7112766541,liver cells,GEO,public,"fastq,run.zq,sra","s3,gs,ncbi","ncbi.public,s3.us-east-1,gs.us-east1",SRX17623858,F0F1,GSM6590077,Illumina HiSeq 2500,PAIRED,cDNA,TRANSCRIPTOMIC,Homo sapiens,ILLUMINA,2023-03-01T00:00:00Z,2022-09-19T11:37:00Z,1,GSM6590077,liver cells,SRP398015
SRR21622963,RNA-Seq,302,22758686780,PRJNA881948,SAMN30919201,7333146363,liver cells,GEO,public,"sra,fastq,run.zq","s3,gs,ncbi","ncbi.public,s3.us-east-1,gs.us-east1",SRX17623859,F2,GSM6590078,Illumina HiSeq 2500,PAIRED,cDNA,TRANSCRIPTOMIC,Homo sapiens,ILLUMINA,2023-03-01T00:00:00Z,2022-09-19T11:42:00Z,1,GSM6590078,liver cells,SRP398015
SRR21622964,RNA-Seq,302,21142821586,PRJNA881948,SAMN30919202,6734720936,liver cells,GEO,public,"sra,fastq,run.zq","s3,gs,ncbi","s3.us-east-1,ncbi.public,gs.us-east1",SRX17623860,F0F1,GSM6590079,Illumina HiSeq 2500,PAIRED,cDNA,TRANSCRIPTOMIC,Homo sapiens,ILLUMINA,2023-03-01T00:00:00Z,2022-09-19T11:15:00Z,1,GSM6590079,liver cells,SRP398015
SRR21622965,RNA-Seq,302,18356919302,PRJNA881948,SAMN30919203,5805817483,liver cells,GEO,public,"run.zq,sra,fastq","gs,s3,ncbi","ncbi.public,gs.us-east1,s3.us-east-1",SRX17623861,F3F4,GSM6590080,Illumina HiSeq 2500,PAIRED,cDNA,TRANSCRIPTOMIC,Homo sapiens,ILLUMINA,2023-03-01T00:00:00Z,2022-09-19T11:21:00Z,1,GSM6590080,liver cells,SRP398015
SRR21622966,RNA-Seq,302,25273788684,PRJNA881948,SAMN30919451,7963739761,liver cells,GEO,public,"fastq,run.zq,sra","gs,s3,ncbi","gs.us-east1,s3.us-east-1,ncbi.public",SRX17623910,F3F4,GSM6590081,Illumina HiSeq 2500,PAIRED,cDNA,TRANSCRIPTOMIC,Homo sapiens,ILLUMINA,2023-03-01T00:00:00Z,2022-09-19T11:39:00Z,1,GSM6590081,liver cells,SRP398015
SRR21622970,RNA-Seq,302,22670294400,PRJNA881948,SAMN30919455,7154470291,liver cells,GEO,public,"fastq,sra,run.zq","ncbi,s3,gs","gs.us-east1,s3.us-east-1,ncbi.public",SRX17623914,F2,GSM6590085,Illumina HiSeq 2500,PAIRED,cDNA,TRANSCRIPTOMIC,Homo sapiens,ILLUMINA,2023-03-01T00:00:00Z,2022-09-19T16:07:00Z,1,GSM6590085,liver cells,SRP398015
SRR21622971,RNA-Seq,302,23012083806,PRJNA881948,SAMN30919399,7283293144,liver cells,GEO,public,"sra,run.zq,fastq","s3,ncbi,gs","ncbi.public,s3.us-east-1,gs.us-east1",SRX17623915,F0F1,GSM6590086,Illumina HiSeq 2500,PAIRED,cDNA,TRANSCRIPTOMIC,Homo sapiens,ILLUMINA,2023-03-01T00:00:00Z,2022-09-19T11:24:00Z,1,GSM6590086,liver cells,SRP398015
SRR21622972,RNA-Seq,302,21836814868,PRJNA881948,SAMN30919400,6916781001,liver cells,GEO,public,"fastq,sra,run.zq","ncbi,gs,s3","ncbi.public,gs.us-east1,s3.us-east-1",SRX17623916,F2,GSM6590087,Illumina HiSeq 2500,PAIRED,cDNA,TRANSCRIPTOMIC,Homo sapiens,ILLUMINA,2023-03-01T00:00:00Z,2022-09-19T11:47:00Z,1,GSM6590087,liver cells,SRP398015
SRR21622973,RNA-Seq,302,22343931154,PRJNA881948,SAMN30919401,7071079037,liver cells,GEO,public,"fastq,sra,run.zq","gs,ncbi,s3","gs.us-east1,s3.us-east-1,ncbi.public",SRX17623917,F3F4,GSM6590088,Illumina HiSeq 2500,PAIRED,cDNA,TRANSCRIPTOMIC,Homo sapiens,ILLUMINA,2023-03-01T00:00:00Z,2022-09-19T11:34:00Z,1,GSM6590088,liver cells,SRP398015
SRR21622974,RNA-Seq,302,19692831402,PRJNA881948,SAMN30919404,6267592948,liver cells,GEO,public,"sra,fastq,run.zq","gs,ncbi,s3","gs.us-east1,ncbi.public,s3.us-east-1",SRX17623918,F2,GSM6590089,Illumina HiSeq 2500,PAIRED,cDNA,TRANSCRIPTOMIC,Homo sapiens,ILLUMINA,2023-03-01T00:00:00Z,2022-09-19T11:28:00Z,1,GSM6590089,liver cells,SRP398015
SRR21622978,RNA-Seq,302,20151117912,PRJNA881948,SAMN30919406,6575861826,liver cells,GEO,public,"fastq,sra,run.zq","s3,gs,ncbi","gs.us-east1,s3.us-east-1,ncbi.public",SRX17623922,F0F1,GSM6590093,Illumina HiSeq 2500,PAIRED,cDNA,TRANSCRIPTOMIC,Homo sapiens,ILLUMINA,2023-03-01T00:00:00Z,2022-09-19T11:29:00Z,1,GSM6590093,liver cells,SRP398015
SRR21622979,RNA-Seq,302,15654342140,PRJNA881948,SAMN30919407,4655647793,liver cells,GEO,public,"fastq,sra,run.zq","s3,gs,ncbi","gs.us-east1,ncbi.public,s3.us-east-1",SRX17623923,F2,GSM6590094,Illumina HiSeq 2500,PAIRED,cDNA,TRANSCRIPTOMIC,Homo sapiens,ILLUMINA,2023-03-01T00:00:00Z,2022-09-19T11:11:00Z,1,GSM6590094,liver cells,SRP398015
SRR21622980,RNA-Seq,302,35346151574,PRJNA881948,SAMN30919408,11385029350,liver cells,GEO,public,"sra,fastq,run.zq","ncbi,s3,gs","ncbi.public,s3.us-east-1,gs.us-east1",SRX17623924,Control,GSM6590095,Illumina HiSeq 2500,PAIRED,cDNA,TRANSCRIPTOMIC,Homo sapiens,ILLUMINA,2023-03-01T00:00:00Z,2022-09-19T12:04:00Z,1,GSM6590095,liver cells,SRP398015
SRR21622984,RNA-Seq,302,29086146688,PRJNA881948,SAMN30919412,9120440487,liver cells,GEO,public,"sra,run.zq,fastq","gs,ncbi,s3","ncbi.public,gs.us-east1,s3.us-east-1",SRX17623928,Control,GSM6590099,Illumina HiSeq 2500,PAIRED,cDNA,TRANSCRIPTOMIC,Homo sapiens,ILLUMINA,2023-03-01T00:00:00Z,2022-09-19T13:00:00Z,1,GSM6590099,liver cells,SRP398015
SRR21622998,RNA-Seq,302,28433400868,PRJNA881948,SAMN30919426,8954526408,liver cells,GEO,public,"fastq,sra,run.zq","ncbi,gs,s3","s3.us-east-1,gs.us-east1,ncbi.public",SRX17623750,F3F4,GSM6590113,Illumina HiSeq 2500,PAIRED,cDNA,TRANSCRIPTOMIC,Homo sapiens,ILLUMINA,2023-03-01T00:00:00Z,2022-09-19T11:59:00Z,1,GSM6590113,liver cells,SRP398015
SRR21623005,RNA-Seq,302,30913642610,PRJNA881948,SAMN30919859,9730591013,liver cells,GEO,public,"sra,run.zq,fastq","ncbi,gs,s3","s3.us-east-1,ncbi.public,gs.us-east1",SRX17623757,F0F1,GSM6590120,Illumina HiSeq 2500,PAIRED,cDNA,TRANSCRIPTOMIC,Homo sapiens,ILLUMINA,2023-03-01T00:00:00Z,2022-09-19T11:31:00Z,1,GSM6590120,liver cells,SRP398015
SRR21623010,RNA-Seq,302,27859139412,PRJNA881948,SAMN30919864,9101832828,liver cells,GEO,public,"run.zq,fastq,sra","s3,gs,ncbi","s3.us-east-1,gs.us-east1,ncbi.public",SRX17623762,F3F4,GSM6590125,Illumina HiSeq 2500,PAIRED,cDNA,TRANSCRIPTOMIC,Homo sapiens,ILLUMINA,2023-03-01T00:00:00Z,2022-09-19T12:25:00Z,1,GSM6590125,liver cells,SRP398015
SRR21623011,RNA-Seq,302,31766930624,PRJNA881948,SAMN30919865,10088714215,liver cells,GEO,public,"sra,fastq,run.zq","s3,ncbi,gs","gs.us-east1,ncbi.public,s3.us-east-1",SRX17623763,F2,GSM6590126,Illumina HiSeq 2500,PAIRED,cDNA,TRANSCRIPTOMIC,Homo sapiens,ILLUMINA,2023-03-01T00:00:00Z,2022-09-19T11:48:00Z,1,GSM6590126,liver cells,SRP398015
SRR21623016,RNA-Seq,302,14348351294,PRJNA881948,SAMN30919870,4261398027,liver cells,GEO,public,"fastq,sra,run.zq","gs,ncbi,s3","ncbi.public,gs.us-east1,s3.us-east-1",SRX17623936,F3F4,GSM6590131,Illumina HiSeq 2500,PAIRED,cDNA,TRANSCRIPTOMIC,Homo sapiens,ILLUMINA,2023-03-01T00:00:00Z,2022-09-19T11:53:00Z,1,GSM6590131,liver cells,SRP398015
SRR21623017,RNA-Seq,302,35814167316,PRJNA881948,SAMN30919871,11644474292,liver cells,GEO,public,"sra,run.zq,fastq","ncbi,gs,s3","gs.us-east1,s3.us-east-1,ncbi.public",SRX17623937,F0F1,GSM6590132,Illumina HiSeq 2500,PAIRED,cDNA,TRANSCRIPTOMIC,Homo sapiens,ILLUMINA,2023-03-01T00:00:00Z,2022-09-19T17:41:00Z,1,GSM6590132,liver cells,SRP398015
SRR21623024,RNA-Seq,302,23041037452,PRJNA881948,SAMN30919878,7506281537,liver cells,GEO,public,"sra,fastq,run.zq","ncbi,gs,s3","ncbi.public,gs.us-east1,s3.us-east-1",SRX17623944,Control,GSM6590139,Illumina HiSeq 2500,PAIRED,cDNA,TRANSCRIPTOMIC,Homo sapiens,ILLUMINA,2023-03-01T00:00:00Z,2022-09-19T11:52:00Z,1,GSM6590139,liver cells,SRP398015
SRR21623025,RNA-Seq,302,35445992472,PRJNA881948,SAMN30919879,11529199199,liver cells,GEO,public,"sra,run.zq,fastq","gs,s3,ncbi","gs.us-east1,ncbi.public,s3.us-east-1",SRX17623945,F0F1,GSM6590140,Illumina HiSeq 2500,PAIRED,cDNA,TRANSCRIPTOMIC,Homo sapiens,ILLUMINA,2023-03-01T00:00:00Z,2022-09-19T11:57:00Z,1,GSM6590140,liver cells,SRP398015
SRR21623026,RNA-Seq,302,30922037908,PRJNA881948,SAMN30919880,9980476631,liver cells,GEO,public,"fastq,run.zq,sra","s3,ncbi,gs","ncbi.public,s3.us-east-1,gs.us-east1",SRX17623946,F2,GSM6590141,Illumina HiSeq 2500,PAIRED,cDNA,TRANSCRIPTOMIC,Homo sapiens,ILLUMINA,2023-03-01T00:00:00Z,2022-09-19T16:22:00Z,1,GSM6590141,liver cells,SRP398015
SRR21623030,RNA-Seq,302,25399064022,PRJNA881948,SAMN30920884,7997127165,liver cells,GEO,public,"run.zq,fastq,sra","ncbi,gs,s3","gs.us-east1,s3.us-east-1,ncbi.public",SRX17623950,F0F1,GSM6590145,Illumina HiSeq 2500,PAIRED,cDNA,TRANSCRIPTOMIC,Homo sapiens,ILLUMINA,2023-03-01T00:00:00Z,2022-09-19T11:55:00Z,1,GSM6590145,liver cells,SRP398015
SRR21623031,RNA-Seq,302,15847478388,PRJNA881948,SAMN30920885,4698538136,liver cells,GEO,public,"fastq,sra,run.zq","ncbi,gs,s3","s3.us-east-1,ncbi.public,gs.us-east1",SRX17623951,F2,GSM6590146,Illumina HiSeq 2500,PAIRED,cDNA,TRANSCRIPTOMIC,Homo sapiens,ILLUMINA,2023-03-01T00:00:00Z,2022-09-19T11:30:00Z,1,GSM6590146,liver cells,SRP398015
SRR21623032,RNA-Seq,302,43433380280,PRJNA881948,SAMN30920886,13946256596,liver cells,GEO,public,"fastq,sra,run.zq","gs,ncbi,s3","gs.us-east1,ncbi.public,s3.us-east-1",SRX17623952,F3F4,GSM6590147,Illumina HiSeq 2500,PAIRED,cDNA,TRANSCRIPTOMIC,Homo sapiens,ILLUMINA,2023-03-01T00:00:00Z,2022-09-19T12:07:00Z,1,GSM6590147,liver cells,SRP398015
SRR21623050,RNA-Seq,302,20411343460,PRJNA881948,SAMN30920904,6022337993,liver cells,GEO,public,"run.zq,sra,fastq","gs,ncbi,s3","ncbi.public,gs.us-east1,s3.us-east-1",SRX17623874,F2,GSM6590165,Illumina HiSeq 2500,PAIRED,cDNA,TRANSCRIPTOMIC,Homo sapiens,ILLUMINA,2023-03-01T00:00:00Z,2022-09-19T11:44:00Z,1,GSM6590165,liver cells,SRP398015
SRR21623051,RNA-Seq,302,36722359534,PRJNA881948,SAMN30920905,11484735565,liver cells,GEO,public,"run.zq,sra,fastq","gs,s3,ncbi","ncbi.public,s3.us-east-1,gs.us-east1",SRX17623875,F2,GSM6590166,Illumina HiSeq 2500,PAIRED,cDNA,TRANSCRIPTOMIC,Homo sapiens,ILLUMINA,2023-03-01T00:00:00Z,2022-09-19T11:43:00Z,1,GSM6590166,liver cells,SRP398015
SRR21623057,RNA-Seq,302,25487723672,PRJNA881948,SAMN30920911,8152353373,liver cells,GEO,public,"sra,run.zq,fastq","ncbi,s3,gs","gs.us-east1,s3.us-east-1,ncbi.public",SRX17623881,F2,GSM6590172,Illumina HiSeq 2500,PAIRED,cDNA,TRANSCRIPTOMIC,Homo sapiens,ILLUMINA,2023-03-01T00:00:00Z,2022-09-19T11:47:00Z,1,GSM6590172,liver cells,SRP398015
SRR21623058,RNA-Seq,302,22435597818,PRJNA881948,SAMN30920912,7248781502,liver cells,GEO,public,"run.zq,fastq,sra","gs,s3,ncbi","gs.us-east1,s3.us-east-1,ncbi.public",SRX17623882,F0F1,GSM6590173,Illumina HiSeq 2500,PAIRED,cDNA,TRANSCRIPTOMIC,Homo sapiens,ILLUMINA,2023-03-01T00:00:00Z,2022-09-19T14:07:00Z,1,GSM6590173,liver cells,SRP398015
SRR21623060,RNA-Seq,302,28052117714,PRJNA881948,SAMN30920914,8795515192,liver cells,GEO,public,"fastq,run.zq,sra","s3,ncbi,gs","s3.us-east-1,ncbi.public,gs.us-east1",SRX17623884,F0F1,GSM6590175,Illumina HiSeq 2500,PAIRED,cDNA,TRANSCRIPTOMIC,Homo sapiens,ILLUMINA,2023-03-01T00:00:00Z,2022-09-19T15:27:00Z,1,GSM6590175,liver cells,SRP398015
SRR21623062,RNA-Seq,302,16142642316,PRJNA881948,SAMN30920916,4857541138,liver cells,GEO,public,"run.zq,sra,fastq","s3,ncbi,gs","s3.us-east-1,gs.us-east1,ncbi.public",SRX17623958,Control,GSM6590177,Illumina HiSeq 2500,PAIRED,cDNA,TRANSCRIPTOMIC,Homo sapiens,ILLUMINA,2023-03-01T00:00:00Z,2022-09-19T11:19:00Z,1,GSM6590177,liver cells,SRP398015
SRR21623063,RNA-Seq,302,22537843240,PRJNA881948,SAMN30920920,7011424667,liver cells,GEO,public,"sra,run.zq,fastq","ncbi,gs,s3","ncbi.public,s3.us-east-1,gs.us-east1",SRX17623959,F2,GSM6590178,Illumina HiSeq 2500,PAIRED,cDNA,TRANSCRIPTOMIC,Homo sapiens,ILLUMINA,2023-03-01T00:00:00Z,2022-09-19T13:45:00Z,1,GSM6590178,liver cells,SRP398015
SRR21623064,RNA-Seq,302,33247337342,PRJNA881948,SAMN30920921,10435351181,liver cells,GEO,public,"run.zq,fastq,sra","ncbi,s3,gs","gs.us-east1,ncbi.public,s3.us-east-1",SRX17623960,F2,GSM6590179,Illumina HiSeq 2500,PAIRED,cDNA,TRANSCRIPTOMIC,Homo sapiens,ILLUMINA,2023-03-01T00:00:00Z,2022-09-19T13:16:00Z,1,GSM6590179,liver cells,SRP398015
SRR21623065,RNA-Seq,302,39896371984,PRJNA881948,SAMN30920917,13052832835,liver cells,GEO,public,"fastq,sra,run.zq","gs,s3,ncbi","s3.us-east-1,ncbi.public,gs.us-east1",SRX17623961,F0F1,GSM6590180,Illumina HiSeq 2500,PAIRED,cDNA,TRANSCRIPTOMIC,Homo sapiens,ILLUMINA,2023-03-01T00:00:00Z,2022-09-19T12:07:00Z,1,GSM6590180,liver cells,SRP398015
SRR21623066,RNA-Seq,302,28706832272,PRJNA881948,SAMN30920918,9280876445,liver cells,GEO,public,"sra,run.zq,fastq","gs,ncbi,s3","ncbi.public,s3.us-east-1,gs.us-east1",SRX17623962,F3F4,GSM6590181,Illumina HiSeq 2500,PAIRED,cDNA,TRANSCRIPTOMIC,Homo sapiens,ILLUMINA,2023-03-01T00:00:00Z,2022-09-19T12:08:00Z,1,GSM6590181,liver cells,SRP398015
SRR21623067,RNA-Seq,302,31840849654,PRJNA881948,SAMN30920919,10167727265,liver cells,GEO,public,"sra,fastq,run.zq","ncbi,gs,s3","s3.us-east-1,ncbi.public,gs.us-east1",SRX17623963,F2,GSM6590182,Illumina HiSeq 2500,PAIRED,cDNA,TRANSCRIPTOMIC,Homo sapiens,ILLUMINA,2023-03-01T00:00:00Z,2022-09-19T12:17:00Z,1,GSM6590182,liver cells,SRP398015
SRR21623070,RNA-Seq,302,19504195256,PRJNA881948,SAMN30920924,6084098139,liver cells,GEO,public,"sra,fastq,run.zq","s3,gs,ncbi","s3.us-east-1,gs.us-east1,ncbi.public",SRX17623966,F3F4,GSM6590185,Illumina HiSeq 2500,PAIRED,cDNA,TRANSCRIPTOMIC,Homo sapiens,ILLUMINA,2023-03-01T00:00:00Z,2022-09-19T12:56:00Z,1,GSM6590185,liver cells,SRP398015
SRR21623071,RNA-Seq,302,21851669342,PRJNA881948,SAMN30920925,6889455889,liver cells,GEO,public,"sra,fastq,run.zq","gs,ncbi,s3","gs.us-east1,ncbi.public,s3.us-east-1",SRX17623967,F3F4,GSM6590186,Illumina HiSeq 2500,PAIRED,cDNA,TRANSCRIPTOMIC,Homo sapiens,ILLUMINA,2023-03-01T00:00:00Z,2022-09-19T12:51:00Z,1,GSM6590186,liver cells,SRP398015
SRR21623072,RNA-Seq,302,14212096142,PRJNA881948,SAMN30920926,4218293291,liver cells,GEO,public,"run.zq,sra,fastq","ncbi,gs,s3","gs.us-east1,s3.us-east-1,ncbi.public",SRX17623968,F2,GSM6590187,Illumina HiSeq 2500,PAIRED,cDNA,TRANSCRIPTOMIC,Homo sapiens,ILLUMINA,2023-03-01T00:00:00Z,2022-09-19T11:14:00Z,1,GSM6590187,liver cells,SRP398015
SRR21623076,RNA-Seq,302,17983592640,PRJNA881948,SAMN30920930,5673643712,liver cells,GEO,public,"sra,fastq,run.zq","ncbi,s3,gs","ncbi.public,s3.us-east-1,gs.us-east1",SRX17623972,F0F1,GSM6590191,Illumina HiSeq 2500,PAIRED,cDNA,TRANSCRIPTOMIC,Homo sapiens,ILLUMINA,2023-03-01T00:00:00Z,2022-09-19T11:20:00Z,1,GSM6590191,liver cells,SRP398015
SRR21623077,RNA-Seq,302,33655114956,PRJNA881948,SAMN30920931,10844383119,liver cells,GEO,public,"sra,run.zq,fastq","s3,gs,ncbi","gs.us-east1,ncbi.public,s3.us-east-1",SRX17623973,F3F4,GSM6590192,Illumina HiSeq 2500,PAIRED,cDNA,TRANSCRIPTOMIC,Homo sapiens,ILLUMINA,2023-03-01T00:00:00Z,2022-09-19T16:56:00Z,1,GSM6590192,liver cells,SRP398015
SRR21623078,RNA-Seq,302,29502098536,PRJNA881948,SAMN30920932,9257679331,liver cells,GEO,public,"sra,run.zq,fastq","ncbi,gs,s3","ncbi.public,gs.us-east1,s3.us-east-1",SRX17623974,F3F4,GSM6590193,Illumina HiSeq 2500,PAIRED,cDNA,TRANSCRIPTOMIC,Homo sapiens,ILLUMINA,2023-03-01T00:00:00Z,2022-09-19T12:57:00Z,1,GSM6590193,liver cells,SRP398015
SRR21623079,RNA-Seq,302,29866727900,PRJNA881948,SAMN30920933,9646270876,liver cells,GEO,public,"run.zq,fastq,sra","s3,gs,ncbi","s3.us-east-1,ncbi.public,gs.us-east1",SRX17623975,Control,GSM6590194,Illumina HiSeq 2500,PAIRED,cDNA,TRANSCRIPTOMIC,Homo sapiens,ILLUMINA,2023-03-01T00:00:00Z,2022-09-19T16:09:00Z,1,GSM6590194,liver cells,SRP398015
SRR21623080,RNA-Seq,302,15707610410,PRJNA881948,SAMN30920934,4667156607,liver cells,GEO,public,"fastq,sra,run.zq","s3,gs,ncbi","gs.us-east1,ncbi.public,s3.us-east-1",SRX17623976,F2,GSM6590195,Illumina HiSeq 2500,PAIRED,cDNA,TRANSCRIPTOMIC,Homo sapiens,ILLUMINA,2023-03-01T00:00:00Z,2022-09-19T11:18:00Z,1,GSM6590195,liver cells,SRP398015
SRR21623081,RNA-Seq,302,34012139960,PRJNA881948,SAMN30920935,10905779964,liver cells,GEO,public,"sra,run.zq,fastq","ncbi,gs,s3","gs.us-east1,ncbi.public,s3.us-east-1",SRX17623977,F3F4,GSM6590196,Illumina HiSeq 2500,PAIRED,cDNA,TRANSCRIPTOMIC,Homo sapiens,ILLUMINA,2023-03-01T00:00:00Z,2022-09-19T14:46:00Z,1,GSM6590196,liver cells,SRP398015
SRR21623088,RNA-Seq,302,24017950978,PRJNA881948,SAMN30920942,7519084998,liver cells,GEO,public,"fastq,sra,run.zq","gs,s3,ncbi","gs.us-east1,ncbi.public,s3.us-east-1",SRX17623816,F3F4,GSM6590203,Illumina HiSeq 2500,PAIRED,cDNA,TRANSCRIPTOMIC,Homo sapiens,ILLUMINA,2023-03-01T00:00:00Z,2022-09-19T11:35:00Z,1,GSM6590203,liver cells,SRP398015
SRR21623089,RNA-Seq,302,30340220110,PRJNA881948,SAMN30920943,9788161749,liver cells,GEO,public,"fastq,run.zq,sra","ncbi,gs,s3","gs.us-east1,ncbi.public,s3.us-east-1",SRX17623817,F2,GSM6590204,Illumina HiSeq 2500,PAIRED,cDNA,TRANSCRIPTOMIC,Homo sapiens,ILLUMINA,2023-03-01T00:00:00Z,2022-09-19T16:34:00Z,1,GSM6590204,liver cells,SRP398015
SRR21623090,RNA-Seq,302,30137252554,PRJNA881948,SAMN30920944,9573828897,liver cells,GEO,public,"fastq,run.zq,sra","ncbi,s3,gs","s3.us-east-1,ncbi.public,gs.us-east1",SRX17623818,F0F1,GSM6590205,Illumina HiSeq 2500,PAIRED,cDNA,TRANSCRIPTOMIC,Homo sapiens,ILLUMINA,2023-03-01T00:00:00Z,2022-09-19T12:20:00Z,1,GSM6590205,liver cells,SRP398015
SRR21623091,RNA-Seq,302,25117646530,PRJNA881948,SAMN30919825,7972589928,liver cells,GEO,public,"run.zq,fastq,sra","s3,ncbi,gs","s3.us-east-1,ncbi.public,gs.us-east1",SRX17623819,F3F4,GSM6590206,Illumina HiSeq 2500,PAIRED,cDNA,TRANSCRIPTOMIC,Homo sapiens,ILLUMINA,2023-03-01T00:00:00Z,2022-09-19T12:34:00Z,1,GSM6590206,liver cells,SRP398015
SRR21623092,RNA-Seq,302,26996879280,PRJNA881948,SAMN30919826,8745618057,liver cells,GEO,public,"sra,run.zq,fastq","s3,ncbi,gs","s3.us-east-1,ncbi.public,gs.us-east1",SRX17623820,F2,GSM6590207,Illumina HiSeq 2500,PAIRED,cDNA,TRANSCRIPTOMIC,Homo sapiens,ILLUMINA,2023-03-01T00:00:00Z,2022-09-19T12:08:00Z,1,GSM6590207,liver cells,SRP398015
SRR21623098,RNA-Seq,302,37619981752,PRJNA881948,SAMN30919832,11987793337,liver cells,GEO,public,"sra,fastq,run.zq","ncbi,s3,gs","s3.us-east-1,ncbi.public,gs.us-east1",SRX17623826,F0F1,GSM6590213,Illumina HiSeq 2500,PAIRED,cDNA,TRANSCRIPTOMIC,Homo sapiens,ILLUMINA,2023-03-01T00:00:00Z,2022-09-19T15:17:00Z,1,GSM6590213,liver cells,SRP398015
SRR21623099,RNA-Seq,302,18069794312,PRJNA881948,SAMN30919833,5383226662,liver cells,GEO,public,"sra,fastq,run.zq","s3,gs,ncbi","ncbi.public,s3.us-east-1,gs.us-east1",SRX17623827,F0F1,GSM6590214,Illumina HiSeq 2500,PAIRED,cDNA,TRANSCRIPTOMIC,Homo sapiens,ILLUMINA,2023-03-01T00:00:00Z,2022-09-19T11:31:00Z,1,GSM6590214,liver cells,SRP398015
SRR21623100,RNA-Seq,302,28594167548,PRJNA881948,SAMN30919834,8956011630,liver cells,GEO,public,"fastq,run.zq,sra","s3,ncbi,gs","s3.us-east-1,ncbi.public,gs.us-east1",SRX17623828,F3F4,GSM6590215,Illumina HiSeq 2500,PAIRED,cDNA,TRANSCRIPTOMIC,Homo sapiens,ILLUMINA,2023-03-01T00:00:00Z,2022-09-19T12:06:00Z,1,GSM6590215,liver cells,SRP398015
SRR21623106,RNA-Seq,302,16672742312,PRJNA881948,SAMN30919840,5185406626,liver cells,GEO,public,"run.zq,sra,fastq","s3,gs,ncbi","s3.us-east-1,gs.us-east1,ncbi.public",SRX17623834,F3F4,GSM6590221,Illumina HiSeq 2500,PAIRED,cDNA,TRANSCRIPTOMIC,Homo sapiens,ILLUMINA,2023-03-01T00:00:00Z,2022-09-19T11:23:00Z,1,GSM6590221,liver cells,SRP398015
SRR21623108,RNA-Seq,302,38533871502,PRJNA881948,SAMN30919842,11998774878,liver cells,GEO,public,"sra,fastq,run.zq","ncbi,gs,s3","s3.us-east-1,ncbi.public,gs.us-east1",SRX17623836,F2,GSM6590223,Illumina HiSeq 2500,PAIRED,cDNA,TRANSCRIPTOMIC,Homo sapiens,ILLUMINA,2023-03-01T00:00:00Z,2022-09-19T12:52:00Z,1,GSM6590223,liver cells,SRP398015
SRR21623109,RNA-Seq,302,34095728426,PRJNA881948,SAMN30919843,10839922626,liver cells,GEO,public,"run.zq,fastq,sra","ncbi,s3,gs","s3.us-east-1,gs.us-east1,ncbi.public",SRX17623837,F0F1,GSM6590224,Illumina HiSeq 2500,PAIRED,cDNA,TRANSCRIPTOMIC,Homo sapiens,ILLUMINA,2023-03-01T00:00:00Z,2022-09-19T13:42:00Z,1,GSM6590224,liver cells,SRP398015
SRR21623110,RNA-Seq,302,18646566596,PRJNA881948,SAMN30919844,5581294112,liver cells,GEO,public,"fastq,sra,run.zq","ncbi,gs,s3","ncbi.public,gs.us-east1,s3.us-east-1",SRX17623982,F2,GSM6590225,Illumina HiSeq 2500,PAIRED,cDNA,TRANSCRIPTOMIC,Homo sapiens,ILLUMINA,2023-03-01T00:00:00Z,2022-09-19T11:26:00Z,1,GSM6590225,liver cells,SRP398015
SRR21623111,RNA-Seq,302,28001342454,PRJNA881948,SAMN30919845,9044376105,liver cells,GEO,public,"run.zq,fastq,sra","gs,ncbi,s3","gs.us-east1,s3.us-east-1,ncbi.public",SRX17623983,F2,GSM6590226,Illumina HiSeq 2500,PAIRED,cDNA,TRANSCRIPTOMIC,Homo sapiens,ILLUMINA,2023-03-01T00:00:00Z,2022-09-19T12:14:00Z,1,GSM6590226,liver cells,SRP398015
SRR21623118,RNA-Seq,302,38934861666,PRJNA881948,SAMN30919852,12237282161,liver cells,GEO,public,"fastq,run.zq,sra","gs,s3,ncbi","s3.us-east-1,ncbi.public,gs.us-east1",SRX17623990,F2,GSM6590233,Illumina HiSeq 2500,PAIRED,cDNA,TRANSCRIPTOMIC,Homo sapiens,ILLUMINA,2023-03-01T00:00:00Z,2022-09-19T13:05:00Z,1,GSM6590233,liver cells,SRP398015
SRR21623119,RNA-Seq,302,38621685854,PRJNA881948,SAMN30919853,12486966555,liver cells,GEO,public,"sra,fastq,run.zq","ncbi,gs,s3","s3.us-east-1,gs.us-east1,ncbi.public",SRX17623991,F3F4,GSM6590234,Illumina HiSeq 2500,PAIRED,cDNA,TRANSCRIPTOMIC,Homo sapiens,ILLUMINA,2023-03-01T00:00:00Z,2022-09-19T17:33:00Z,1,GSM6590234,liver cells,SRP398015
SRR21623120,RNA-Seq,302,35638001354,PRJNA881948,SAMN30919854,11456493968,liver cells,GEO,public,"run.zq,sra,fastq","s3,gs,ncbi","gs.us-east1,s3.us-east-1,ncbi.public",SRX17623992,F0F1,GSM6590235,Illumina HiSeq 2500,PAIRED,cDNA,TRANSCRIPTOMIC,Homo sapiens,ILLUMINA,2023-03-01T00:00:00Z,2022-09-19T12:14:00Z,1,GSM6590235,liver cells,SRP398015
SRR21623125,RNA-Seq,302,29256730180,PRJNA881948,SAMN30919460,9567144250,liver cells,GEO,public,"sra,run.zq,fastq","gs,ncbi,s3","ncbi.public,s3.us-east-1,gs.us-east1",SRX17623997,F0F1,GSM6590240,Illumina HiSeq 2500,PAIRED,cDNA,TRANSCRIPTOMIC,Homo sapiens,ILLUMINA,2023-03-01T00:00:00Z,2022-09-19T21:14:00Z,1,GSM6590240,liver cells,SRP398015
SRR21623126,RNA-Seq,302,27328549270,PRJNA881948,SAMN30919461,8791667557,liver cells,GEO,public,"fastq,run.zq,sra","ncbi,s3,gs","ncbi.public,s3.us-east-1,gs.us-east1",SRX17623998,F3F4,GSM6590241,Illumina HiSeq 2500,PAIRED,cDNA,TRANSCRIPTOMIC,Homo sapiens,ILLUMINA,2023-03-01T00:00:00Z,2022-09-19T11:57:00Z,1,GSM6590241,liver cells,SRP398015
SRR21623127,RNA-Seq,302,32757921880,PRJNA881948,SAMN30919462,10434093912,liver cells,GEO,public,"sra,run.zq,fastq","s3,gs,ncbi","gs.us-east1,s3.us-east-1,ncbi.public",SRX17623999,F0F1,GSM6590242,Illumina HiSeq 2500,PAIRED,cDNA,TRANSCRIPTOMIC,Homo sapiens,ILLUMINA,2023-03-01T00:00:00Z,2022-09-19T16:18:00Z,1,GSM6590242,liver cells,SRP398015
SRR21623128,RNA-Seq,302,35497459916,PRJNA881948,SAMN30919463,11228658244,liver cells,GEO,public,"fastq,run.zq,sra","gs,ncbi,s3","ncbi.public,s3.us-east-1,gs.us-east1",SRX17624000,F3F4,GSM6590243,Illumina HiSeq 2500,PAIRED,cDNA,TRANSCRIPTOMIC,Homo sapiens,ILLUMINA,2023-03-01T00:00:00Z,2022-09-19T12:55:00Z,1,GSM6590243,liver cells,SRP398015
SRR21623129,RNA-Seq,302,40551371630,PRJNA881948,SAMN30919464,13138921992,liver cells,GEO,public,"run.zq,sra,fastq","gs,ncbi,s3","ncbi.public,s3.us-east-1,gs.us-east1",SRX17624001,F2,GSM6590244,Illumina HiSeq 2500,PAIRED,cDNA,TRANSCRIPTOMIC,Homo sapiens,ILLUMINA,2023-03-01T00:00:00Z,2022-09-19T13:13:00Z,1,GSM6590244,liver cells,SRP398015
SRR21623130,RNA-Seq,302,23940291074,PRJNA881948,SAMN30919465,7583145892,liver cells,GEO,public,"sra,fastq,run.zq","ncbi,s3,gs","gs.us-east1,ncbi.public,s3.us-east-1",SRX17624002,F0F1,GSM6590245,Illumina HiSeq 2500,PAIRED,cDNA,TRANSCRIPTOMIC,Homo sapiens,ILLUMINA,2023-03-01T00:00:00Z,2022-09-19T13:43:00Z,1,GSM6590245,liver cells,SRP398015
SRR21623132,RNA-Seq,302,38979740980,PRJNA881948,SAMN30919467,12310034538,liver cells,GEO,public,"sra,fastq,run.zq","ncbi,s3,gs","s3.us-east-1,gs.us-east1,ncbi.public",SRX17624004,F0F1,GSM6590247,Illumina HiSeq 2500,PAIRED,cDNA,TRANSCRIPTOMIC,Homo sapiens,ILLUMINA,2023-03-01T00:00:00Z,2022-09-19T12:34:00Z,1,GSM6590247,liver cells,SRP398015
SRR21623133,RNA-Seq,302,34156829066,PRJNA881948,SAMN30919468,10983315642,liver cells,GEO,public,"run.zq,fastq,sra","s3,ncbi,gs","s3.us-east-1,gs.us-east1,ncbi.public",SRX17624005,Control,GSM6590248,Illumina HiSeq 2500,PAIRED,cDNA,TRANSCRIPTOMIC,Homo sapiens,ILLUMINA,2023-03-01T00:00:00Z,2022-09-19T12:07:00Z,1,GSM6590248,liver cells,SRP398015
SRR21623134,RNA-Seq,302,14512197166,PRJNA881948,SAMN30919469,4327298518,liver cells,GEO,public,"sra,run.zq,fastq","ncbi,gs,s3","gs.us-east1,ncbi.public,s3.us-east-1",SRX17623886,F3F4,GSM6590249,Illumina HiSeq 2500,PAIRED,cDNA,TRANSCRIPTOMIC,Homo sapiens,ILLUMINA,2023-03-01T00:00:00Z,2022-09-19T11:19:00Z,1,GSM6590249,liver cells,SRP398015
SRR21623135,RNA-Seq,302,15979356956,PRJNA881948,SAMN30919470,4765969366,liver cells,GEO,public,"sra,fastq,run.zq","ncbi,gs,s3","ncbi.public,gs.us-east1,s3.us-east-1",SRX17623887,F0F1,GSM6590250,Illumina HiSeq 2500,PAIRED,cDNA,TRANSCRIPTOMIC,Homo sapiens,ILLUMINA,2023-03-01T00:00:00Z,2022-09-19T11:37:00Z,1,GSM6590250,liver cells,SRP398015
SRR21623145,RNA-Seq,302,34824267488,PRJNA881948,SAMN30919480,11144525227,liver cells,GEO,public,"sra,run.zq,fastq","s3,ncbi,gs","s3.us-east-1,ncbi.public,gs.us-east1",SRX17623897,F3F4,GSM6590260,Illumina HiSeq 2500,PAIRED,cDNA,TRANSCRIPTOMIC,Homo sapiens,ILLUMINA,2023-03-01T00:00:00Z,2022-09-19T13:39:00Z,1,GSM6590260,liver cells,SRP398015
SRR21623146,RNA-Seq,302,33604227050,PRJNA881948,SAMN30919820,10736855201,liver cells,GEO,public,"sra,fastq,run.zq","s3,gs,ncbi","gs.us-east1,ncbi.public,s3.us-east-1",SRX17623898,F3F4,GSM6590261,Illumina HiSeq 2500,PAIRED,cDNA,TRANSCRIPTOMIC,Homo sapiens,ILLUMINA,2023-03-01T00:00:00Z,2022-09-19T13:23:00Z,1,GSM6590261,liver cells,SRP398015
SRR21623147,RNA-Seq,302,24788962414,PRJNA881948,SAMN30919821,8000344166,liver cells,GEO,public,"fastq,sra,run.zq","ncbi,s3,gs","ncbi.public,s3.us-east-1,gs.us-east1",SRX17623899,F3F4,GSM6590262,Illumina HiSeq 2500,PAIRED,cDNA,TRANSCRIPTOMIC,Homo sapiens,ILLUMINA,2023-03-01T00:00:00Z,2022-09-19T11:41:00Z,1,GSM6590262,liver cells,SRP398015
SRR21623148,RNA-Seq,302,32068891062,PRJNA881948,SAMN30919822,10040687443,liver cells,GEO,public,"fastq,run.zq,sra","gs,s3,ncbi","s3.us-east-1,ncbi.public,gs.us-east1",SRX17623900,F0F1,GSM6590263,Illumina HiSeq 2500,PAIRED,cDNA,TRANSCRIPTOMIC,Homo sapiens,ILLUMINA,2023-03-01T00:00:00Z,2022-09-19T12:13:00Z,1,GSM6590263,liver cells,SRP398015
SRR21623149,RNA-Seq,302,34702406864,PRJNA881948,SAMN30919823,11136329665,liver cells,GEO,public,"run.zq,fastq,sra","gs,s3,ncbi","gs.us-east1,ncbi.public,s3.us-east-1",SRX17623901,F2,GSM6590264,Illumina HiSeq 2500,PAIRED,cDNA,TRANSCRIPTOMIC,Homo sapiens,ILLUMINA,2023-03-01T00:00:00Z,2022-09-19T14:36:00Z,1,GSM6590264,liver cells,SRP398015
SRR21623152,RNA-Seq,302,48806152050,PRJNA881948,SAMN30920946,15232262995,liver cells,GEO,public,"sra,fastq,run.zq","ncbi,gs,s3","gs.us-east1,ncbi.public,s3.us-east-1",SRX17623904,F2,GSM6590267,Illumina HiSeq 2500,PAIRED,cDNA,TRANSCRIPTOMIC,Homo sapiens,ILLUMINA,2023-03-01T00:00:00Z,2022-09-19T16:01:00Z,1,GSM6590267,liver cells,SRP398015
SRR21623153,RNA-Seq,302,36971279108,PRJNA881948,SAMN30920947,12238453715,liver cells,GEO,public,"fastq,sra,run.zq","gs,ncbi,s3","s3.us-east-1,ncbi.public,gs.us-east1",SRX17623905,F3F4,GSM6590268,Illumina HiSeq 2500,PAIRED,cDNA,TRANSCRIPTOMIC,Homo sapiens,ILLUMINA,2023-03-01T00:00:00Z,2022-09-19T12:04:00Z,1,GSM6590268,liver cells,SRP398015
SRR21623154,RNA-Seq,302,26152003778,PRJNA881948,SAMN30920948,8481277666,liver cells,GEO,public,"fastq,sra,run.zq","ncbi,gs,s3","ncbi.public,s3.us-east-1,gs.us-east1",SRX17623906,F2,GSM6590269,Illumina HiSeq 2500,PAIRED,cDNA,TRANSCRIPTOMIC,Homo sapiens,ILLUMINA,2023-03-01T00:00:00Z,2022-09-19T11:50:00Z,1,GSM6590269,liver cells,SRP398015
SRR21623155,RNA-Seq,302,15155893858,PRJNA881948,SAMN30920949,4495240222,liver cells,GEO,public,"fastq,run.zq,sra","s3,ncbi,gs","ncbi.public,gs.us-east1,s3.us-east-1",SRX17623907,F3F4,GSM6590270,Illumina HiSeq 2500,PAIRED,cDNA,TRANSCRIPTOMIC,Homo sapiens,ILLUMINA,2023-03-01T00:00:00Z,2022-09-19T11:28:00Z,1,GSM6590270,liver cells,SRP398015
SRR21623156,RNA-Seq,302,28634491494,PRJNA881948,SAMN30920950,8400260887,liver cells,GEO,public,"sra,fastq,run.zq","gs,s3,ncbi","ncbi.public,gs.us-east1,s3.us-east-1",SRX17623908,F3F4,GSM6590271,Illumina HiSeq 2500,PAIRED,cDNA,TRANSCRIPTOMIC,Homo sapiens,ILLUMINA,2023-03-01T00:00:00Z,2022-09-19T12:10:00Z,1,GSM6590271,liver cells,SRP398015
SRR21623158,RNA-Seq,302,21719686282,PRJNA881948,SAMN30920952,7087299488,liver cells,GEO,public,"run.zq,fastq,sra","gs,s3,ncbi","gs.us-east1,s3.us-east-1,ncbi.public",SRX17623766,F3F4,GSM6590273,Illumina HiSeq 2500,PAIRED,cDNA,TRANSCRIPTOMIC,Homo sapiens,ILLUMINA,2023-03-01T00:00:00Z,2022-09-19T13:33:00Z,1,GSM6590273,liver cells,SRP398015
SRR21623159,RNA-Seq,302,24764149490,PRJNA881948,SAMN30920953,7862375953,liver cells,GEO,public,"run.zq,sra,fastq","ncbi,gs,s3","ncbi.public,gs.us-east1,s3.us-east-1",SRX17623767,F2,GSM6590274,Illumina HiSeq 2500,PAIRED,cDNA,TRANSCRIPTOMIC,Homo sapiens,ILLUMINA,2023-03-01T00:00:00Z,2022-09-19T12:50:00Z,1,GSM6590274,liver cells,SRP398015
SRR21623160,RNA-Seq,302,31188753738,PRJNA881948,SAMN30920954,9145728657,liver cells,GEO,public,"sra,run.zq,fastq","gs,s3,ncbi","ncbi.public,s3.us-east-1,gs.us-east1",SRX17623768,F0F1,GSM6590275,Illumina HiSeq 2500,PAIRED,cDNA,TRANSCRIPTOMIC,Homo sapiens,ILLUMINA,2023-03-01T00:00:00Z,2022-09-19T15:14:00Z,1,GSM6590275,liver cells,SRP398015
SRR21623161,RNA-Seq,302,34046597556,PRJNA881948,SAMN30920955,10374748260,liver cells,GEO,public,"run.zq,sra,fastq","gs,ncbi,s3","s3.us-east-1,ncbi.public,gs.us-east1",SRX17623769,F3F4,GSM6590276,Illumina HiSeq 2500,PAIRED,cDNA,TRANSCRIPTOMIC,Homo sapiens,ILLUMINA,2023-03-01T00:00:00Z,2022-09-19T13:03:00Z,1,GSM6590276,liver cells,SRP398015
SRR21623167,RNA-Seq,302,31004984020,PRJNA881948,SAMN30920961,9673532146,liver cells,GEO,public,"fastq,run.zq,sra","s3,ncbi,gs","gs.us-east1,s3.us-east-1,ncbi.public",SRX17623775,F0F1,GSM6590282,Illumina HiSeq 2500,PAIRED,cDNA,TRANSCRIPTOMIC,Homo sapiens,ILLUMINA,2023-03-01T00:00:00Z,2022-09-19T15:45:00Z,1,GSM6590282,liver cells,SRP398015
SRR21623168,RNA-Seq,302,30880165608,PRJNA881948,SAMN30920962,9889209029,liver cells,GEO,public,"fastq,run.zq,sra","gs,s3,ncbi","s3.us-east-1,gs.us-east1,ncbi.public",SRX17623776,F3F4,GSM6590283,Illumina HiSeq 2500,PAIRED,cDNA,TRANSCRIPTOMIC,Homo sapiens,ILLUMINA,2023-03-01T00:00:00Z,2022-09-19T13:02:00Z,1,GSM6590283,liver cells,SRP398015
SRR21623169,RNA-Seq,302,31118720240,PRJNA881948,SAMN30920963,9941838743,liver cells,GEO,public,"fastq,sra,run.zq","s3,ncbi,gs","ncbi.public,gs.us-east1,s3.us-east-1",SRX17623777,F0F1,GSM6590284,Illumina HiSeq 2500,PAIRED,cDNA,TRANSCRIPTOMIC,Homo sapiens,ILLUMINA,2023-03-01T00:00:00Z,2022-09-19T15:26:00Z,1,GSM6590284,liver cells,SRP398015
SRR21623170,RNA-Seq,302,34920566832,PRJNA881948,SAMN30920964,11226812632,liver cells,GEO,public,"run.zq,sra,fastq","ncbi,s3,gs","s3.us-east-1,gs.us-east1,ncbi.public",SRX17623778,F3F4,GSM6590285,Illumina HiSeq 2500,PAIRED,cDNA,TRANSCRIPTOMIC,Homo sapiens,ILLUMINA,2023-03-01T00:00:00Z,2022-09-19T15:25:00Z,1,GSM6590285,liver cells,SRP398015
SRR21623171,RNA-Seq,302,22957646192,PRJNA881948,SAMN30920965,7485027505,liver cells,GEO,public,"fastq,run.zq,sra","ncbi,s3,gs","s3.us-east-1,ncbi.public,gs.us-east1",SRX17623779,F0F1,GSM6590286,Illumina HiSeq 2500,PAIRED,cDNA,TRANSCRIPTOMIC,Homo sapiens,ILLUMINA,2023-03-01T00:00:00Z,2022-09-19T13:31:00Z,1,GSM6590286,liver cells,SRP398015
SRR21623179,RNA-Seq,302,26417460872,PRJNA881948,SAMN30920973,8389685728,liver cells,GEO,public,"run.zq,sra,fastq","gs,ncbi,s3","gs.us-east1,ncbi.public,s3.us-east-1",SRX17623787,F0F1,GSM6590294,Illumina HiSeq 2500,PAIRED,cDNA,TRANSCRIPTOMIC,Homo sapiens,ILLUMINA,2023-03-01T00:00:00Z,2022-09-19T12:26:00Z,1,GSM6590294,liver cells,SRP398015
SRR21623180,RNA-Seq,302,32842910720,PRJNA881948,SAMN30920974,10286847887,liver cells,GEO,public,"run.zq,fastq,sra","ncbi,s3,gs","ncbi.public,s3.us-east-1,gs.us-east1",SRX17623788,F3F4,GSM6590295,Illumina HiSeq 2500,PAIRED,cDNA,TRANSCRIPTOMIC,Homo sapiens,ILLUMINA,2023-03-01T00:00:00Z,2022-09-19T12:40:00Z,1,GSM6590295,liver cells,SRP398015
SRR21623181,RNA-Seq,302,23363395574,PRJNA881948,SAMN30921010,7370009845,liver cells,GEO,public,"sra,fastq,run.zq","s3,gs,ncbi","ncbi.public,s3.us-east-1,gs.us-east1",SRX17623789,F0F1,GSM6590296,Illumina HiSeq 2500,PAIRED,cDNA,TRANSCRIPTOMIC,Homo sapiens,ILLUMINA,2023-03-01T00:00:00Z,2022-09-19T11:40:00Z,1,GSM6590296,liver cells,SRP398015
SRR21623187,RNA-Seq,302,26255797856,PRJNA881948,SAMN30921016,8242885907,liver cells,GEO,public,"run.zq,sra,fastq","ncbi,s3,gs","ncbi.public,gs.us-east1,s3.us-east-1",SRX17624011,F3F4,GSM6590302,Illumina HiSeq 2500,PAIRED,cDNA,TRANSCRIPTOMIC,Homo sapiens,ILLUMINA,2023-03-01T00:00:00Z,2022-09-19T12:54:00Z,1,GSM6590302,liver cells,SRP398015
SRR21623190,RNA-Seq,302,19670566754,PRJNA881948,SAMN30921019,6118951920,liver cells,GEO,public,"sra,run.zq,fastq","ncbi,s3,gs","gs.us-east1,ncbi.public,s3.us-east-1",SRX17624014,F3F4,GSM6590305,Illumina HiSeq 2500,PAIRED,cDNA,TRANSCRIPTOMIC,Homo sapiens,ILLUMINA,2023-03-01T00:00:00Z,2022-09-19T11:14:00Z,1,GSM6590305,liver cells,SRP398015
SRR21623191,RNA-Seq,302,27608999758,PRJNA881948,SAMN30921020,8782627465,liver cells,GEO,public,"fastq,run.zq,sra","s3,ncbi,gs","ncbi.public,s3.us-east-1,gs.us-east1",SRX17624015,F3F4,GSM6590306,Illumina HiSeq 2500,PAIRED,cDNA,TRANSCRIPTOMIC,Homo sapiens,ILLUMINA,2023-03-01T00:00:00Z,2022-09-19T12:18:00Z,1,GSM6590306,liver cells,SRP398015
SRR21623192,RNA-Seq,302,19418771838,PRJNA881948,SAMN30921021,6111133674,liver cells,GEO,public,"sra,run.zq,fastq","gs,ncbi,s3","ncbi.public,gs.us-east1,s3.us-east-1",SRX17624016,F3F4,GSM6590307,Illumina HiSeq 2500,PAIRED,cDNA,TRANSCRIPTOMIC,Homo sapiens,ILLUMINA,2023-03-01T00:00:00Z,2022-09-19T11:21:00Z,1,GSM6590307,liver cells,SRP398015
